Region,Resource,Zone,Cluster,AnnualSum
NENG_Rest,NENG_Rest_conventional_hydroelectric_1,1,1,5.7196104398514606e7
NY_Z_A,NY_Z_A_conventional_hydroelectric_1,2,1,6.773461306321134e7
NY_Z_B,NY_Z_B_conventional_hydroelectric_1,3,1,0.0
NY_Z_C&E,NY_Z_C&E_conventional_hydroelectric_1,4,1,1.5272666280575146e6
NY_Z_D,NY_Z_D_conventional_hydroelectric_1,5,1,2.699723276334483e7
NY_Z_F,NY_Z_F_conventional_hydroelectric_1,6,1,7.660150849837228e6
PJM_EMAC,PJM_EMAC_conventional_hydroelectric_1,10,1,5.1763760508456565e7
PJM_Rest,PJM_Rest_conventional_hydroelectric_1,11,1,7.509342126252496e7
NENG_Rest,NENG_Rest_conventional_steam_coal_1,1,1,5.882827772014927e7
NENG_Rest,NENG_Rest_natural_gas_fired_combined_cycle_1,1,1,6.692979119134234e7
NENG_Rest,NENG_Rest_natural_gas_fired_combined_cycle_2,1,2,6.268154477200142e8
NENG_Rest,NENG_Rest_natural_gas_fired_combustion_turbine_1,1,1,2.658271666062863e7
NENG_Rest,NENG_Rest_natural_gas_fired_combustion_turbine_2,1,2,7.375564197036116e-10
NENG_Rest,NENG_Rest_nuclear_1,1,1,7.793541369537917e7
NY_Z_A,NY_Z_A_natural_gas_fired_combined_cycle_1,2,1,0.0
NY_Z_A,NY_Z_A_natural_gas_fired_combustion_turbine_1,2,1,375604.73029262567
NY_Z_A,NY_Z_A_natural_gas_steam_turbine_1,2,1,2.2198174971380685e6
NY_Z_B,NY_Z_B_natural_gas_fired_combined_cycle_1,3,1,0.0
NY_Z_B,NY_Z_B_natural_gas_fired_combustion_turbine_1,3,1,0.0
NY_Z_B,NY_Z_B_natural_gas_steam_turbine_1,3,1,0.0
NY_Z_B,NY_Z_B_nuclear_1,3,1,3.876545029821514e7
NY_Z_C&E,NY_Z_C&E_natural_gas_fired_combined_cycle_1,4,1,3.386179348580779e7
NY_Z_C&E,NY_Z_C&E_natural_gas_steam_turbine_1,4,1,0.0
NY_Z_C&E,NY_Z_C&E_nuclear_1,4,1,1.9045428740205634e8
NY_Z_D,NY_Z_D_natural_gas_fired_combined_cycle_1,5,1,2.7614469745482625e6
NY_Z_D,NY_Z_D_natural_gas_fired_combined_cycle_2,5,2,0.0
NY_Z_F,NY_Z_F_natural_gas_fired_combined_cycle_1,6,1,1.1241436780818525e8
NY_Z_F,NY_Z_F_natural_gas_fired_combined_cycle_2,6,2,2.64106062820045e-9
NY_Z_F,NY_Z_F_natural_gas_fired_combustion_turbine_1,6,1,0.0
NY_Z_G-I,NY_Z_G-I_natural_gas_fired_combined_cycle_1,7,1,4.2762693753573775e7
NY_Z_G-I,NY_Z_G-I_natural_gas_fired_combined_cycle_2,7,2,0.0
NY_Z_G-I,NY_Z_G-I_natural_gas_fired_combustion_turbine_1,7,1,650253.7436886672
NY_Z_G-I,NY_Z_G-I_natural_gas_fired_combustion_turbine_2,7,2,130987.11621525776
NY_Z_J,NY_Z_J_natural_gas_fired_combined_cycle_1,8,1,3.0801038695214953e-9
NY_Z_J,NY_Z_J_natural_gas_fired_combined_cycle_2,8,2,1.0088131562137808e8
NY_Z_J,NY_Z_J_natural_gas_fired_combustion_turbine_1,8,1,-2.5047741417145275e-9
NY_Z_J,NY_Z_J_natural_gas_fired_combustion_turbine_2,8,2,2.0912127322847813e7
NY_Z_K,NY_Z_K_natural_gas_fired_combined_cycle_1,9,1,1.2244670742073825e7
NY_Z_K,NY_Z_K_natural_gas_fired_combined_cycle_2,9,2,2.494675000155475e7
NY_Z_K,NY_Z_K_natural_gas_fired_combustion_turbine_1,9,1,0.0
NY_Z_K,NY_Z_K_natural_gas_fired_combustion_turbine_2,9,2,-7.13538521806914e-9
PJM_EMAC,PJM_EMAC_conventional_steam_coal_1,10,1,0.0
PJM_EMAC,PJM_EMAC_natural_gas_fired_combined_cycle_1,10,1,2.4334301488633177e8
PJM_EMAC,PJM_EMAC_natural_gas_fired_combined_cycle_2,10,2,1.3141578569496474e9
PJM_EMAC,PJM_EMAC_natural_gas_fired_combined_cycle_3,10,3,4.51730861474059e-9
PJM_EMAC,PJM_EMAC_natural_gas_fired_combustion_turbine_1,10,1,0.0
PJM_EMAC,PJM_EMAC_natural_gas_fired_combustion_turbine_2,10,2,-6.661220232685284e-8
PJM_EMAC,PJM_EMAC_natural_gas_steam_turbine_1,10,1,4.7265159416485414e7
PJM_EMAC,PJM_EMAC_nuclear_1,10,1,8.341258307341268e8
PJM_EMAC,PJM_EMAC_nuclear_2,10,2,0.0
PJM_Rest,PJM_Rest_conventional_steam_coal_1,11,1,4.76965555732662e9
PJM_Rest,PJM_Rest_natural_gas_fired_combined_cycle_1,11,1,1.9986962685724103e8
PJM_Rest,PJM_Rest_natural_gas_fired_combined_cycle_2,11,2,1.9669374535348172e9
PJM_Rest,PJM_Rest_natural_gas_fired_combustion_turbine_1,11,1,3.345629817336534e7
PJM_Rest,PJM_Rest_natural_gas_fired_combustion_turbine_2,11,2,9.547182632023541e-9
PJM_Rest,PJM_Rest_natural_gas_fired_combustion_turbine_3,11,3,0.0
PJM_Rest,PJM_Rest_natural_gas_fired_combustion_turbine_4,11,4,-2.820063049852026e-9
PJM_Rest,PJM_Rest_nuclear_1,11,1,9.476913309169241e8
NENG_Rest,NENG_Rest_naturalgas_ccavgcf_moderate_0,1,0,0.0
NENG_Rest,NENG_Rest_naturalgas_ctavgcf_moderate_0,1,0,0.0
NENG_Rest,NENG_Rest_nuclear_nuclear_moderate_0,1,0,0.0
NENG_Rest,NENG_Rest_naturalgas_ccs100_moderate_0,1,0,0.0
NY_Z_A,NY_Z_A_naturalgas_ccavgcf_moderate_0,2,0,0.0
NY_Z_A,NY_Z_A_naturalgas_ctavgcf_moderate_0,2,0,0.0
NY_Z_A,NY_Z_A_nuclear_nuclear_moderate_0,2,0,0.0
NY_Z_A,NY_Z_A_naturalgas_ccs100_moderate_0,2,0,0.0
NY_Z_B,NY_Z_B_naturalgas_ccavgcf_moderate_0,3,0,0.0
NY_Z_B,NY_Z_B_naturalgas_ctavgcf_moderate_0,3,0,0.0
NY_Z_B,NY_Z_B_nuclear_nuclear_moderate_0,3,0,0.0
NY_Z_B,NY_Z_B_naturalgas_ccs100_moderate_0,3,0,0.0
NY_Z_C&E,NY_Z_C&E_naturalgas_ccavgcf_moderate_0,4,0,0.0
NY_Z_C&E,NY_Z_C&E_naturalgas_ctavgcf_moderate_0,4,0,0.0
NY_Z_C&E,NY_Z_C&E_nuclear_nuclear_moderate_0,4,0,0.0
NY_Z_C&E,NY_Z_C&E_naturalgas_ccs100_moderate_0,4,0,0.0
NY_Z_D,NY_Z_D_naturalgas_ccavgcf_moderate_0,5,0,0.0
NY_Z_D,NY_Z_D_naturalgas_ctavgcf_moderate_0,5,0,0.0
NY_Z_D,NY_Z_D_nuclear_nuclear_moderate_0,5,0,0.0
NY_Z_D,NY_Z_D_naturalgas_ccs100_moderate_0,5,0,0.0
NY_Z_F,NY_Z_F_naturalgas_ccavgcf_moderate_0,6,0,0.0
NY_Z_F,NY_Z_F_naturalgas_ctavgcf_moderate_0,6,0,0.0
NY_Z_F,NY_Z_F_nuclear_nuclear_moderate_0,6,0,0.0
NY_Z_F,NY_Z_F_naturalgas_ccs100_moderate_0,6,0,0.0
NY_Z_G-I,NY_Z_G-I_naturalgas_ccavgcf_moderate_0,7,0,0.0
NY_Z_G-I,NY_Z_G-I_naturalgas_ctavgcf_moderate_0,7,0,0.0
NY_Z_G-I,NY_Z_G-I_nuclear_nuclear_moderate_0,7,0,3.1813393359710004e7
NY_Z_G-I,NY_Z_G-I_naturalgas_ccs100_moderate_0,7,0,0.0
NY_Z_J,NY_Z_J_naturalgas_ccavgcf_moderate_0,8,0,0.0
NY_Z_J,NY_Z_J_naturalgas_ctavgcf_moderate_0,8,0,0.0
NY_Z_J,NY_Z_J_nuclear_nuclear_moderate_0,8,0,0.0
NY_Z_J,NY_Z_J_naturalgas_ccs100_moderate_0,8,0,0.0
NY_Z_K,NY_Z_K_naturalgas_ccavgcf_moderate_0,9,0,0.0
NY_Z_K,NY_Z_K_naturalgas_ctavgcf_moderate_0,9,0,0.0
NY_Z_K,NY_Z_K_nuclear_nuclear_moderate_0,9,0,0.0
NY_Z_K,NY_Z_K_naturalgas_ccs100_moderate_0,9,0,0.0
PJM_EMAC,PJM_EMAC_naturalgas_ccavgcf_moderate_0,10,0,3.620073070973476e8
PJM_EMAC,PJM_EMAC_naturalgas_ctavgcf_moderate_0,10,0,0.0
PJM_EMAC,PJM_EMAC_nuclear_nuclear_moderate_0,10,0,0.0
PJM_EMAC,PJM_EMAC_naturalgas_ccs100_moderate_0,10,0,0.0
PJM_Rest,PJM_Rest_naturalgas_ccccsavgcf_moderate_0,11,0,0.0
PJM_Rest,PJM_Rest_naturalgas_ccavgcf_moderate_0,11,0,1.640650909218741e9
PJM_Rest,PJM_Rest_naturalgas_ctavgcf_moderate_0,11,0,0.0
PJM_Rest,PJM_Rest_nuclear_nuclear_moderate_0,11,0,0.0
PJM_Rest,PJM_Rest_naturalgas_ccs100_moderate_0,11,0,0.0
NENG_Rest,NENG_Rest_offshore_wind_turbine_1,1,1,0.0
NENG_Rest,NENG_Rest_onshore_wind_turbine_1,1,1,1.0275147867834762e7
NENG_Rest,NENG_Rest_solar_photovoltaic_1,1,1,1.239197617321548e7
NY_Z_A,NY_Z_A_onshore_wind_turbine_1,2,1,1.066008926684631e6
NY_Z_A,NY_Z_A_solar_photovoltaic_1,2,1,24624.502347659465
NY_Z_B,NY_Z_B_onshore_wind_turbine_1,3,1,0.0
NY_Z_B,NY_Z_B_solar_photovoltaic_1,3,1,12836.59503517437
NY_Z_C&E,NY_Z_C&E_onshore_wind_turbine_1,4,1,-2.164588284707157e6
NY_Z_C&E,NY_Z_C&E_solar_photovoltaic_1,4,1,198038.4631706765
NY_Z_D,NY_Z_D_onshore_wind_turbine_1,5,1,-3.369076666459625e6
NY_Z_D,NY_Z_D_solar_photovoltaic_1,5,1,9970.139964947548
NY_Z_F,NY_Z_F_solar_photovoltaic_1,6,1,63434.48892679272
NY_Z_G-I,NY_Z_G-I_solar_photovoltaic_1,7,1,67307.5139400785
PJM_EMAC,PJM_EMAC_solar_photovoltaic_1,10,1,2.755106430743322e7
PJM_Rest,PJM_Rest_onshore_wind_turbine_1,11,1,3.415519357240795e8
PJM_Rest,PJM_Rest_solar_photovoltaic_1,11,1,3.03828873200636e7
NENG_Rest,NENG_Rest_offshorewind_class3_advanced_fixed_1_0,1,0,7.95038904221117e7
NENG_Rest,NENG_Rest_offshorewind_class3_advanced_fixed_1_1,1,1,4.275796448447287e7
NENG_Rest,NENG_Rest_offshorewind_class3_advanced_fixed_1_2,1,2,0.0
NENG_Rest,NENG_Rest_offshorewind_class3_advanced_fixed_1_3,1,3,2.7111425192195095e7
NENG_Rest,NENG_Rest_offshorewind_class3_advanced_fixed_1_4,1,4,0.0
NENG_Rest,NENG_Rest_offshorewind_class3_advanced_fixed_1_5,1,5,0.0
NENG_Rest,NENG_Rest_offshorewind_class3_advanced_fixed_0_0,1,0,0.0
NENG_Rest,NENG_Rest_offshorewind_class3_advanced_fixed_0_1,1,1,0.0
NENG_Rest,NENG_Rest_offshorewind_class3_advanced_fixed_0_2,1,2,0.0
NENG_Rest,NENG_Rest_offshorewind_class3_advanced_fixed_0_3,1,3,0.0
NENG_Rest,NENG_Rest_offshorewind_class3_advanced_fixed_0_4,1,4,0.0
NENG_Rest,NENG_Rest_offshorewind_class3_advanced_fixed_0_5,1,5,0.0
NENG_Rest,NENG_Rest_offshorewind_class12_advanced_floating_0_0,1,0,0.0
NENG_Rest,NENG_Rest_offshorewind_class12_advanced_floating_0_1,1,1,0.0
NENG_Rest,NENG_Rest_offshorewind_class12_advanced_floating_0_2,1,2,0.0
NENG_Rest,NENG_Rest_offshorewind_class12_advanced_floating_0_3,1,3,0.0
NENG_Rest,NENG_Rest_offshorewind_class12_advanced_floating_0_4,1,4,0.0
NENG_Rest,NENG_Rest_offshorewind_class12_advanced_floating_0_5,1,5,0.0
NENG_Rest,NENG_Rest_offshorewind_class12_advanced_floating_1_0,1,0,0.0
NENG_Rest,NENG_Rest_offshorewind_class12_advanced_floating_1_1,1,1,0.0
NENG_Rest,NENG_Rest_offshorewind_class12_advanced_floating_1_2,1,2,0.0
NENG_Rest,NENG_Rest_offshorewind_class12_advanced_floating_1_3,1,3,0.0
NENG_Rest,NENG_Rest_offshorewind_class12_advanced_floating_1_4,1,4,0.0
NENG_Rest,NENG_Rest_offshorewind_class12_advanced_floating_1_5,1,5,0.0
NENG_Rest,NENG_Rest_landbasedwind_class1_advanced_1,1,1,1.214138325305436e6
NENG_Rest,NENG_Rest_landbasedwind_class1_advanced_2,1,2,1.5021145839678085e8
NENG_Rest,NENG_Rest_landbasedwind_class1_advanced_3,1,3,0.0
NENG_Rest,NENG_Rest_landbasedwind_class1_advanced_4,1,4,0.0
NENG_Rest,NENG_Rest_landbasedwind_class1_advanced_5,1,5,0.0
NENG_Rest,NENG_Rest_landbasedwind_class1_advanced_6,1,6,0.0
NENG_Rest,NENG_Rest_utilitypv_class1_advanced_1,1,1,0.0
NENG_Rest,NENG_Rest_utilitypv_class1_advanced_2,1,2,6.783891856011301e7
NENG_Rest,NENG_Rest_utilitypv_class1_advanced_3,1,3,0.0
NENG_Rest,NENG_Rest_utilitypv_class1_advanced_4,1,4,0.0
NENG_Rest,NENG_Rest_utilitypv_class1_advanced_5,1,5,0.0
NENG_Rest,NENG_Rest_utilitypv_class1_advanced_6,1,6,0.0
NY_Z_A,NY_Z_A_landbasedwind_class1_advanced_1,2,1,0.0
NY_Z_A,NY_Z_A_landbasedwind_class1_advanced_2,2,2,0.0
NY_Z_A,NY_Z_A_landbasedwind_class1_advanced_3,2,3,0.0
NY_Z_A,NY_Z_A_landbasedwind_class1_advanced_4,2,4,0.0
NY_Z_A,NY_Z_A_landbasedwind_class1_advanced_5,2,5,0.0
NY_Z_A,NY_Z_A_landbasedwind_class1_advanced_6,2,6,0.0
NY_Z_A,NY_Z_A_utilitypv_class1_advanced_1,2,1,0.0
NY_Z_A,NY_Z_A_utilitypv_class1_advanced_2,2,2,0.0
NY_Z_A,NY_Z_A_utilitypv_class1_advanced_3,2,3,0.0
NY_Z_A,NY_Z_A_utilitypv_class1_advanced_4,2,4,0.0
NY_Z_A,NY_Z_A_utilitypv_class1_advanced_5,2,5,0.0
NY_Z_A,NY_Z_A_utilitypv_class1_advanced_6,2,6,0.0
NY_Z_B,NY_Z_B_landbasedwind_class1_advanced_1,3,1,0.0
NY_Z_B,NY_Z_B_landbasedwind_class1_advanced_2,3,2,0.0
NY_Z_B,NY_Z_B_landbasedwind_class1_advanced_3,3,3,0.0
NY_Z_B,NY_Z_B_landbasedwind_class1_advanced_4,3,4,0.0
NY_Z_B,NY_Z_B_landbasedwind_class1_advanced_5,3,5,0.0
NY_Z_B,NY_Z_B_landbasedwind_class1_advanced_6,3,6,0.0
NY_Z_B,NY_Z_B_utilitypv_class1_advanced_1,3,1,-5.200757844108713e7
NY_Z_B,NY_Z_B_utilitypv_class1_advanced_2,3,2,0.0
NY_Z_B,NY_Z_B_utilitypv_class1_advanced_3,3,3,0.0
NY_Z_B,NY_Z_B_utilitypv_class1_advanced_4,3,4,0.0
NY_Z_B,NY_Z_B_utilitypv_class1_advanced_5,3,5,0.0
NY_Z_B,NY_Z_B_utilitypv_class1_advanced_6,3,6,0.0
NY_Z_C&E,NY_Z_C&E_landbasedwind_class1_advanced_1,4,1,0.0
NY_Z_C&E,NY_Z_C&E_landbasedwind_class1_advanced_2,4,2,0.0
NY_Z_C&E,NY_Z_C&E_landbasedwind_class1_advanced_3,4,3,0.0
NY_Z_C&E,NY_Z_C&E_landbasedwind_class1_advanced_4,4,4,0.0
NY_Z_C&E,NY_Z_C&E_landbasedwind_class1_advanced_5,4,5,0.0
NY_Z_C&E,NY_Z_C&E_landbasedwind_class1_advanced_6,4,6,0.0
NY_Z_C&E,NY_Z_C&E_utilitypv_class1_advanced_1,4,1,-2.7928723975441515e8
NY_Z_C&E,NY_Z_C&E_utilitypv_class1_advanced_2,4,2,0.0
NY_Z_C&E,NY_Z_C&E_utilitypv_class1_advanced_3,4,3,0.0
NY_Z_C&E,NY_Z_C&E_utilitypv_class1_advanced_4,4,4,0.0
NY_Z_C&E,NY_Z_C&E_utilitypv_class1_advanced_5,4,5,0.0
NY_Z_C&E,NY_Z_C&E_utilitypv_class1_advanced_6,4,6,0.0
NY_Z_D,NY_Z_D_landbasedwind_class1_advanced_1,5,1,0.0
NY_Z_D,NY_Z_D_landbasedwind_class1_advanced_2,5,2,-2.9880776972466893e6
NY_Z_D,NY_Z_D_landbasedwind_class1_advanced_3,5,3,0.0
NY_Z_D,NY_Z_D_landbasedwind_class1_advanced_4,5,4,0.0
NY_Z_D,NY_Z_D_landbasedwind_class1_advanced_5,5,5,0.0
NY_Z_D,NY_Z_D_landbasedwind_class1_advanced_6,5,6,0.0
NY_Z_D,NY_Z_D_utilitypv_class1_advanced_1,5,1,0.0
NY_Z_D,NY_Z_D_utilitypv_class1_advanced_2,5,2,0.0
NY_Z_D,NY_Z_D_utilitypv_class1_advanced_3,5,3,0.0
NY_Z_D,NY_Z_D_utilitypv_class1_advanced_4,5,4,0.0
NY_Z_D,NY_Z_D_utilitypv_class1_advanced_5,5,5,0.0
NY_Z_D,NY_Z_D_utilitypv_class1_advanced_6,5,6,0.0
NY_Z_F,NY_Z_F_landbasedwind_class1_advanced_1,6,1,0.0
NY_Z_F,NY_Z_F_landbasedwind_class1_advanced_2,6,2,-2.7749177110347464e6
NY_Z_F,NY_Z_F_landbasedwind_class1_advanced_3,6,3,0.0
NY_Z_F,NY_Z_F_landbasedwind_class1_advanced_4,6,4,0.0
NY_Z_F,NY_Z_F_landbasedwind_class1_advanced_5,6,5,0.0
NY_Z_F,NY_Z_F_landbasedwind_class1_advanced_6,6,6,0.0
NY_Z_F,NY_Z_F_utilitypv_class1_advanced_1,6,1,-1.924299183937585e7
NY_Z_F,NY_Z_F_utilitypv_class1_advanced_2,6,2,0.0
NY_Z_F,NY_Z_F_utilitypv_class1_advanced_3,6,3,0.0
NY_Z_F,NY_Z_F_utilitypv_class1_advanced_4,6,4,0.0
NY_Z_F,NY_Z_F_utilitypv_class1_advanced_5,6,5,0.0
NY_Z_F,NY_Z_F_utilitypv_class1_advanced_6,6,6,0.0
NY_Z_G-I,NY_Z_G-I_landbasedwind_class1_advanced_1,7,1,0.0
NY_Z_G-I,NY_Z_G-I_landbasedwind_class1_advanced_2,7,2,222618.13797783703
NY_Z_G-I,NY_Z_G-I_landbasedwind_class1_advanced_3,7,3,0.0
NY_Z_G-I,NY_Z_G-I_landbasedwind_class1_advanced_4,7,4,0.0
NY_Z_G-I,NY_Z_G-I_landbasedwind_class1_advanced_5,7,5,0.0
NY_Z_G-I,NY_Z_G-I_landbasedwind_class1_advanced_6,7,6,0.0
NY_Z_G-I,NY_Z_G-I_utilitypv_class1_advanced_1,7,1,-6.781900238940857e6
NY_Z_G-I,NY_Z_G-I_utilitypv_class1_advanced_2,7,2,-1.0221259574428553e7
NY_Z_G-I,NY_Z_G-I_utilitypv_class1_advanced_3,7,3,0.0
NY_Z_G-I,NY_Z_G-I_utilitypv_class1_advanced_4,7,4,0.0
NY_Z_G-I,NY_Z_G-I_utilitypv_class1_advanced_5,7,5,0.0
NY_Z_G-I,NY_Z_G-I_utilitypv_class1_advanced_6,7,6,0.0
NY_Z_J,NY_Z_J_offshorewind_class3_advanced_fixed_1_0,8,0,-5.998286663149374e6
NY_Z_J,NY_Z_J_offshorewind_class3_advanced_fixed_1_1,8,1,-1.3104834471622461e7
NY_Z_J,NY_Z_J_offshorewind_class3_advanced_fixed_1_2,8,2,-1.6058350698832171e7
NY_Z_J,NY_Z_J_offshorewind_class3_advanced_fixed_1_3,8,3,-4.752882719079075e6
NY_Z_J,NY_Z_J_offshorewind_class3_advanced_fixed_1_4,8,4,-1.8401664409934714e7
NY_Z_J,NY_Z_J_offshorewind_class3_advanced_fixed_1_5,8,5,-4.1147773895482775e6
NY_Z_J,NY_Z_J_offshorewind_class3_advanced_fixed_0_0,8,0,-3.37489187205264e6
NY_Z_J,NY_Z_J_offshorewind_class3_advanced_fixed_0_1,8,1,250379.95318670798
NY_Z_J,NY_Z_J_offshorewind_class3_advanced_fixed_0_2,8,2,-3.5206014141143835e6
NY_Z_J,NY_Z_J_offshorewind_class3_advanced_fixed_0_3,8,3,-1.1459565136100613e6
NY_Z_J,NY_Z_J_offshorewind_class3_advanced_fixed_0_4,8,4,-4.1905505876611625e6
NY_Z_J,NY_Z_J_offshorewind_class3_advanced_fixed_0_5,8,5,166079.3374746702
NY_Z_J,NY_Z_J_offshorewind_class12_advanced_floating_0_0,8,0,0.0
NY_Z_J,NY_Z_J_offshorewind_class12_advanced_floating_0_1,8,1,0.0
NY_Z_J,NY_Z_J_offshorewind_class12_advanced_floating_0_2,8,2,0.0
NY_Z_J,NY_Z_J_offshorewind_class12_advanced_floating_0_3,8,3,0.0
NY_Z_J,NY_Z_J_offshorewind_class12_advanced_floating_0_4,8,4,0.0
NY_Z_J,NY_Z_J_offshorewind_class12_advanced_floating_0_5,8,5,0.0
NY_Z_J,NY_Z_J_offshorewind_class12_advanced_floating_1_0,8,0,0.0
NY_Z_J,NY_Z_J_offshorewind_class12_advanced_floating_1_1,8,1,0.0
NY_Z_J,NY_Z_J_offshorewind_class12_advanced_floating_1_2,8,2,0.0
NY_Z_J,NY_Z_J_offshorewind_class12_advanced_floating_1_3,8,3,0.0
NY_Z_J,NY_Z_J_offshorewind_class12_advanced_floating_1_4,8,4,0.0
NY_Z_J,NY_Z_J_offshorewind_class12_advanced_floating_1_5,8,5,0.0
NY_Z_K,NY_Z_K_utilitypv_class1_advanced_1,9,1,52966.23477536668
PJM_EMAC,PJM_EMAC_offshorewind_class3_advanced_fixed_1_0,10,0,0.0
PJM_EMAC,PJM_EMAC_offshorewind_class3_advanced_fixed_1_1,10,1,0.0
PJM_EMAC,PJM_EMAC_offshorewind_class3_advanced_fixed_1_2,10,2,0.0
PJM_EMAC,PJM_EMAC_offshorewind_class3_advanced_fixed_1_3,10,3,0.0
PJM_EMAC,PJM_EMAC_offshorewind_class3_advanced_fixed_1_4,10,4,2.774106416700272e8
PJM_EMAC,PJM_EMAC_offshorewind_class3_advanced_fixed_1_5,10,5,0.0
PJM_EMAC,PJM_EMAC_offshorewind_class3_advanced_fixed_0_0,10,0,0.0
PJM_EMAC,PJM_EMAC_offshorewind_class3_advanced_fixed_0_1,10,1,0.0
PJM_EMAC,PJM_EMAC_offshorewind_class3_advanced_fixed_0_2,10,2,0.0
PJM_EMAC,PJM_EMAC_offshorewind_class3_advanced_fixed_0_3,10,3,0.0
PJM_EMAC,PJM_EMAC_offshorewind_class3_advanced_fixed_0_4,10,4,0.0
PJM_EMAC,PJM_EMAC_offshorewind_class3_advanced_fixed_0_5,10,5,0.0
PJM_EMAC,PJM_EMAC_offshorewind_class12_advanced_floating_0_0,10,0,0.0
PJM_EMAC,PJM_EMAC_offshorewind_class12_advanced_floating_0_1,10,1,0.0
PJM_EMAC,PJM_EMAC_offshorewind_class12_advanced_floating_0_2,10,2,0.0
PJM_EMAC,PJM_EMAC_offshorewind_class12_advanced_floating_0_3,10,3,0.0
PJM_EMAC,PJM_EMAC_offshorewind_class12_advanced_floating_0_4,10,4,0.0
PJM_EMAC,PJM_EMAC_offshorewind_class12_advanced_floating_0_5,10,5,0.0
PJM_EMAC,PJM_EMAC_landbasedwind_class1_advanced_1,10,1,0.0
PJM_EMAC,PJM_EMAC_landbasedwind_class1_advanced_2,10,2,0.0
PJM_EMAC,PJM_EMAC_landbasedwind_class1_advanced_3,10,3,0.0
PJM_EMAC,PJM_EMAC_landbasedwind_class1_advanced_4,10,4,0.0
PJM_EMAC,PJM_EMAC_landbasedwind_class1_advanced_5,10,5,0.0
PJM_EMAC,PJM_EMAC_landbasedwind_class1_advanced_6,10,6,0.0
PJM_EMAC,PJM_EMAC_utilitypv_class1_advanced_1,10,1,0.0
PJM_EMAC,PJM_EMAC_utilitypv_class1_advanced_2,10,2,0.0
PJM_EMAC,PJM_EMAC_utilitypv_class1_advanced_3,10,3,0.0
PJM_EMAC,PJM_EMAC_utilitypv_class1_advanced_4,10,4,0.0
PJM_EMAC,PJM_EMAC_utilitypv_class1_advanced_5,10,5,0.0
PJM_EMAC,PJM_EMAC_utilitypv_class1_advanced_6,10,6,0.0
PJM_Rest,PJM_Rest_landbasedwind_class1_advanced_1,11,1,0.0
PJM_Rest,PJM_Rest_landbasedwind_class1_advanced_2,11,2,9.404869492819093e8
PJM_Rest,PJM_Rest_landbasedwind_class1_advanced_3,11,3,0.0
PJM_Rest,PJM_Rest_landbasedwind_class1_advanced_4,11,4,5.366583234965651e8
PJM_Rest,PJM_Rest_landbasedwind_class1_advanced_5,11,5,0.0
PJM_Rest,PJM_Rest_landbasedwind_class1_advanced_6,11,6,0.0
PJM_Rest,PJM_Rest_utilitypv_class1_advanced_1,11,1,0.0
PJM_Rest,PJM_Rest_utilitypv_class1_advanced_2,11,2,1.2854949030797818e9
PJM_Rest,PJM_Rest_utilitypv_class1_advanced_3,11,3,0.0
PJM_Rest,PJM_Rest_utilitypv_class1_advanced_4,11,4,0.0
PJM_Rest,PJM_Rest_utilitypv_class1_advanced_5,11,5,0.0
PJM_Rest,PJM_Rest_utilitypv_class1_advanced_6,11,6,0.0
NENG_Rest,NENG_Rest_hydroelectric_pumped_storage_1,1,1,4.667223370492629e7
NY_Z_A,NY_Z_A_hydroelectric_pumped_storage_1,2,1,6.5619314092108095e6
NY_Z_F,NY_Z_F_hydroelectric_pumped_storage_1,6,1,2.9856829933485944e7
PJM_EMAC,PJM_EMAC_hydroelectric_pumped_storage_1,10,1,5.314879353162037e7
PJM_Rest,PJM_Rest_hydroelectric_pumped_storage_1,11,1,6.0864259297195554e7
NENG_Rest,NENG_Rest_battery_advanced_0,1,0,-444909.0294771135
NY_Z_A,NY_Z_A_battery_advanced_0,2,0,0.0
NY_Z_B,NY_Z_B_battery_advanced_0,3,0,0.0
NY_Z_C&E,NY_Z_C&E_battery_advanced_0,4,0,1.8335936519450765e7
NY_Z_D,NY_Z_D_battery_advanced_0,5,0,-2.206949960809668e7
NY_Z_F,NY_Z_F_battery_advanced_0,6,0,0.0
NY_Z_G-I,NY_Z_G-I_battery_advanced_0,7,0,-6.340544400811002e6
NY_Z_J,NY_Z_J_battery_advanced_0,8,0,0.0
NY_Z_K,NY_Z_K_battery_advanced_0,9,0,0.0
PJM_EMAC,PJM_EMAC_battery_advanced_0,10,0,1.4609023585007217e7
PJM_Rest,PJM_Rest_battery_advanced_0,11,0,7.334604695577601e6
NY_Z_A,NY_Z_A_res_water_heat_1,2,1,98789.2129936259
NY_Z_B,NY_Z_B_res_water_heat_1,3,1,81594.05397345281
NY_Z_C&E,NY_Z_C&E_res_water_heat_1,4,1,180405.12072742672
NY_Z_D,NY_Z_D_res_water_heat_1,5,1,11141.615790779175
NY_Z_F,NY_Z_F_res_water_heat_1,6,1,137480.49259413066
NY_Z_G-I,NY_Z_G-I_res_water_heat_1,7,1,303305.55984206585
NY_Z_J,NY_Z_J_res_water_heat_1,8,1,1.118625848868404e6
NY_Z_K,NY_Z_K_res_water_heat_1,9,1,620362.1201938675
PJM_EMAC,PJM_EMAC_res_water_heat_1,10,1,9.660048570886992e6
PJM_Rest,PJM_Rest_res_water_heat_1,11,1,4.4134856098018065e7
NENG_Rest,NENG_Rest_res_water_heat_1,1,1,4.524020708413678e6
NY_Z_A,NY_Z_A_trans_light_duty_1,2,1,317033.29226269724
NY_Z_B,NY_Z_B_trans_light_duty_1,3,1,260122.46550071854
NY_Z_C&E,NY_Z_C&E_trans_light_duty_1,4,1,579087.2632880032
NY_Z_D,NY_Z_D_trans_light_duty_1,5,1,60666.970854906314
NY_Z_F,NY_Z_F_trans_light_duty_1,6,1,533503.4388194113
NY_Z_G-I,NY_Z_G-I_trans_light_duty_1,7,1,1.2801322324165225e6
NY_Z_J,NY_Z_J_trans_light_duty_1,8,1,5.2340916853932e6
NY_Z_K,NY_Z_K_trans_light_duty_1,9,1,2.719336665736643e6
PJM_EMAC,PJM_EMAC_trans_light_duty_1,10,1,4.50456215450132e7
PJM_Rest,PJM_Rest_trans_light_duty_1,11,1,1.2503975053116179e8
NENG_Rest,NENG_Rest_trans_light_duty_1,1,1,2.366586692650481e7
NENG_Rest,NENG_Rest_biomass_1,1,1,3.635185442581942e6
NENG_Rest,NENG_Rest_biomass_2,1,2,6.900893020508e6
NENG_Rest,NENG_Rest_biomass_3,1,3,1.293172526295541e7
NENG_Rest,NENG_Rest_small_hydroelectric_1,1,1,1.9174207626414247e7
NY_Z_A,NY_Z_A_biomass_1,2,1,1.0334673987109109e6
NY_Z_A,NY_Z_A_small_hydroelectric_1,2,1,21109.826906932813
NY_Z_B,NY_Z_B_biomass_1,3,1,475509.11107637634
NY_Z_B,NY_Z_B_small_hydroelectric_1,3,1,1.0704363006069846e6
NY_Z_C&E,NY_Z_C&E_biomass_1,4,1,3.3370177688645446e6
NY_Z_C&E,NY_Z_C&E_small_hydroelectric_1,4,1,4.134893835573626e6
NY_Z_D,NY_Z_D_small_hydroelectric_1,5,1,720031.0421707107
NY_Z_F,NY_Z_F_small_hydroelectric_1,6,1,2.1594050360182584e6
NY_Z_G-I,NY_Z_G-I_small_hydroelectric_1,7,1,536897.9161873334
PJM_EMAC,PJM_EMAC_biomass_1,10,1,2.9845695917605788e7
PJM_EMAC,PJM_EMAC_small_hydroelectric_1,10,1,455492.55904026685
PJM_Rest,PJM_Rest_biomass_1,11,1,2.7148401480129685e7
PJM_Rest,PJM_Rest_biomass_2,11,2,1.5678100705738097e7
PJM_Rest,PJM_Rest_small_hydroelectric_1,11,1,1.4566660679770142e7
NENG_Rest,NENG_Rest_distributed_generation_1,1,1,5.6813340371685885e7
NY_Z_A,NY_Z_A_distributed_generation_1,2,1,0.0
NY_Z_B,NY_Z_B_distributed_generation_1,3,1,0.0
NY_Z_C&E,NY_Z_C&E_distributed_generation_1,4,1,0.0
NY_Z_D,NY_Z_D_distributed_generation_1,5,1,0.0
NY_Z_F,NY_Z_F_distributed_generation_1,6,1,0.0
NY_Z_G-I,NY_Z_G-I_distributed_generation_1,7,1,0.0
NY_Z_J,NY_Z_J_distributed_generation_1,8,1,6.14468158252798e-10
NY_Z_K,NY_Z_K_distributed_generation_1,9,1,2.2403470649253135e6
PJM_EMAC,PJM_EMAC_distributed_generation_1,10,1,1.732207517114642e8
PJM_Rest,PJM_Rest_distributed_generation_1,11,1,2.884114820706564e8
