Resource,Zone,AnnualSum,Capacity,CapacityFactor
NENG_Rest_conventional_hydroelectric_1,1,2.7964147931056162e6,1067.6,0.2990122077584529
NY_Z_A_conventional_hydroelectric_1,2,1.3107398737868711e7,2434.9,0.6145132838037994
NY_Z_B_conventional_hydroelectric_1,3,0.0,0.0,0.0
NY_Z_C&E_conventional_hydroelectric_1,4,206919.74318999986,63.3,0.37315916666666643
NY_Z_D_conventional_hydroelectric_1,5,5.48180373365962e6,809.6,0.77294550632981
NY_Z_F_conventional_hydroelectric_1,6,1.0198375715799993e6,274.6,0.42396144977168915
PJM_EMAC_conventional_hydroelectric_1,10,2.372463698366666e6,572.0,0.4734776036910197
PJM_Rest_conventional_hydroelectric_1,11,3.306082769702207e6,1507.8,0.250302897513009
NENG_Rest_conventional_steam_coal_1,1,-4.278717321582198e-10,-5.684341886080802e-14,0.0
NENG_Rest_natural_gas_fired_combined_cycle_1,1,6.183688062059782e-10,0.0,0.0
NENG_Rest_natural_gas_fired_combined_cycle_2,1,-5.8896341350970055e-9,-1.8189894035458565e-12,0.0
NENG_Rest_natural_gas_fired_combustion_turbine_1,1,-9.007035869862909e-11,0.0,0.0
NENG_Rest_natural_gas_fired_combustion_turbine_2,1,2.5342997819174124e-10,0.0,0.0
NENG_Rest_nuclear_1,1,1.4723918970984705e7,3355.5,0.500912730716921
NY_Z_A_natural_gas_fired_combined_cycle_1,2,0.0,0.0,0.0
NY_Z_A_natural_gas_fired_combustion_turbine_1,2,0.0,0.0,0.0
NY_Z_A_natural_gas_steam_turbine_1,2,68682.90367140339,35.31763116099152,0.22199999999999986
NY_Z_B_natural_gas_fired_combined_cycle_1,3,0.0,1.4210854715202004e-14,0.0
NY_Z_B_natural_gas_fired_combustion_turbine_1,3,0.0,0.0,0.0
NY_Z_B_natural_gas_steam_turbine_1,3,0.0,0.0,0.0
NY_Z_B_nuclear_1,3,2.695732779985609e6,581.3,0.5293859496125455
NY_Z_C&E_natural_gas_fired_combined_cycle_1,4,-6.112233138579829e-10,-2.2737367544323206e-13,0.0
NY_Z_C&E_natural_gas_steam_turbine_1,4,-1.1132560978256453e-12,0.0,0.0
NY_Z_C&E_nuclear_1,4,1.3466093595949883e7,2777.0,0.5535561023915415
NY_Z_D_natural_gas_fired_combined_cycle_1,5,-2.3435825013962123e-10,-5.684341886080802e-14,0.0
NY_Z_D_natural_gas_fired_combined_cycle_2,5,7.005826760470849e-11,1.4210854715202004e-14,0.0
NY_Z_F_natural_gas_fired_combined_cycle_1,6,1.929077160118423e-9,0.0,0.0
NY_Z_F_natural_gas_fired_combined_cycle_2,6,5.801528295851115e-10,5.684341886080802e-14,0.0
NY_Z_F_natural_gas_fired_combustion_turbine_1,6,0.0,0.0,0.0
NY_Z_G-I_natural_gas_fired_combined_cycle_1,7,0.0,0.0,0.0
NY_Z_G-I_natural_gas_fired_combined_cycle_2,7,0.0,0.0,0.0
NY_Z_G-I_natural_gas_fired_combustion_turbine_1,7,0.0,0.0,0.0
NY_Z_G-I_natural_gas_fired_combustion_turbine_2,7,17597.08799999999,24.8,0.08099999999999995
NY_Z_J_natural_gas_fired_combined_cycle_1,8,5.53576661922912e-10,0.0,0.0
NY_Z_J_natural_gas_fired_combined_cycle_2,8,-1.9584554233663572e-9,-4.547473508864641e-13,0.0
NY_Z_J_natural_gas_fired_combustion_turbine_1,8,-4.4342767844072395e-10,0.0,0.0
NY_Z_J_natural_gas_fired_combustion_turbine_2,8,-6.558216838361439e-10,-2.2737367544323206e-13,0.0
NY_Z_K_natural_gas_fired_combined_cycle_1,9,8.999068821504429e-11,0.0,0.0
NY_Z_K_natural_gas_fired_combined_cycle_2,9,1.0606784132055331e-10,0.0,0.0
NY_Z_K_natural_gas_fired_combustion_turbine_1,9,-2.8923631185088986e-10,0.0,0.0
NY_Z_K_natural_gas_fired_combustion_turbine_2,9,-6.040723397823139e-10,-1.1368683772161603e-13,0.0
PJM_EMAC_conventional_steam_coal_1,10,0.0,0.0,0.0
PJM_EMAC_natural_gas_fired_combined_cycle_1,10,1.3971391644591367e-9,2.2737367544323206e-13,0.0
PJM_EMAC_natural_gas_fired_combined_cycle_2,10,1.2075328036376112e-8,1.8189894035458565e-12,0.0
PJM_EMAC_natural_gas_fired_combined_cycle_3,10,4.254439808194986e-10,0.0,0.0
PJM_EMAC_natural_gas_fired_combustion_turbine_1,10,0.0,0.0,0.0
PJM_EMAC_natural_gas_fired_combustion_turbine_2,10,-2.2879791480497314e-9,-4.547473508864641e-13,0.0
PJM_EMAC_natural_gas_steam_turbine_1,10,-1.67244243647303e-10,0.0,0.0
PJM_EMAC_nuclear_1,10,3.765783958438391e7,7347.7,0.5850592886486442
PJM_EMAC_nuclear_2,10,5.944693930247982e6,1172.0,0.5790256216443014
PJM_Rest_conventional_steam_coal_1,11,-4.136451317090658e-9,3.637978807091713e-12,0.0
PJM_Rest_natural_gas_fired_combined_cycle_1,11,-2.0858391348919506e-9,-4.547473508864641e-13,0.0
PJM_Rest_natural_gas_fired_combined_cycle_2,11,-6.1539004474170174e-9,0.0,0.0
PJM_Rest_natural_gas_fired_combustion_turbine_1,11,1.733490735495293e-10,0.0,0.0
PJM_Rest_natural_gas_fired_combustion_turbine_2,11,1.915363120140542e-9,0.0,0.0
PJM_Rest_natural_gas_fired_combustion_turbine_3,11,5.327358519108353e-10,1.1368683772161603e-13,0.0
PJM_Rest_natural_gas_fired_combustion_turbine_4,11,-1.2952263691570065e-10,0.0,0.0
PJM_Rest_nuclear_1,11,1.381011329721646e8,22747.8,0.6930327116191627
NENG_Rest_naturalgas_ccavgcf_moderate_0,1,74082.50301664657,42.28453368530055,0.20000000000000004
NENG_Rest_naturalgas_ctavgcf_moderate_0,1,0.0,0.0,0.0
NENG_Rest_nuclear_nuclear_moderate_0,1,0.0,0.0,0.0
NENG_Rest_naturalgas_ccs100_moderate_0,1,3.0379115926317267e7,5779.892680045151,0.5999999999999991
NY_Z_A_naturalgas_ccavgcf_moderate_0,2,0.0,0.0,0.0
NY_Z_A_naturalgas_ctavgcf_moderate_0,2,0.0,0.0,0.0
NY_Z_A_nuclear_nuclear_moderate_0,2,0.0,0.0,0.0
NY_Z_A_naturalgas_ccs100_moderate_0,2,0.0,0.0,0.0
NY_Z_B_naturalgas_ccavgcf_moderate_0,3,74082.50301663949,42.28453368529649,0.2000000000000001
NY_Z_B_naturalgas_ctavgcf_moderate_0,3,0.0,0.0,0.0
NY_Z_B_nuclear_nuclear_moderate_0,3,0.0,0.0,0.0
NY_Z_B_naturalgas_ccs100_moderate_0,3,0.0,0.0,0.0
NY_Z_C&E_naturalgas_ccavgcf_moderate_0,4,74082.50301664058,42.284533685297106,0.20000000000000012
NY_Z_C&E_naturalgas_ctavgcf_moderate_0,4,0.0,0.0,0.0
NY_Z_C&E_nuclear_nuclear_moderate_0,4,0.0,0.0,0.0
NY_Z_C&E_naturalgas_ccs100_moderate_0,4,0.0,0.0,0.0
NY_Z_D_naturalgas_ccavgcf_moderate_0,5,74082.50301664039,42.284533685296964,0.2000000000000003
NY_Z_D_naturalgas_ctavgcf_moderate_0,5,0.0,0.0,0.0
NY_Z_D_nuclear_nuclear_moderate_0,5,0.0,0.0,0.0
NY_Z_D_naturalgas_ccs100_moderate_0,5,0.0,0.0,0.0
NY_Z_F_naturalgas_ccavgcf_moderate_0,6,74082.50301663618,42.28453368529463,0.19999999999999998
NY_Z_F_naturalgas_ctavgcf_moderate_0,6,0.0,0.0,0.0
NY_Z_F_nuclear_nuclear_moderate_0,6,0.0,0.0,0.0
NY_Z_F_naturalgas_ccs100_moderate_0,6,0.0,0.0,0.0
NY_Z_G-I_naturalgas_ccavgcf_moderate_0,7,39497.031318526424,22.54396764756077,0.19999999999999976
NY_Z_G-I_naturalgas_ctavgcf_moderate_0,7,0.0,0.0,0.0
NY_Z_G-I_nuclear_nuclear_moderate_0,7,1.75177543661736e6,341.6999999999998,0.5852337281552755
NY_Z_G-I_naturalgas_ccs100_moderate_0,7,5.457647783079466e7,10383.652555326218,0.6000000000000006
NY_Z_J_naturalgas_ccavgcf_moderate_0,8,74082.50301664283,42.28453368529844,0.1999999999999999
NY_Z_J_naturalgas_ctavgcf_moderate_0,8,0.0,0.0,0.0
NY_Z_J_nuclear_nuclear_moderate_0,8,0.0,0.0,0.0
NY_Z_J_naturalgas_ccs100_moderate_0,8,0.0,0.0,0.0
NY_Z_K_naturalgas_ccavgcf_moderate_0,9,74082.50301664144,42.28453368529767,0.1999999999999998
NY_Z_K_naturalgas_ctavgcf_moderate_0,9,0.0,0.0,0.0
NY_Z_K_nuclear_nuclear_moderate_0,9,0.0,0.0,0.0
NY_Z_K_naturalgas_ccs100_moderate_0,9,0.0,0.0,0.0
PJM_EMAC_naturalgas_ccavgcf_moderate_0,10,74082.50301662607,42.28453368528882,0.20000000000000015
PJM_EMAC_naturalgas_ctavgcf_moderate_0,10,0.0,0.0,0.0
PJM_EMAC_nuclear_nuclear_moderate_0,10,0.0,0.0,0.0
PJM_EMAC_naturalgas_ccs100_moderate_0,10,2.467269048970605e7,4467.6810718956085,0.6304203755518203
PJM_Rest_naturalgas_ccccsavgcf_moderate_0,11,0.0,0.0,0.0
PJM_Rest_naturalgas_ccavgcf_moderate_0,11,74082.50301665685,42.28453368530647,0.19999999999999976
PJM_Rest_naturalgas_ctavgcf_moderate_0,11,0.0,0.0,0.0
PJM_Rest_nuclear_nuclear_moderate_0,11,0.0,0.0,0.0
PJM_Rest_naturalgas_ccs100_moderate_0,11,2.5882060841384175e8,49228.22606127068,0.6001786763008313
NENG_Rest_offshore_wind_turbine_1,1,0.0,29.3,0.0
NENG_Rest_onshore_wind_turbine_1,1,299717.4802592466,1369.2,0.02498855114702571
NENG_Rest_solar_photovoltaic_1,1,15861.259719996286,627.3,0.0028864117435956752
NY_Z_A_onshore_wind_turbine_1,2,0.0,0.0,0.0
NY_Z_A_solar_photovoltaic_1,2,2734.22275,3.5,0.08917882420091325
NY_Z_B_onshore_wind_turbine_1,3,0.0,0.0,0.0
NY_Z_B_solar_photovoltaic_1,3,1608.3926000000001,2.0,0.09180323059360732
NY_Z_C&E_onshore_wind_turbine_1,4,1.4011543782989294e-11,0.0,0.0
NY_Z_C&E_solar_photovoltaic_1,4,25934.892779999995,42.6,0.0694977511415525
NY_Z_D_onshore_wind_turbine_1,5,1.153096321099126e6,678.5,0.19400442170297863
NY_Z_D_solar_photovoltaic_1,5,920.114,2.0,0.052517922374429225
NY_Z_F_solar_photovoltaic_1,6,4150.08776,9.1,0.05206091324200914
NY_Z_G-I_solar_photovoltaic_1,7,3460.7667600000013,6.9,0.05725575342465756
PJM_EMAC_solar_photovoltaic_1,10,845534.663495356,856.1,0.1127464336645257
PJM_Rest_onshore_wind_turbine_1,11,1.5145655802698221e7,7080.5,0.24418560014978144
PJM_Rest_solar_photovoltaic_1,11,536156.917712993,776.2,0.07885226435558802
NENG_Rest_offshorewind_class3_advanced_fixed_1_0,1,0.0,0.0,0.0
NENG_Rest_offshorewind_class3_advanced_fixed_1_1,1,0.0,0.0,0.0
NENG_Rest_offshorewind_class3_advanced_fixed_1_2,1,0.0,0.0,0.0
NENG_Rest_offshorewind_class3_advanced_fixed_1_3,1,0.0,0.0,0.0
NENG_Rest_offshorewind_class3_advanced_fixed_1_4,1,0.0,0.0,0.0
NENG_Rest_offshorewind_class3_advanced_fixed_1_5,1,0.0,0.0,0.0
NENG_Rest_offshorewind_class3_advanced_fixed_0_0,1,1.205382198474562e6,803.8,0.17118774270766401
NENG_Rest_offshorewind_class3_advanced_fixed_0_1,1,0.0,0.0,0.0
NENG_Rest_offshorewind_class3_advanced_fixed_0_2,1,0.0,0.0,0.0
NENG_Rest_offshorewind_class3_advanced_fixed_0_3,1,343099.2708753705,271.2,0.14441955543238005
NENG_Rest_offshorewind_class3_advanced_fixed_0_4,1,272658.08352440596,220.0,0.14147887272955892
NENG_Rest_offshorewind_class3_advanced_fixed_0_5,1,0.0,0.0,0.0
NENG_Rest_offshorewind_class12_advanced_floating_0_0,1,0.0,0.0,0.0
NENG_Rest_offshorewind_class12_advanced_floating_0_1,1,8.364238306272997e6,3675.7,0.25976595599760255
NENG_Rest_offshorewind_class12_advanced_floating_0_2,1,0.0,0.0,0.0
NENG_Rest_offshorewind_class12_advanced_floating_0_3,1,0.0,0.0,0.0
NENG_Rest_offshorewind_class12_advanced_floating_0_4,1,0.0,0.0,0.0
NENG_Rest_offshorewind_class12_advanced_floating_0_5,1,0.0,0.0,0.0
NENG_Rest_offshorewind_class12_advanced_floating_1_0,1,0.0,0.0,0.0
NENG_Rest_offshorewind_class12_advanced_floating_1_1,1,0.0,0.0,0.0
NENG_Rest_offshorewind_class12_advanced_floating_1_2,1,0.0,0.0,0.0
NENG_Rest_offshorewind_class12_advanced_floating_1_3,1,0.0,0.0,0.0
NENG_Rest_offshorewind_class12_advanced_floating_1_4,1,0.0,0.0,0.0
NENG_Rest_offshorewind_class12_advanced_floating_1_5,1,0.0,0.0,0.0
NENG_Rest_landbasedwind_class1_advanced_1,1,40499.61544636239,45.400000000000546,0.10183356326906921
NENG_Rest_landbasedwind_class1_advanced_2,1,1.5087594998538185e7,6585.4,0.2615373699669205
NENG_Rest_landbasedwind_class1_advanced_3,1,0.0,0.0,0.0
NENG_Rest_landbasedwind_class1_advanced_4,1,0.0,0.0,0.0
NENG_Rest_landbasedwind_class1_advanced_5,1,0.0,0.0,0.0
NENG_Rest_landbasedwind_class1_advanced_6,1,0.0,0.0,0.0
NENG_Rest_utilitypv_class1_advanced_1,1,0.0,0.0,0.0
NENG_Rest_utilitypv_class1_advanced_2,1,2.5307634264870744e7,16022.630511368236,0.1803074309961215
NENG_Rest_utilitypv_class1_advanced_3,1,0.0,0.0,0.0
NENG_Rest_utilitypv_class1_advanced_4,1,0.0,0.0,0.0
NENG_Rest_utilitypv_class1_advanced_5,1,0.0,0.0,0.0
NENG_Rest_utilitypv_class1_advanced_6,1,0.0,0.0,0.0
NY_Z_A_landbasedwind_class1_advanced_1,2,0.0,0.0,0.0
NY_Z_A_landbasedwind_class1_advanced_2,2,0.0,0.0,0.0
NY_Z_A_landbasedwind_class1_advanced_3,2,0.0,0.0,0.0
NY_Z_A_landbasedwind_class1_advanced_4,2,1.8462956305849298e6,460.4277827488659,0.45775765339932206
NY_Z_A_landbasedwind_class1_advanced_5,2,0.0,0.0,0.0
NY_Z_A_landbasedwind_class1_advanced_6,2,0.0,0.0,0.0
NY_Z_A_utilitypv_class1_advanced_1,2,0.0,0.0,0.0
NY_Z_A_utilitypv_class1_advanced_2,2,0.0,0.0,0.0
NY_Z_A_utilitypv_class1_advanced_3,2,0.0,0.0,0.0
NY_Z_A_utilitypv_class1_advanced_4,2,0.0,0.0,0.0
NY_Z_A_utilitypv_class1_advanced_5,2,0.0,0.0,0.0
NY_Z_A_utilitypv_class1_advanced_6,2,0.0,0.0,0.0
NY_Z_B_landbasedwind_class1_advanced_1,3,0.0,0.0,0.0
NY_Z_B_landbasedwind_class1_advanced_2,3,0.0,0.0,0.0
NY_Z_B_landbasedwind_class1_advanced_3,3,0.0,0.0,0.0
NY_Z_B_landbasedwind_class1_advanced_4,3,0.0,0.0,0.0
NY_Z_B_landbasedwind_class1_advanced_5,3,0.0,0.0,0.0
NY_Z_B_landbasedwind_class1_advanced_6,3,0.0,0.0,0.0
NY_Z_B_utilitypv_class1_advanced_1,3,0.0,0.0,0.0
NY_Z_B_utilitypv_class1_advanced_2,3,0.0,0.0,0.0
NY_Z_B_utilitypv_class1_advanced_3,3,0.0,0.0,0.0
NY_Z_B_utilitypv_class1_advanced_4,3,0.0,0.0,0.0
NY_Z_B_utilitypv_class1_advanced_5,3,0.0,0.0,0.0
NY_Z_B_utilitypv_class1_advanced_6,3,0.0,0.0,0.0
NY_Z_C&E_landbasedwind_class1_advanced_1,4,0.0,0.0,0.0
NY_Z_C&E_landbasedwind_class1_advanced_2,4,0.0,0.0,0.0
NY_Z_C&E_landbasedwind_class1_advanced_3,4,0.0,0.0,0.0
NY_Z_C&E_landbasedwind_class1_advanced_4,4,0.0,0.0,0.0
NY_Z_C&E_landbasedwind_class1_advanced_5,4,0.0,0.0,0.0
NY_Z_C&E_landbasedwind_class1_advanced_6,4,0.0,0.0,0.0
NY_Z_C&E_utilitypv_class1_advanced_1,4,4.24902179117305e6,2430.410714389979,0.19957456030185147
NY_Z_C&E_utilitypv_class1_advanced_2,4,0.0,0.0,0.0
NY_Z_C&E_utilitypv_class1_advanced_3,4,0.0,0.0,0.0
NY_Z_C&E_utilitypv_class1_advanced_4,4,0.0,0.0,0.0
NY_Z_C&E_utilitypv_class1_advanced_5,4,0.0,0.0,0.0
NY_Z_C&E_utilitypv_class1_advanced_6,4,0.0,0.0,0.0
NY_Z_D_landbasedwind_class1_advanced_1,5,0.0,0.0,0.0
NY_Z_D_landbasedwind_class1_advanced_2,5,2.984762963454043e6,945.0406487642123,0.36054149219576276
NY_Z_D_landbasedwind_class1_advanced_3,5,0.0,0.0,0.0
NY_Z_D_landbasedwind_class1_advanced_4,5,0.0,0.0,0.0
NY_Z_D_landbasedwind_class1_advanced_5,5,0.0,0.0,0.0
NY_Z_D_landbasedwind_class1_advanced_6,5,0.0,0.0,0.0
NY_Z_D_utilitypv_class1_advanced_1,5,0.0,0.0,0.0
NY_Z_D_utilitypv_class1_advanced_2,5,0.0,0.0,0.0
NY_Z_D_utilitypv_class1_advanced_3,5,0.0,0.0,0.0
NY_Z_D_utilitypv_class1_advanced_4,5,0.0,0.0,0.0
NY_Z_D_utilitypv_class1_advanced_5,5,0.0,0.0,0.0
NY_Z_D_utilitypv_class1_advanced_6,5,0.0,0.0,0.0
NY_Z_F_landbasedwind_class1_advanced_1,6,0.0,0.0,0.0
NY_Z_F_landbasedwind_class1_advanced_2,6,0.0,0.0,0.0
NY_Z_F_landbasedwind_class1_advanced_3,6,0.0,0.0,0.0
NY_Z_F_landbasedwind_class1_advanced_4,6,0.0,0.0,0.0
NY_Z_F_landbasedwind_class1_advanced_5,6,0.0,0.0,0.0
NY_Z_F_landbasedwind_class1_advanced_6,6,0.0,0.0,0.0
NY_Z_F_utilitypv_class1_advanced_1,6,0.0,0.0,0.0
NY_Z_F_utilitypv_class1_advanced_2,6,4.036140447658587e7,21272.845229499137,0.2165890935012892
NY_Z_F_utilitypv_class1_advanced_3,6,0.0,0.0,0.0
NY_Z_F_utilitypv_class1_advanced_4,6,0.0,0.0,0.0
NY_Z_F_utilitypv_class1_advanced_5,6,0.0,0.0,0.0
NY_Z_F_utilitypv_class1_advanced_6,6,0.0,0.0,0.0
NY_Z_G-I_landbasedwind_class1_advanced_1,7,0.0,0.0,0.0
NY_Z_G-I_landbasedwind_class1_advanced_2,7,44660.535796060765,15.4,0.3310541999945203
NY_Z_G-I_landbasedwind_class1_advanced_3,7,0.0,0.0,0.0
NY_Z_G-I_landbasedwind_class1_advanced_4,7,0.0,0.0,0.0
NY_Z_G-I_landbasedwind_class1_advanced_5,7,0.0,0.0,0.0
NY_Z_G-I_landbasedwind_class1_advanced_6,7,0.0,0.0,0.0
NY_Z_G-I_utilitypv_class1_advanced_1,7,1.2021104725394994e6,711.5,0.19287030624404344
NY_Z_G-I_utilitypv_class1_advanced_2,7,1.9135559196290765e6,1048.4,0.20835793263893712
NY_Z_G-I_utilitypv_class1_advanced_3,7,1.3934122235952006e6,840.1,0.18934093837426405
NY_Z_G-I_utilitypv_class1_advanced_4,7,1.657801945948339e6,932.7,0.20290210944857628
NY_Z_G-I_utilitypv_class1_advanced_5,7,0.0,0.0,0.0
NY_Z_G-I_utilitypv_class1_advanced_6,7,0.0,0.0,0.0
NY_Z_J_offshorewind_class3_advanced_fixed_1_0,8,2.662294323042474e6,695.0,0.43728759289157293
NY_Z_J_offshorewind_class3_advanced_fixed_1_1,8,3.153510926157111e6,808.8,0.4450912855503151
NY_Z_J_offshorewind_class3_advanced_fixed_1_2,8,4.407259074734258e6,1033.6,0.4867567400562845
NY_Z_J_offshorewind_class3_advanced_fixed_1_3,8,1.8001505177962035e6,465.0,0.44192824613251913
NY_Z_J_offshorewind_class3_advanced_fixed_1_4,8,5.12461711733823e6,1130.1,0.5176550340979069
NY_Z_J_offshorewind_class3_advanced_fixed_1_5,8,1.0978275450349457e6,300.1,0.4176033959132898
NY_Z_J_offshorewind_class3_advanced_fixed_0_0,8,346214.97848498996,111.60000000000015,0.35414209514266287
NY_Z_J_offshorewind_class3_advanced_fixed_0_1,8,389240.48641262605,121.2,0.366615886806051
NY_Z_J_offshorewind_class3_advanced_fixed_0_2,8,1.4712940136007247e6,388.8,0.43198543627997305
NY_Z_J_offshorewind_class3_advanced_fixed_0_3,8,700927.409240079,198.8,0.40248764805733883
NY_Z_J_offshorewind_class3_advanced_fixed_0_4,8,1.3427506655424116e6,371.2,0.4129365286785581
NY_Z_J_offshorewind_class3_advanced_fixed_0_5,8,393907.7321820647,113.8,0.3951373997701494
NY_Z_J_offshorewind_class12_advanced_floating_0_0,8,0.0,0.0,0.0
NY_Z_J_offshorewind_class12_advanced_floating_0_1,8,0.0,0.0,0.0
NY_Z_J_offshorewind_class12_advanced_floating_0_2,8,0.0,0.0,0.0
NY_Z_J_offshorewind_class12_advanced_floating_0_3,8,0.0,0.0,0.0
NY_Z_J_offshorewind_class12_advanced_floating_0_4,8,0.0,0.0,0.0
NY_Z_J_offshorewind_class12_advanced_floating_0_5,8,0.0,0.0,0.0
NY_Z_J_offshorewind_class12_advanced_floating_1_0,8,0.0,0.0,0.0
NY_Z_J_offshorewind_class12_advanced_floating_1_1,8,0.0,0.0,0.0
NY_Z_J_offshorewind_class12_advanced_floating_1_2,8,0.0,0.0,0.0
NY_Z_J_offshorewind_class12_advanced_floating_1_3,8,0.0,0.0,0.0
NY_Z_J_offshorewind_class12_advanced_floating_1_4,8,0.0,0.0,0.0
NY_Z_J_offshorewind_class12_advanced_floating_1_5,8,0.0,0.0,0.0
NY_Z_K_utilitypv_class1_advanced_1,9,0.0,0.0,0.0
PJM_EMAC_offshorewind_class3_advanced_fixed_1_0,10,0.0,0.0,0.0
PJM_EMAC_offshorewind_class3_advanced_fixed_1_1,10,0.0,0.0,0.0
PJM_EMAC_offshorewind_class3_advanced_fixed_1_2,10,1.1548280375499507e7,3022.1,0.43621880365249616
PJM_EMAC_offshorewind_class3_advanced_fixed_1_3,10,0.0,0.0,0.0
PJM_EMAC_offshorewind_class3_advanced_fixed_1_4,10,0.0,0.0,0.0
PJM_EMAC_offshorewind_class3_advanced_fixed_1_5,10,0.0,0.0,0.0
PJM_EMAC_offshorewind_class3_advanced_fixed_0_0,10,0.0,0.0,0.0
PJM_EMAC_offshorewind_class3_advanced_fixed_0_1,10,6.06450414243097e6,1677.9,0.41259609835400973
PJM_EMAC_offshorewind_class3_advanced_fixed_0_2,10,0.0,0.0,0.0
PJM_EMAC_offshorewind_class3_advanced_fixed_0_3,10,0.0,0.0,0.0
PJM_EMAC_offshorewind_class3_advanced_fixed_0_4,10,0.0,0.0,0.0
PJM_EMAC_offshorewind_class3_advanced_fixed_0_5,10,0.0,0.0,0.0
PJM_EMAC_offshorewind_class12_advanced_floating_0_0,10,0.0,0.0,0.0
PJM_EMAC_offshorewind_class12_advanced_floating_0_1,10,0.0,0.0,0.0
PJM_EMAC_offshorewind_class12_advanced_floating_0_2,10,0.0,0.0,0.0
PJM_EMAC_offshorewind_class12_advanced_floating_0_3,10,0.0,0.0,0.0
PJM_EMAC_offshorewind_class12_advanced_floating_0_4,10,0.0,0.0,0.0
PJM_EMAC_offshorewind_class12_advanced_floating_0_5,10,0.0,0.0,0.0
PJM_EMAC_landbasedwind_class1_advanced_1,10,0.0,0.0,0.0
PJM_EMAC_landbasedwind_class1_advanced_2,10,1.2225851107762451e6,363.2,0.3842635197207738
PJM_EMAC_landbasedwind_class1_advanced_3,10,0.0,0.0,0.0
PJM_EMAC_landbasedwind_class1_advanced_4,10,653565.6002192738,209.6,0.3559539371684671
PJM_EMAC_landbasedwind_class1_advanced_5,10,0.0,0.0,0.0
PJM_EMAC_landbasedwind_class1_advanced_6,10,0.0,0.0,0.0
PJM_EMAC_utilitypv_class1_advanced_1,10,2.2724968920916297e7,11275.6,0.2300697554321877
PJM_EMAC_utilitypv_class1_advanced_2,10,2.821830599724478e7,13084.7,0.24618583596908256
PJM_EMAC_utilitypv_class1_advanced_3,10,0.0,0.0,0.0
PJM_EMAC_utilitypv_class1_advanced_4,10,0.0,0.0,0.0
PJM_EMAC_utilitypv_class1_advanced_5,10,0.0,0.0,0.0
PJM_EMAC_utilitypv_class1_advanced_6,10,0.0,0.0,0.0
PJM_Rest_landbasedwind_class1_advanced_1,11,0.0,0.0,0.0
PJM_Rest_landbasedwind_class1_advanced_2,11,1.8784954628729347e7,4986.771542641743,0.43001793745483496
PJM_Rest_landbasedwind_class1_advanced_3,11,0.0,0.0,0.0
PJM_Rest_landbasedwind_class1_advanced_4,11,0.0,0.0,0.0
PJM_Rest_landbasedwind_class1_advanced_5,11,0.0,0.0,0.0
PJM_Rest_landbasedwind_class1_advanced_6,11,0.0,0.0,0.0
PJM_Rest_utilitypv_class1_advanced_1,11,1.1560441448848535e8,55499.07080222993,0.23778507961028664
PJM_Rest_utilitypv_class1_advanced_2,11,0.0,0.0,0.0
PJM_Rest_utilitypv_class1_advanced_3,11,0.0,0.0,0.0
PJM_Rest_utilitypv_class1_advanced_4,11,0.0,0.0,0.0
PJM_Rest_utilitypv_class1_advanced_5,11,0.0,0.0,0.0
PJM_Rest_utilitypv_class1_advanced_6,11,0.0,0.0,0.0
NENG_Rest_hydroelectric_pumped_storage_1,1,5.205265890267713e6,1830.0,0.0
NY_Z_A_hydroelectric_pumped_storage_1,2,643237.3173871982,240.0,0.0
NY_Z_F_hydroelectric_pumped_storage_1,6,3.520622348941559e6,1166.7,0.0
PJM_EMAC_hydroelectric_pumped_storage_1,10,3.813530991552298e6,1490.0,0.0
PJM_Rest_hydroelectric_pumped_storage_1,11,9.714370548106514e6,3693.0,0.0
NENG_Rest_battery_advanced_0,1,2.840649489164235e6,3625.0225017484468,0.0
NY_Z_A_battery_advanced_0,2,0.0,0.0,0.0
NY_Z_B_battery_advanced_0,3,0.0,0.0,0.0
NY_Z_C&E_battery_advanced_0,4,0.0,0.0,0.0
NY_Z_D_battery_advanced_0,5,230658.47017807592,151.21432691336608,0.0
NY_Z_F_battery_advanced_0,6,6.345223985632207e6,3975.1034183352153,0.0
NY_Z_G-I_battery_advanced_0,7,4.360011765357214e6,2279.4682258520183,0.0
NY_Z_J_battery_advanced_0,8,224892.72813960805,202.91171353415368,0.0
NY_Z_K_battery_advanced_0,9,198928.88263574734,209.19165124930362,0.0
PJM_EMAC_battery_advanced_0,10,1.8804318691439092e7,10220.544943107658,0.0
PJM_Rest_battery_advanced_0,11,3.433538366243532e7,21952.63211165889,0.0
NY_Z_A_res_water_heat_1,2,53548.22658662017,19.6,0.0
NY_Z_B_res_water_heat_1,3,40262.91886321,14.9,0.0
NY_Z_C&E_res_water_heat_1,4,81664.44167830712,29.4,0.0
NY_Z_D_res_water_heat_1,5,9234.007541881725,3.4,0.0
NY_Z_F_res_water_heat_1,6,49067.83860195248,18.0,0.0
NY_Z_G-I_res_water_heat_1,7,89284.45582793903,33.3,0.0
NY_Z_J_res_water_heat_1,8,318544.4016331582,119.3,0.0
NY_Z_K_res_water_heat_1,9,110399.72785697144,40.6,0.0
PJM_EMAC_res_water_heat_1,10,915550.944012229,331.3,0.0
PJM_Rest_res_water_heat_1,11,4.0759832904706644e6,1411.4,0.0
NENG_Rest_res_water_heat_1,1,766428.0659497621,258.5,0.0
NY_Z_A_trans_light_duty_1,2,135540.75232330247,59.6,0.0
NY_Z_B_trans_light_duty_1,3,94971.34430615847,45.1,0.0
NY_Z_C&E_trans_light_duty_1,4,203933.64234105803,89.3,0.0
NY_Z_D_trans_light_duty_1,5,21583.783494354706,10.3,0.0
NY_Z_F_trans_light_duty_1,6,119145.67609987482,54.6,0.0
NY_Z_G-I_trans_light_duty_1,7,211056.6482064104,101.0,0.0
NY_Z_J_trans_light_duty_1,8,765680.7760613444,361.9,0.0
NY_Z_K_trans_light_duty_1,9,265505.18603602244,123.3,0.0
PJM_EMAC_trans_light_duty_1,10,2.3965065832775477e6,1150.0,0.0
PJM_Rest_trans_light_duty_1,11,7.768021412708162e6,3499.2,0.0
NENG_Rest_trans_light_duty_1,1,2.005923890558853e6,978.4,0.0
NENG_Rest_biomass_1,1,267180.0,30.5,1.0
NENG_Rest_biomass_2,1,507203.9999999995,57.9,0.999999999999999
NENG_Rest_biomass_3,1,950460.0,108.5,1.0
NENG_Rest_small_hydroelectric_1,1,1.591077690506157e6,418.6,0.43389840741866154
NY_Z_A_biomass_1,2,216371.99999999988,24.7,0.9999999999999996
NY_Z_A_small_hydroelectric_1,2,5428.115600000001,1.0,0.6196478995433791
NY_Z_B_biomass_1,3,98987.99999999975,11.3,0.9999999999999976
NY_Z_B_small_hydroelectric_1,3,268628.03490000026,285.5,0.10740910958904121
NY_Z_C&E_biomass_1,4,664008.0000000007,75.8,1.000000000000001
NY_Z_C&E_small_hydroelectric_1,4,939826.0150400008,277.6,0.38647721461187245
NY_Z_D_small_hydroelectric_1,5,207312.2608800001,30.2,0.7836352054794525
NY_Z_F_small_hydroelectric_1,6,423239.99665999954,111.8,0.432156244292237
NY_Z_G-I_small_hydroelectric_1,7,81336.54400000008,32.0,0.2901560502283108
PJM_EMAC_biomass_1,10,1.359552000000004e6,155.2,1.0000000000000029
PJM_EMAC_small_hydroelectric_1,10,22299.155849999992,5.1,0.49913053652968026
PJM_Rest_biomass_1,11,1.1755920000000026e6,134.2,1.0000000000000022
PJM_Rest_biomass_2,11,678900.0,77.5,1.0
PJM_Rest_small_hydroelectric_1,11,684293.0262309455,301.5,0.2590900240922274
NENG_Rest_distributed_generation_1,1,7.4768764799999995e6,5664.0,0.15069292237442922
NY_Z_A_distributed_generation_1,2,0.0,0.0,0.0
NY_Z_B_distributed_generation_1,3,0.0,0.0,0.0
NY_Z_C&E_distributed_generation_1,4,-4.197087122292942e-12,0.0,0.0
NY_Z_D_distributed_generation_1,5,0.0,0.0,0.0
NY_Z_F_distributed_generation_1,6,0.0,0.0,0.0
NY_Z_G-I_distributed_generation_1,7,0.0,0.0,0.0
NY_Z_J_distributed_generation_1,8,1.3193707747165794e6,767.9502449396344,0.19612351598173516
NY_Z_K_distributed_generation_1,9,824660.16,480.0,0.19612351598173516
PJM_EMAC_distributed_generation_1,10,1.017311914e7,6197.0,0.18739954337899545
PJM_Rest_distributed_generation_1,11,2.0963966166e7,13234.0,0.1808332191780822
