Resource,NENG_Rest_hydroelectric_pumped_storage_1,NY_Z_A_hydroelectric_pumped_storage_1,NY_Z_F_hydroelectric_pumped_storage_1,PJM_EMAC_hydroelectric_pumped_storage_1,PJM_Rest_hydroelectric_pumped_storage_1,NENG_Rest_battery_moderate_0,NY_Z_A_battery_moderate_0,NY_Z_B_battery_moderate_0,NY_Z_C&E_battery_moderate_0,NY_Z_D_battery_moderate_0,NY_Z_F_battery_moderate_0,NY_Z_G-I_battery_moderate_0,NY_Z_J_battery_moderate_0,NY_Z_K_battery_moderate_0,PJM_EMAC_battery_moderate_0,PJM_Rest_battery_moderate_0,NENG_Rest_conventional_hydroelectric_1,NY_Z_A_conventional_hydroelectric_1,NY_Z_B_conventional_hydroelectric_1,NY_Z_C&E_conventional_hydroelectric_1,NY_Z_D_conventional_hydroelectric_1,NY_Z_F_conventional_hydroelectric_1,PJM_EMAC_conventional_hydroelectric_1,PJM_Rest_conventional_hydroelectric_1,NY_Z_A_res_water_heat_1,NY_Z_B_res_water_heat_1,NY_Z_C&E_res_water_heat_1,NY_Z_D_res_water_heat_1,NY_Z_F_res_water_heat_1,NY_Z_G-I_res_water_heat_1,NY_Z_J_res_water_heat_1,NY_Z_K_res_water_heat_1,PJM_EMAC_res_water_heat_1,PJM_Rest_res_water_heat_1,NENG_Rest_res_water_heat_1,NY_Z_A_trans_light_duty_1,NY_Z_B_trans_light_duty_1,NY_Z_C&E_trans_light_duty_1,NY_Z_D_trans_light_duty_1,NY_Z_F_trans_light_duty_1,NY_Z_G-I_trans_light_duty_1,NY_Z_J_trans_light_duty_1,NY_Z_K_trans_light_duty_1,PJM_EMAC_trans_light_duty_1,PJM_Rest_trans_light_duty_1,NENG_Rest_trans_light_duty_1,Total
Zone,1,2,6,10,11,1,2,3,4,5,6,7,8,9,10,11,1,2,3,4,5,6,10,11,2,3,4,5,6,7,8,9,10,11,1,2,3,4,5,6,7,8,9,10,11,1,0
AnnualSum,1.9653020801166162e8,2.809213531517192e7,1.3015005234783979e8,1.7512438097916657e8,4.898039550630429e8,0.0,0.0,654074.8771902745,0.0,0.0,0.0,0.0,0.0,0.0,1.1097128131037714e7,0.0,6.482214669529419e6,1.9417511647753783e7,0.0,351501.6480724523,8.082632700607242e6,1.5621695738633336e6,3.875925536137281e6,7.845380887827471e6,56459.54878529459,46821.82421920569,77199.27437938927,10557.153541792239,47660.51266023006,76087.8831675439,323011.4409384255,102998.78831331777,758953.5611383788,3.4507956474865736e6,739437.3546555409,284466.9425898338,227290.41561796053,425981.88879551576,49205.13630412259,265781.4486703419,435895.4856245027,2.1630478043478755e6,606385.5831390906,5.097114899776009e6,2.472466444694516e7,4.279318306742128e6,1.1233184067367406e9
t1,13781.487579226143,2331.6633676952965,12077.252063207623,21300.293743094684,41848.80547272137,-0.0,-0.0,-0.0,-0.0,-0.0,-0.0,-0.0,0.0,-0.0,-0.0,-0.0,597.3768995519505,1878.2948249544306,0.0,30.228915,651.8089599999972,143.4785,331.0164,590.354579620646,-0.0,7.340239682189981,-0.0,-0.0,-0.0,-0.0,-0.0,-0.0,-0.0,680.0190131591528,-0.0,33.905133358853206,34.8516288479577,25.454238014563074,2.935931148376257,15.563285504984819,28.789227765631253,103.15664879586092,35.14566122279538,608.26487924793,2740.8464802927256,646.1043446401836,100524.43801675334
t2,14949.814638377009,2398.413700514719,12077.252063207623,21300.293743094684,45046.94347272137,-0.0,-0.0,-0.0,-0.0,-0.0,-0.0,-0.0,-0.0,-0.0,164.7336309318392,-0.0,553.6729707708436,2137.624639908861,0.0,27.415229999999998,612.4624,143.56088000000005,406.6348,787.7053213434637,3.142469108046601,-0.0,4.7137036620699,0.5451221922121654,2.885941017593817,5.33899088254856,19.127375744385684,6.509400295239387,46.59413476578957,-0.0,42.79297741046188,10.622729540483025,8.03834064221115,28.271221421665086,3.2608463677844397,17.285651619517516,31.975289625847413,114.57284470885327,39.03518030561372,-0.0,683.2553577018189,438.1701334995801,102112.66520138213
t3,16534.59463837701,2398.413700514719,12077.252063207623,21300.293743094684,48245.081472721366,-0.0,-0.0,-0.0,-0.0,-0.0,-0.0,-0.0,-0.0,-0.0,1022.1023881240102,0.0,585.6769172238589,2600.512094863291,0.0,27.43422,612.62432,143.6158,503.5773599999998,985.5879988090072,2.4598960291653897,0.8500851513111048,6.391052886804562,0.7391013542563101,3.9128895225334066,7.238845616686801,25.93376222434641,8.82573970082535,-0.0,84.33171130103304,57.934945935794865,11.477400353675531,8.685079797831653,29.551793630022313,3.408549545232138,18.06862186113347,33.423641171693774,119.76253207956414,40.80331640069151,14.975167301394658,195.7557132641258,300.4425278384158,108011.7390899021
t4,18119.37463837701,2522.8693111304465,12077.252063207623,21994.723921611996,51443.219472721365,-0.0,-0.0,-0.0,0.0,-0.0,-0.0,-0.0,-0.0,-0.0,1162.757368112131,-0.0,706.2704448102406,2924.663336888212,0.0,32.7261,680.2259200000001,166.54489999999996,552.9867199999997,1184.0697637094665,2.664346080888799,2.0254467655736277,3.996519121333197,0.4621824834194854,2.4468484416325698,2.626814882882014,9.410781247081815,3.202663190540834,24.032154176235384,188.32310285918146,20.863996076207236,12.535582667189933,9.48581842768903,-0.0,-0.0,-0.0,7.295435623083819,6.425439249343327,-0.0,33.96974903802486,253.1702948183681,187.6783922141407,114338.29952793132
t5,19704.154638377007,2730.7093111304466,12411.847395373523,22501.105188538193,54641.35747272136,-0.0,-0.0,84.44384753229254,-0.0,-0.0,-0.0,-0.0,-0.0,-0.0,1162.757368112131,-0.0,915.3930544293985,3047.935328913133,0.0,36.655447499999994,783.4188003971569,189.3275466666666,572.0,1383.159695501197,-0.0,-0.0,6.163010927152717,0.7127291548407906,3.773271996215949,6.980553192999507,25.008408286031273,8.510824613687086,65.28561539539,-0.0,55.535526451513974,-0.0,-0.0,0.8141938797362065,0.09391038030551992,0.4978161907457658,8.216304400836975,9.725067077747953,1.1241893098709324,-0.0,-0.0,-0.0,120356.70651644959
t6,21288.934638377006,2730.7093111304466,12496.84803743681,22501.105188538193,57241.5,-0.0,-0.0,84.44384753229254,-0.0,-0.0,-0.0,-0.0,0.0,-0.0,1162.757368112131,-0.0,1035.823146081333,2970.571560938054,0.0,35.34355499999999,819.6577607943138,189.40077333333326,543.53728,1507.7631280356532,-0.0,-0.0,-0.0,-0.0,-0.0,-0.0,-0.0,-0.0,-0.0,-0.0,-0.0,2.1274675568892243,1.6098789734178527,4.001825638632308,0.46157675339208054,2.4468049257483107,4.5261409798640955,22.643364205905844,5.525477057596458,-0.0,-0.0,-0.0,124651.738131401
t7,22759.555556318846,2730.7093111304466,12496.84803743681,22501.105188538193,57241.5,-0.0,0.0,5.97865949990107,-0.0,0.0,-0.0,-0.0,-0.0,-0.0,1162.757368112131,-0.0,1067.6,2692.572032962975,0.0,28.796752500000004,788.9428011914708,166.73712,467.5985600000001,1507.7631280356534,11.010903844530587,8.370534045076823,16.516355766795876,1.91005474854102,10.112054551099519,18.707300919534106,67.02045044145403,22.808300820813358,191.56510242424648,-0.0,125.50536385165731,7.668361557655061,5.802736682051062,12.303869837766353,1.4191473609069818,7.5228588257787585,13.915911014718954,56.2884906971333,16.98843394173115,111.0090110523071,211.0818153751669,80.67785541522062,126616.66942890061
t8,24344.335556318845,2730.7093111304466,12496.84803743681,22501.105188538193,57241.5,-0.0,-0.0,5.97865949990107,-0.0,-0.0,-0.0,0.0,-0.0,-0.0,1162.757368112131,-0.0,1023.3354589836119,2213.9367449878955,0.0,27.52284,825.5865615886277,143.94532,439.13584000000014,1383.1941166191145,26.045444318706856,19.799853079016945,39.06816647806028,4.5180872797756795,23.919285598812415,44.25067835780297,158.53170955212897,53.951277517321344,451.0982904057779,-0.0,76.53163680722045,18.204713483292068,13.775714397591816,28.09071928339361,3.240026972216733,17.175288610003264,31.771138271251466,120.26677529257009,38.78595394896341,319.76666044856677,428.33591713098906,228.39628364835835,128685.4146240974
t9,25929.115556318844,2730.7093111304466,13507.21023743681,22501.105188538193,57241.5,-0.0,-0.0,5.97865949990107,-0.0,-0.0,-0.0,-0.0,-0.0,-0.0,2031.123621282908,-0.0,1067.6,1906.5895324939477,0.0,31.521817499999994,929.6700019857846,144.0277,458.0919200000002,1384.3139079897119,27.98014698105046,21.27062193967611,29.4,3.4,25.696053349944293,47.53769869739695,170.307731369353,40.6,331.3,-0.0,-0.0,29.901912937439413,22.627118682525463,45.616892291033835,5.261522851037499,27.8911793851114,51.59357358784344,184.86845823208452,62.98502597407025,549.7289585228663,87.48268784783568,300.2070359039327,131934.21407272972
t10,27157.311810735715,2730.7093111304466,14517.57243743681,23095.0,57241.5,-0.0,-0.0,5.97865949990107,-0.0,-0.0,-0.0,-0.0,-0.0,0.0,2031.123621282908,-0.0,1023.172023049164,1802.7999599999998,0.0,40.793684999999996,1101.1931223829415,166.95680000000002,524.5240000000002,1507.7631280356532,18.74320037114338,14.248657425001852,-0.0,-0.0,7.696053349944293,14.23769869739695,51.00773136935301,-0.0,-0.0,-0.0,85.00458362372704,40.99505530005864,31.02142607437323,-0.0,-0.0,-0.0,-0.0,-0.0,-0.0,-0.0,-0.0,474.19373231560996,133683.54669708016
t11,27170.79238640027,2888.6399999999994,15527.934637436809,23095.0,57241.5,-0.0,-0.0,5.97865949990107,-0.0,-0.0,-0.0,-0.0,-0.0,-0.0,2476.487220912249,-0.0,956.7752115245821,1813.7328463043768,0.0,53.53069999999998,1237.5468574546712,212.76008000000002,572.0,1507.7631280356532,7.8183322935393385,6.5364468466676495,11.727498440309004,1.3562413162262115,7.180101085903473,-0.0,-0.0,-0.0,-0.0,-0.0,200.69483607146225,46.05781185220206,39.04532942900759,19.075316228271877,2.2001764518611466,11.66307128850666,-0.0,-0.0,-0.0,-0.0,-0.0,122.27875424160678,135236.07564311408
t12,27459.21505720773,3096.4799999999996,16538.29683743681,23095.0,57241.5,-0.0,-0.0,5.97865949990107,-0.0,-0.0,-0.0,-0.0,-0.0,-0.0,2476.487220912249,-0.0,978.9074820327764,2028.223372608754,0.0,61.03280499999997,1306.946672526401,255.03475000000012,572.0,1383.2843504169703,16.313133328533958,12.401310540569185,-0.0,-0.0,-0.0,14.432493595169433,-0.0,17.367325727683983,141.18960057073787,402.3162997713738,126.37551308580674,62.030971414555665,46.93954380530974,-0.0,-0.0,-0.0,27.068609325465,1.784137114094733,0.6078588178167266,-0.0,940.604834500913,376.25363727141826,138684.07247651104
t13,28032.18473391403,3304.3199999999997,17402.594616269856,23095.0,57241.5,-0.0,-0.0,90.42250703219361,-0.0,-0.0,-0.0,-0.0,-0.0,-0.0,2476.487220912249,-0.0,1067.6,2446.028048913131,0.0,63.299999999999976,1309.3116075981306,274.60000000000014,524.5621333333333,1206.8386965777663,-0.0,11.735026450780245,9.263257646095147,1.0712610883239286,5.6713822323031495,26.226602738992085,42.25336999573701,30.49003729899078,255.1524621470952,921.7061800114318,230.32727975947364,27.16375151496834,1.839543805309738,27.8432038208466,3.2114781562678614,17.02395216817721,58.5598028966353,114.62238417752569,39.052058494304816,347.27093437330296,2030.9443870407026,673.5438888948408,143409.72180926282
t14,28365.0,3512.16,17773.227684881313,23095.0,57241.5,-0.0,-0.0,174.86635456448613,-0.0,-0.0,-0.0,-0.0,-0.0,-0.0,2476.487220912249,-0.0,1067.6,2847.299568913131,0.0,63.29999999999996,1275.5917675981304,271.4283700000002,524.5430666666667,1156.0818455256988,-0.0,-0.0,19.272430715712737,2.2287845045382078,11.799447376966981,23.13102966145074,82.86882398231452,26.614309083603302,219.6885667950967,-0.0,-0.0,-0.0,-0.0,56.551203134644055,6.522703161106762,34.576659475381476,91.02909663340509,230.96532876502064,78.69031510562874,79.56629531502165,3010.0005331263455,-0.0,143817.59140589793
t15,27952.91572372999,3720.0,18083.8,23095.0,57241.5,-0.0,-0.0,199.53650173036988,-0.0,-0.0,-0.0,-0.0,-0.0,-0.0,2476.487220912249,-0.0,1003.2182752007743,3047.935328913133,0.0,63.29999999999996,1309.3116075981306,274.60000000000014,572.0,1231.0510799330493,-0.0,-0.0,-0.0,-0.0,-0.0,22.807942870239174,81.71133887145746,-0.0,-0.0,325.29465038431226,-0.0,-0.0,-0.0,-0.0,-0.0,-0.0,101.0,361.9,-0.0,-0.0,3014.8830678579534,-0.0,144178.25273800164
t16,25839.75175144362,3720.0,18083.8,23095.0,57241.5,-0.0,-0.0,199.53650173036988,-0.0,-0.0,-0.0,-0.0,-0.0,-0.0,2476.487220912249,-0.0,850.1440324343247,3047.935328913133,0.0,63.29999999999996,1309.3116075981306,274.60000000000014,572.0,1431.708820251579,-0.0,-0.0,-0.0,-0.0,-0.0,-0.0,-0.0,-0.0,-0.0,757.2678809837982,83.88666387079004,-0.0,-0.0,-0.0,-0.0,-0.0,-0.0,-0.0,-0.0,-0.0,1223.4240159870083,-0.0,140269.653824125
t17,25839.75175144362,3720.0,18083.8,23095.0,57241.5,-0.0,-0.0,199.53650173036988,-0.0,-0.0,-0.0,-0.0,-0.0,-0.0,1279.8202715136035,-0.0,746.6509209513523,3047.935328913133,0.0,63.29999999999996,1309.3116075981306,274.60000000000014,524.5240000000001,1507.7631280356532,4.678026052716133,-0.0,-0.0,-0.0,-0.0,-0.0,-0.0,13.437662373841281,-0.0,-0.0,179.44125404090366,22.93932791310825,-0.0,-0.0,-0.0,-0.0,-0.0,-0.0,76.32212244710924,457.61653682141434,-0.0,579.8491054953174,138267.77754533026
t18,23726.587779157246,3442.8637413394918,17804.07604345399,21374.44572748268,53924.20812757943,-0.0,-0.0,199.53650173036988,-0.0,-0.0,-0.0,-0.0,-0.0,-0.0,1279.8202715136035,-0.0,731.686891501156,2847.299568913133,0.0,60.36414599999998,1242.3576875981303,266.7519320000001,524.5240000000001,1459.1997037600022,12.070343797787402,5.507193716379213,10.86654330614422,1.2823408333286896,6.788863235269532,12.308023540632739,-0.0,28.750320560060338,119.41483319200555,594.9592662167237,111.72965802937213,66.94105099647886,33.29660589026871,65.92875623062073,7.604324626824118,-0.0,74.56667837953746,-0.0,85.2931629413809,457.61653682141434,691.5373011836709,-0.0,131270.18392552712
t19,21613.423806870873,3300.2959964792162,16456.847406040597,21300.293743094684,50582.50296738581,-0.0,-0.0,99.76825086518494,0.0,-0.0,-0.0,-0.0,-0.0,-0.0,1279.8202715136035,-0.0,805.3517234182826,2639.058619275422,0.0,52.18705199999998,1108.3688875981302,236.1944440000001,545.2590000000001,1286.1577987416254,-0.0,14.9,29.4,2.14332492377924,6.214287798542026,33.3,75.20548923731273,14.016671367822575,-0.0,900.0566896452539,258.5,44.43402932310597,16.265285798504994,20.014595256170008,14.014688330922427,33.98115128580269,36.425584604190774,225.23404121487164,38.73081776811115,1183.780911510463,2975.6350062465967,591.4646124187858,127819.24715401366
t20,20120.979496085263,3163.072143676821,15109.618768627202,21300.293743094684,46318.06878724724,-0.0,-0.0,50.85330001719951,-0.0,-0.0,0.0,-0.0,-0.0,-0.0,1279.8202715136035,-0.0,790.3240373681853,2634.3753096377113,0.0,38.775047999999984,915.2792875981302,182.90007600000007,518.4608000000001,988.5007263419313,6.921997770968618,-0.0,-0.0,4.369515006276858,-0.0,-0.0,153.31857066142032,-0.0,122.53105953781093,1835.9499521743996,189.7297696337873,65.46648924606043,32.18078818986818,51.52799577831485,7.349492646466569,53.24914309441533,72.06784051389548,352.9462433309323,43.51178369966921,1128.564648050299,4304.113704608261,331.4116449027521,122166.53243405357
t21,18007.81552379889,2885.9358850163126,13762.390131213808,21300.293743094684,42053.634607108674,-0.0,-0.0,-0.0,-0.0,-0.0,-0.0,-0.0,-0.0,-0.0,1279.8202715136035,0.0,686.603833350864,2428.81275,0.0,30.635933999999992,748.4928583987535,152.47988800000005,444.18660000000006,682.7531089829313,-0.0,-0.0,-0.0,4.425435367125511,-0.0,-0.0,155.2807174406098,26.261576045850717,-0.0,1411.4,288.9453117110389,37.540916522787185,44.67292565047986,76.26298192537965,10.202464172947728,39.6244112586724,100.0435807250214,453.1880292953528,77.66434575939027,1439.3170677406802,5283.1522107973105,590.9384593167972,114502.77556820796
t22,15894.651551512517,2608.7996263558043,12415.161493800413,21300.293743094684,38650.66747272137,-0.0,0.0,-0.0,-0.0,-0.0,-0.0,-0.0,-0.0,-0.0,1279.8202715136035,-0.0,671.4732104669092,2023.1584100000002,0.0,27.769709999999996,649.1461091993766,144.90642,417.38840000000005,502.6942944110674,10.820006973063096,8.225413464216333,16.23001045959464,2.9023753522487006,9.936741097711005,12.040911367007766,143.02614784744236,26.261576045850717,174.84519996883043,776.5271488753126,258.5,50.10066311240364,54.1770291939648,75.06693315331619,8.658336074794589,51.13048783238144,121.3277150463513,529.4526650467319,103.64784835166726,1671.389950016152,6021.116616882471,787.9032282976347,107499.2177175349
t23,13781.487579226143,2331.663367695296,12077.252063207623,21300.293743094684,38650.66747272137,-0.0,-0.0,-0.0,-0.0,-0.0,-0.0,0.0,-0.0,-0.0,83.15332211495794,-0.0,567.6893498496889,1821.0617100000002,0.0,27.7887,617.23904,156.34351,350.34999999999997,448.364129977029,19.762771862476185,6.798326370013012,13.414147334119633,1.5512959502043113,18.149484363498537,27.234486408714698,120.29074914252085,18.524298699498544,139.42673811028263,1402.6563983103804,130.3364950450155,58.346520321430575,60.41676342428551,87.42188363596895,10.083375156220384,53.45167801258573,135.30139924285666,579.5227275290615,120.70681133611392,1818.418993086183,5812.70365077492,915.9117436256633,103763.7847256288
t24,13781.487579226143,2331.6633676952965,12077.252063207623,21300.293743094684,38650.66747272137,-0.0,-0.0,-0.0,-0.0,-0.0,-0.0,-0.0,-0.0,-0.0,-0.0,-0.0,552.4275905997903,1822.52265,0.0,27.80136,624.2015999999942,145.04372,302.87399999999997,463.23234564168666,14.524361903696425,11.041479202299833,21.78654285554463,2.519532166967747,13.338699707476307,24.67659445883117,88.40593750566242,30.086178229085448,225.74271662626018,1030.1437238296007,211.52800767429994,63.964452429856685,48.40263094943853,95.83935573802351,11.054259396434963,58.598307091781464,108.39613582911953,388.4015995698847,132.32914403693505,1191.3422454608237,3857.3947094482487,1002.9522642912533,100711.9363705881
t25,13259.13884519231,3720.0,14807.106525416517,19363.005154495906,57241.5,-0.0,-0.0,-0.0,-0.0,-0.0,-0.0,-0.0,-0.0,-0.0,-0.0,-0.0,510.91479845058757,1558.779698133785,0.0,23.59824,671.4012799999996,124.65009333333316,352.0316800000001,592.9202464979959,7.746844978079418,5.8891831721113945,11.620267467119124,1.3438404553811232,7.11444946966477,13.161731518879826,47.15299009616705,16.047036026021644,-0.0,234.9090982242035,109.23332333096238,49.57257750657152,37.51213499238888,74.27569079424227,8.567072958350451,45.41380422581892,84.00722027120345,301.0120100608765,102.5553491033602,568.8148007354356,2947.9347456264295,742.3356675007726,117641.26640003445
t26,14106.667538896054,3720.0,14807.106525416517,19363.005154495906,57241.5,0.0,-0.0,-0.0,-0.0,-0.0,-0.0,-0.0,-0.0,-0.0,397.8732644879511,-0.0,510.91479845058757,1373.2836,0.0,23.59824,671.40128,120.21988000000002,430.7617600000001,662.4373473555762,3.4371001537044403,2.6128975658263345,5.155650230556661,0.5962316593160765,3.1565205493204034,5.839563016242747,20.92071675188467,7.119707461244909,17.00021578892439,258.97468120039224,46.08620932628612,34.31178243132376,25.964117242495025,51.410103542235134,5.9297207893059545,31.43327719379664,58.1458057980487,208.34620909221627,70.9839391574198,-0.0,2055.4763432965665,517.2352196485501,116858.90540099824
t27,15691.447538896055,3720.0,14807.106525416517,19892.94629791207,57241.5,-0.0,-0.0,-0.0,-0.0,-0.0,-0.0,-0.0,-0.0,-0.0,1410.732170458965,-0.0,510.91479845058757,1389.884201866215,0.0,25.114908,671.40128,138.58146666666687,462.01584000000014,731.9544482131565,-0.0,-0.0,-0.0,-0.09694589474751522,-0.0,-0.0,-0.0,3.041932443592673,-0.0,111.62330914654105,19.038054201674626,2.97316230391624,2.249825837359438,4.4547549285187955,0.5138183176231088,2.723735936138034,5.038412629119797,18.0534804997867,44.55871818833059,2.8775753397652863,1323.904786644747,326.48458238457863,118561.03867878718
t28,17276.227538896055,3720.0,14807.106525416517,21092.915538167133,57241.5,-0.0,-0.0,-0.0,-0.0,-0.0,-0.0,-0.0,-0.0,-0.0,1803.4547731895118,-0.0,510.91479845058757,1608.5815037324303,0.0,23.59824,676.1354410854481,152.1924733333334,540.74592,801.4715490707368,-0.0,-0.0,0.838296854581455,-0.0,0.5132429721927275,0.9494994985565459,-0.0,-0.0,8.63111714561518,-0.0,-0.0,4.160431215676184,3.1482457689093284,6.233666234226228,0.7190006966688709,3.811401751273822,7.050395180927755,25.26275263344314,22.134243850666245,23.91557329339955,567.6845206496657,138.25770842719436,121068.15439751474
t29,18861.007538896054,3720.0,14807.106525416517,22383.255538167134,57241.5,-0.0,-0.0,-0.0,-0.0,-0.0,-0.0,-0.0,-0.0,-0.0,2005.3255055227507,-0.0,551.36319876047,2029.3755055986455,0.0,27.335472000000003,748.0664021708961,143.01168,572.0,870.9886499283172,1.832965200602773,1.3934276269888424,2.7494478009041585,0.414909245872486,1.6833353883086684,3.1141704683710367,11.15677287917912,3.796856486962886,37.16418120864284,-0.0,22.461457962268724,4.778765764437803,3.6161465767809564,7.160130583293554,0.8258605264045199,4.377862596280272,8.098243996782177,29.0173713112423,9.886272126764787,34.957028111572946,-0.0,65.78473046321217,124214.60595278566
t30,20445.787538896053,3720.0,14807.106525416517,23095.0,57241.5,-0.0,-0.0,-0.0,-0.0,-0.0,-0.0,-0.0,-0.0,-0.0,2005.3255055227507,-0.0,680.4223990703525,2454.2948954044673,0.0,36.326604,887.1941632563442,120.21988000000002,572.0,940.5057507858975,5.759774750962791,4.37860427496661,8.639662126444183,1.0960904944043257,5.289589057006642,9.78573975546229,35.05822080560514,11.930961984137205,-0.0,-0.0,69.51511485377999,7.193828946170308,5.443652440810084,10.778673236459873,1.2432288279455401,6.590319806390922,12.190884623543637,43.68199153723212,14.882535386959717,-0.0,-0.0,97.04381756369361,127356.18595282437
t31,22030.56753889605,3720.0,14807.106525416517,23095.0,57241.5,-0.0,-0.0,68.84456629949044,0.0,-0.0,-0.0,-0.0,-0.0,-0.0,2476.487220912249,-0.0,898.0923993802351,2779.879172152836,0.0,50.571636000000005,1093.5187243417922,120.21988000000002,572.0,1010.0228516434778,-0.0,-0.0,-0.0,-0.0,14.992936285128502,-0.0,-0.0,-0.0,-0.0,-0.0,-0.0,-0.0,6.727919842032735,-0.0,-0.0,10.662438872780506,-0.0,-0.0,-0.0,-0.0,-0.0,-0.0,129996.19381004258
t32,23615.34753889605,3720.0,15817.468725416516,23095.0,57241.5,-0.0,-0.0,68.84456629949044,-0.0,-0.0,-0.0,-0.0,-0.0,-0.0,2476.487220912249,-0.0,1027.1515996901176,2903.366748901205,0.0,59.562768000000005,1232.6464854272403,143.01168,572.0,1079.5399525010582,13.945437874793244,10.601378792572413,-0.0,2.419106570117195,6.463148246963799,23.69301434850076,42.83631032571006,14.577989934818348,10.411502699456776,974.9080506171321,-0.0,12.740434902691224,16.368752293565862,19.08927578540816,2.201786568753685,-0.0,21.590334314963314,77.36180186718042,23.419915676055194,227.98244527764996,703.6312879402103,-0.0,135256.1692600805
t33,25200.12753889605,3720.0,16561.378603433266,23095.0,57241.5,-0.0,-0.0,68.84456629949044,-0.0,-0.0,-0.0,-0.0,-0.0,-0.0,2476.487220912249,-0.0,1067.6,2824.757625649574,0.0,63.3,1304.5774465126885,164.08265333333338,548.262,1149.0570533586385,26.507787561432664,20.15132829925238,18.843524529959126,4.598289679024033,-0.0,18.8483586545996,-0.0,-0.0,202.53005630648227,804.3613030277319,50.205591735034545,27.075401896786545,27.21618537131249,40.56767431850735,2.4773516785097622,13.132369091906115,45.882811939185245,164.40583802763504,53.07597994404098,480.5934709723681,1042.1350402395992,195.26664986814598,138722.8497215368
t34,26784.90753889605,3720.0,17194.879410411264,23095.0,57241.5,-0.0,-0.0,68.84456629949044,-0.0,-0.0,-0.0,-0.0,-0.0,-0.0,2476.487220912249,-0.0,1067.6,2710.4074321868547,0.0,61.783332,1309.3116075981366,162.36182666666676,572.0,1218.5741542162189,21.06842086891713,16.016299538105372,-0.0,1.9966076091103977,7.811698024540753,-0.0,-0.0,-0.0,-0.0,-0.0,-0.0,40.60197415065967,37.45189692583729,60.83483710828705,4.814997554598575,25.52416179427982,68.8053588794736,246.5411819651633,37.542678478822666,-0.0,-0.0,-0.0,138252.66720208473
t35,28114.831295884596,3720.0,17330.65667562551,23095.0,57241.5,-0.0,-0.0,137.02820716788375,-0.0,-0.0,-0.0,-0.0,-0.0,-0.0,2476.487220912249,-0.0,1067.6,2798.1539387241355,0.0,55.012764000000004,1246.8489686835846,183.43280000000016,564.8147913728187,1288.0912550737992,8.50607118227771,1.1162995381053715,12.135216556515969,-0.0,-0.0,13.744990181359926,-0.0,16.758156197093484,50.99996600435672,-0.0,106.36352222022893,43.40559100704992,32.845505946609926,77.517111464587,7.501301801553931,39.76418236551889,-0.0,340.9269593411966,69.70008757101638,-0.0,-0.0,220.55671457936324,140361.29959340143
t36,28365.0,3720.0,17697.95589559495,23095.0,57241.5,-0.0,-0.0,199.53650173036988,-0.0,-0.0,-0.0,-0.0,-0.0,-0.0,2476.487220912249,-0.0,1067.6,3024.092983818634,0.0,50.769976,1206.5990240501833,183.43280000000016,572.0,1357.6083559313795,7.764530488511652,5.902627769327735,23.782012289283443,1.3469083500479395,7.130691264959678,-0.0,-0.0,-0.0,167.48146978586323,-0.0,-0.0,62.34081109041247,47.17400302311414,105.88817108613526,10.77366366159813,57.110877274102705,27.504669166808178,138.03198124094996,-0.0,327.360330198459,1058.2085087583582,-0.0,142305.3840134857
t37,28365.0,3720.0,18083.8,23095.0,57241.5,-0.0,-0.0,199.53650173036988,-0.0,-0.0,-0.0,-0.0,-0.0,-0.0,2476.487220912249,-0.0,1067.6,3047.935328913133,0.0,51.781088,1233.545879416782,206.22460000000015,548.262,1427.1254567889598,14.782567853517847,11.23776841925591,22.173851780276763,2.5643229949979935,13.57582762057761,-0.0,-0.0,14.537363113227114,105.64574558613731,491.47986618997567,-0.0,83.95117022827799,63.526808343881505,125.78589767424872,14.508339821329923,76.90828681986542,64.12625092728499,269.2532727173515,44.70733694125535,-0.0,2283.6724469419396,-0.0,144466.23519973486
t38,28365.0,3720.0,18083.8,23095.0,57241.5,-0.0,-0.0,199.53650173036988,-0.0,-0.0,-0.0,-0.0,-0.0,-0.0,2476.487220912249,-0.0,1027.535695311452,3047.935328913133,0.0,58.046099999999996,1305.0271435074592,251.80820000000014,572.0,1496.6425576465401,-0.0,-0.0,19.65093891290674,-0.0,-0.0,-0.0,-0.0,27.13701087972835,197.2419227264441,-0.0,-0.0,59.6,39.30484212105446,51.489957589550315,5.522470848579758,31.482101728885183,0.5965522862915407,-0.0,90.45078404586434,384.70809179487594,3555.214628445772,-0.0,145402.71804940113
t39,28365.0,3720.0,18083.8,23095.0,57241.5,-0.0,-0.0,199.53650173036988,-0.0,-0.0,-0.0,-0.0,-0.0,-0.0,2476.487220912249,-0.0,1067.6,3047.935328913133,0.0,63.3,1309.3116075981366,274.6,572.0,1507.8,-0.0,-0.0,-0.0,-0.0,-0.0,-0.0,-0.0,-0.0,-0.0,342.8243279807522,-0.0,-0.0,-0.0,-0.0,-0.0,-0.0,43.360430040551535,-0.0,-0.0,-0.0,3841.1840501376846,-0.0,145251.23946731287
t40,28365.0,3720.0,18083.8,23095.0,57241.5,-0.0,-0.0,199.53650173036988,-0.0,-0.0,-0.0,-0.0,-0.0,-0.0,2476.487220912249,-0.0,1067.6,3047.935328913133,0.0,63.3,1309.3116075981366,274.6,572.0,1393.81004235346,-0.0,-0.0,-0.0,-0.0,-0.0,-0.0,-0.0,-0.0,-0.0,745.8416174814603,-0.0,-0.0,-0.0,-0.0,-0.0,-0.0,-0.0,-0.0,-0.0,-0.0,5733.223998409105,-0.0,147388.94631739793
t41,27590.334597701734,3720.0,18083.8,23037.62348023012,57241.5,-0.0,-0.0,199.53650173036988,-0.0,-0.0,-0.0,-0.0,-0.0,-0.0,1910.3104935674692,-0.0,1067.6,3047.935328913133,0.0,63.3,1309.3116075981366,274.6,524.524,1154.67268470692,-0.0,-0.0,-0.0,-0.0,-0.0,-0.0,-0.0,-0.0,81.45645393625968,781.9224037751177,-0.0,-0.0,-0.0,-0.0,-0.0,-0.0,-0.0,-0.0,-0.0,773.9177455271101,4715.095083265651,-0.0,145577.440380952
t42,25477.17062541536,3720.0,18083.8,23037.62348023012,57241.5,-0.0,-0.0,199.53650173036988,-0.0,-0.0,-0.0,-0.0,-0.0,0.0,713.6435441688236,-0.0,978.9891999999999,3047.935328913133,0.0,63.3,1305.5064875981366,274.6,429.572,790.3879270603802,-0.0,-0.0,-0.0,-0.0,-0.0,-0.0,6.708559562360719,-0.0,191.6214961152004,872.3779174216945,98.44336143561115,-0.0,-0.0,-0.0,-0.0,-0.0,-0.0,281.7376586133218,-0.0,759.76285639479,4132.140570470812,83.65308147209021,141790.01059660217
t43,23364.00665312899,3720.0,18083.8,22188.649734184462,57241.5,-0.0,-0.0,199.53650173036988,-0.0,-0.0,-0.0,-0.0,-0.0,-0.0,-0.0,-0.0,962.3559015753461,3047.935328913133,0.0,60.92414000000004,1234.5045675981366,274.6,351.4368,551.2505694138401,-0.0,-0.0,-0.0,-0.0,-0.0,-0.0,67.82348330608258,20.79854068730182,73.43222766688453,663.9527618707664,135.10245596913683,40.342994159362796,30.528003969584933,60.446801651528475,6.972027514118067,36.95851478357733,68.36648339086649,526.706275832674,83.46126140686967,692.3725422180274,5812.983352063621,668.7907766367312,140269.53869967142
t44,21250.842680842616,3720.0,16736.571362586605,20720.74681854122,57241.5,-0.0,-0.0,99.76825086518494,-0.0,0.0,-0.0,-0.0,0.0,-0.0,-0.0,-0.0,857.1118031506924,2845.838628913133,0.0,53.294380000000075,1096.3058475981366,251.8082,320.7776,370.47287027142045,8.457164519704794,6.429170986918439,12.685746779557185,1.4670591513773619,7.766783742586033,14.36854992378416,-0.0,-0.0,201.3239478150124,1255.8319682641027,250.29110867897657,62.427500486074784,47.23960187788545,93.53650660077983,10.788645218231046,57.19029406945778,105.79156961566366,636.2616975788882,129.14951023377552,1077.4024173770813,7164.779804065073,993.1293010311564,137701.3567907851
t45,19137.678708556243,3720.0,15389.34272517321,19363.005154495906,57241.5,-0.0,-0.0,-0.0,-0.0,-0.0,-0.0,-0.0,-0.0,-0.0,-0.0,-0.0,663.2569047260386,2441.645228913133,0.0,40.41072000000011,958.1071275981366,206.22459999999998,320.7776,314.84257112900076,8.457164519704794,6.429170986918439,-0.0,-0.0,-0.0,14.36854992378416,51.142189696120205,17.404634548721546,-0.0,861.267333970256,106.10047340498343,79.71920692027565,60.324433424571005,119.44505332182241,13.776977034879856,73.03135399072234,135.0946291769772,741.2594921852186,164.92245324278502,1385.7170436713095,8173.736173705813,1246.809967078281,133055.7976413948
t46,17024.51473626987,3720.0,14807.106525416517,19363.005154495906,57241.5,-0.0,-0.0,-0.0,-0.0,-0.0,-0.0,0.0,-0.0,-0.0,-0.0,-0.0,558.0128063013849,2061.858715389674,0.0,30.953700000000087,819.9084075981366,163.03917333333322,344.5156,384.35967198658113,8.740471536157438,6.644542137180908,13.110707304236154,1.5162042460681269,8.026963655654788,14.849882762961357,104.34312103609889,35.50989701647623,133.9393330974711,599.2535886484144,226.5132088346267,93.43471958265741,70.70311834191023,139.99530971025683,16.14727536411697,85.59623639619288,158.33736036658388,824.5421101804528,193.29699537821574,1628.0583267844595,5465.649854354451,1366.8510736456992,127713.83479117174
t47,14911.350763983497,3720.0,14807.106525416517,19363.005154495906,57241.5,-0.0,-0.0,-0.0,-0.0,-0.0,-0.0,-0.0,-0.0,-0.0,-0.0,-0.0,510.91479845058757,1884.1689018662153,0.0,26.750580000000063,712.0564437990683,142.64554666666646,320.77760000000006,453.87677284416145,16.856025342403356,12.814019265398468,25.284038013605027,2.9240043961311946,15.480023273635732,28.638043056226106,102.59815425248573,34.91605249497837,256.8846195672678,1156.1736229791322,237.38791224919507,102.49232582505368,77.55711232734768,153.56652174794118,17.71259993285324,93.89397634308612,173.68665953574538,622.3485355048142,212.0352982253208,1786.2630086130787,5998.231038039115,1507.5779983421476,126729.4746768496
t48,13259.13884519231,3720.0,14807.106525416517,19363.005154495906,57241.5,-0.0,-0.0,-0.0,-0.0,-0.0,-0.0,-0.0,-0.0,-0.0,-0.0,-0.0,552.4275905997903,1822.52265,0.0,27.801360000000024,671.40128,145.0437199999997,320.77759999999995,523.3938737017418,13.537221182953926,10.291050797245587,20.30583177443088,2.3482934705124157,12.432141902712788,22.99946252001866,82.39747383297976,28.041386736118845,205.31550088438445,943.0132245041946,194.62170955725043,68.43192992666624,51.78322214249411,102.5330762156258,11.826323460480914,62.69099620798623,115.96686111733713,415.5287825580624,141.57142550265013,1203.858699451382,4056.7704974261733,1019.409711725985,121239.79342230389
t49,21568.246325538887,2888.5912240184753,12416.872482384619,15261.130505620476,57241.5,-0.0,-0.0,-0.0,-0.0,-0.0,-0.0,-0.0,-0.0,-0.0,-0.0,-0.0,563.2910789030514,1730.8486649999998,0.0,26.149229999999996,624.36352,133.01623999999998,322.83680000000004,499.62542664756114,8.788153290830572,6.680790001702834,13.182229936245857,1.5244755708583644,8.07075302219134,14.93089309105398,53.49115753041262,18.20403181672047,54.294444195214226,649.5840916649075,53.302298721144375,63.797699484608486,48.27644709321884,95.5895061069721,11.025441353883682,58.44554348757758,92.88538473143805,552.6068859308991,131.98416688678233,1335.3840065401464,5545.387426915036,636.0318842626938,122729.93920974762
t50,21568.246325538887,2888.5912240184753,12416.872482384619,15261.130505620476,57241.5,-0.0,-0.0,0.0,-0.0,-0.0,-0.0,-0.0,-0.0,-0.0,-0.0,-0.0,574.2008281057219,1436.8344899999995,0.0,20.895329999999998,624.36352,100.3663,342.74240000000003,536.8862950395979,4.7087921340254235,3.5796429998458574,7.063188201038135,0.8168312885554304,4.3244009394111025,8.000141737910539,28.661168448430253,9.753926563338375,71.83801727881195,-0.0,-0.0,66.92643255886404,50.64399510746256,100.27735616621742,11.566145224098989,61.311798954932506,98.18743239083086,406.3871802525653,138.45686467295195,1238.2527520322994,3813.4005121135306,683.8167310075305,119820.60301078044
t51,21568.246325538887,2888.5912240184753,12416.872482384619,15261.130505620476,57241.5,-0.0,-0.0,-0.0,-0.0,-0.0,-0.0,-0.0,-0.0,-0.0,-0.0,-0.0,585.2103566429398,1220.8588599999998,0.0,20.895329999999998,624.36352,90.50816,362.59080000000006,574.1357254607311,-0.0,-0.0,3.8621258877500075,-0.0,-0.0,-0.0,15.67182375539374,5.333411940226201,-0.0,101.30307656984691,20.298762764157406,26.983711897106375,7.518988919319803,68.958227004898,1.7171970259200435,9.1028114189548,77.99306749714113,279.4622883882709,55.823685854248595,733.4207521880858,466.6240664076131,722.6958222218863,115451.67310940695
t52,21568.246325538887,2888.5912240184753,12416.872482384619,15727.793834157688,57241.5,-0.0,0.0,-0.0,-0.0,-0.0,-0.0,-0.0,-0.0,-0.0,-0.0,-0.0,596.2591654141145,1206.73644,0.0,26.14289999999999,657.96192,103.44182,382.38200000000006,611.3387030411293,0.9704847033330929,0.5645972233744678,-0.0,0.16834938731288343,0.8912614622446768,1.6488337051526525,-0.0,-0.0,14.787128408059893,-0.0,33.950251256704384,28.841458651389473,8.924767084054162,11.381928496265942,2.038250575737425,10.804706935462473,12.87317780652701,46.12676285328888,59.666977377790644,130.7690951724411,577.4011349895362,446.23075631146537,114815.30673695506
t53,21568.246325538887,2888.5912240184753,12416.872482384619,16909.320246896143,57241.5,-0.0,-0.0,-0.0,-0.0,-0.0,-0.0,-0.0,-0.0,-0.0,-0.0,-0.0,607.314954850742,1206.49295,0.0,26.142899999999997,624.36352,108.35716000000002,402.1160000000001,648.6140771222931,0.7398606915300615,0.5624451175407099,1.109791037295092,0.12834318118378615,0.6794639003847502,1.257008215711788,4.503335739772261,1.5325685753122702,11.346737412333233,-0.0,23.878412013082166,7.946147985157406,6.012940841117439,11.905889514673772,1.3732436954215,11.125068319617764,13.465787692968117,48.25018382262587,16.438926955870947,136.80295577747648,606.4681675950886,240.16166493465417,115793.62078382996
t54,21568.246325538887,2888.5912240184753,12416.872482384619,18013.5135651445,57241.5,-0.0,-0.0,-0.0,-0.0,-0.0,-0.0,-0.0,-0.0,-0.0,-0.0,-0.0,618.4705236219166,1206.49295,0.0,20.889,624.36352,90.48070000000001,421.79280000000006,685.8312635158612,2.332122353168539,1.7728889317454706,3.498183529752808,0.4045518367741342,2.141745018216005,3.9622282836996088,14.1950100373983,4.830824874420545,35.93291229195589,114.27305619398098,31.748076828433938,9.00284048913647,6.812552115101598,13.489155296642405,1.555860017417882,8.247568636021006,15.25649143293264,54.666576728498754,18.625003897827636,155.17751412163506,554.9391540579628,134.0689987551419,116983.97766995215
t55,23153.026325538885,2888.5912240184753,12416.872482384619,19303.8535651445,57241.5,-0.0,-0.0,-0.0,-0.0,-0.0,-0.0,-0.0,-0.0,-0.0,1012.8589059710138,-0.0,629.6653726270482,1206.2494599999998,0.0,20.889,624.36352,90.48070000000001,441.41240000000005,723.0513114637938,6.037565942902843,4.589782272921038,9.056348914354263,1.0473328676464115,5.54470341695159,10.257701321360443,36.74906209124026,12.506386596013032,68.79685793524823,430.37348132289014,81.30848287319807,8.030770405343524,6.076975591962972,12.032681161026455,1.3878680398496361,7.357048055901956,13.609191458719742,48.764023652581365,16.613993137229144,138.73900194134853,472.3994615572435,116.69800855622094,121260.79099626048
t56,24737.806325538884,2888.5912240184753,13163.021592830853,20594.193565144502,57241.5,-0.0,-0.0,-0.0,-0.0,-0.0,-0.0,-0.0,-0.0,-0.0,2025.7178119420275,-0.0,640.8995018661366,1258.4638296006144,0.0,20.889,691.56032,104.07340000000002,460.9748000000001,760.3008408435794,12.70231403617702,9.656350976481509,19.05347105426553,2.203462638928667,11.665390441387057,21.58097231656606,77.31561553652645,26.311936217795257,151.16617692331886,-0.0,-0.0,8.856896646838456,6.7021147445036,13.270484405414003,1.5306381788999355,8.113868404654024,15.00917049212558,53.78038416930915,18.323076452268154,154.58571721650912,521.1245029906581,-0.0,125720.9447556277
t57,26322.586325538883,3096.4312240184754,14173.383792830853,21884.533565144502,57241.5,-0.0,-0.0,84.44384753229254,-0.0,-0.0,-0.0,-0.0,-0.0,-0.0,2476.487220912249,-0.0,652.2011108712682,1512.5314092012293,0.0,26.13657,825.8729600000001,140.43044000000003,480.4800000000001,797.5442677731353,11.39978838507061,8.666165660079184,17.099682577605904,1.9775143116959213,10.469193414860758,-0.0,-0.0,-0.0,-0.0,623.6222205851478,-0.0,13.034196909006004,9.863125513358572,19.529425905607987,2.312988637372486,11.940724013955165,-0.0,-0.0,-0.0,-0.0,-0.0,-0.0,130444.47775973665
t58,27907.366325538882,3274.559889185785,15183.745992830853,23095.0,57241.5,-0.0,-0.0,115.09265419807734,-0.0,-0.0,-0.0,-0.0,-0.0,-0.0,2476.487220912249,-0.0,663.5420001103566,1947.2602048762622,0.0,29.03833958481071,1021.456454414591,176.78748000000002,499.9280000000001,834.7295070150955,21.832612802371678,16.59724136506826,32.748919203557506,3.7872899759216168,20.050358696055618,17.72515577021049,44.75649013883999,21.610850578695068,-0.0,-0.0,51.864531962146884,24.489170448312535,18.531234684880793,36.692666460307194,4.292623326212373,22.434709840232625,19.41195180318724,69.55629066904416,23.697957003296896,-0.0,-0.0,-0.0,134916.5741233953
t59,28365.0,3482.399889185785,16194.108192830852,23095.0,57241.5,-0.0,-0.0,115.09265419807734,-0.0,-0.0,-0.0,-0.0,-0.0,-0.0,2476.487220912249,-0.0,674.9221695834019,2263.0945678262647,0.0,37.194009169621424,1149.843148829182,209.40080666666668,519.3188000000001,871.9958098864585,22.679704495077573,17.241203927380393,34.019556742616345,3.934234453227741,20.828300046499805,-0.0,-0.0,40.6,-0.0,-0.0,-0.0,38.80157515312861,29.361594620907724,58.13725941567758,6.7056413435775974,35.54640945236279,45.456898415407196,-0.0,55.493421530888185,-0.0,905.9877250237263,-0.0,138010.15079370904
t60,28365.0,3628.445713644229,17204.47039283085,23095.0,57241.5,-0.0,-0.0,115.09265419807734,-0.0,-0.0,-0.0,-0.0,-0.0,-0.0,2476.487220912249,-0.0,686.3628381570376,2457.4237515218874,0.0,47.53829999999998,1211.0330432437727,219.22233333333332,538.6524000000002,909.2159567930435,19.759619808262602,15.021343629750646,29.639429712393888,3.4276891504128995,18.146589619832994,-0.0,-0.0,-0.0,123.182734569889,-0.0,108.83461672115823,56.6247962282622,42.848629360648076,84.84218629503042,9.785828878374174,51.8743938601194,-0.0,-0.0,-0.0,311.49892942172926,2081.7316513851147,303.64994731320877,141456.31299058866
t61,28360.904467066954,3628.445713644229,17655.37264779136,23095.0,57241.5,-0.0,-0.0,115.09265419807734,-0.0,-0.0,-0.0,-0.0,-0.0,-0.0,2476.487220912249,-0.0,697.8497676300829,2853.8496352175102,0.0,58.04609999999998,1285.1133967975147,251.80819999999997,557.9288000000001,946.4157017241307,12.966809147604037,9.85742123976021,19.45021372140605,2.249344443972128,11.908294115146564,-0.0,15.61539843204659,11.297715221172869,213.46715695613278,-0.0,188.74050162443865,78.47141133239052,59.38021226662437,117.57545355675288,13.561334508785611,71.88823924074703,42.84486259219049,-0.0,19.665579194044845,784.0707557664039,2916.0796822444263,692.1741633703566,144505.07885395654
t62,28360.904467066954,3720.0,18083.8,23095.0,57241.5,-0.0,-0.0,199.53650173036988,-0.0,-0.0,-0.0,-0.0,-0.0,-0.0,2476.487220912249,-0.0,709.375977337085,3047.935328913133,0.0,63.30000000000002,1309.311607598136,274.5999999999999,572.0,983.6474927654783,-0.0,9.194121297277434,18.14142054630581,2.097987410116998,-0.0,-0.0,-0.0,-0.0,111.56648699822017,-0.0,98.32401651688872,66.23596225281686,73.9079946048302,146.3411068339542,16.879209410859225,89.47619745950618,86.19915093653205,-0.0,-0.0,1269.5045958523322,4459.749584362898,295.61115331844906,146880.62758412442
t63,28360.904467066954,3720.0,18083.8,22143.347595689764,57241.5,-0.0,-0.0,133.03350946886155,0.0,-0.0,-0.0,-0.0,-0.0,-0.0,2476.487220912249,-0.0,721.0019663786344,3039.9243226087556,0.0,63.30000000000002,1266.3130183987573,274.5999999999999,538.538,942.3372846901774,-0.0,-0.0,-0.0,2.0682188285385292,4.85124088755603,-0.0,32.1529465491908,-0.0,202.07802209251616,-0.0,170.76137475065627,32.724380191664764,28.807994604830192,57.0411068339542,10.3,54.6,4.922791251176108,158.4127257058566,53.9715089238246,623.808451853258,6051.6197128406675,707.2859222931497,147200.493782821
t64,28360.904467066954,3720.0,18083.8,22143.347595689764,57241.5,-0.0,-0.0,199.53650173036988,-0.0,-0.0,-0.0,-0.0,-0.0,-0.0,1380.7175651750451,-0.0,670.4542746778491,2829.573126304378,0.0,58.04610000000002,1156.1176291993788,251.80819999999986,457.54280000000006,775.8245566455043,-0.0,-0.0,-0.0,-0.0,-0.0,-0.0,67.59465629194287,12.061470373476398,-0.0,446.6152065702512,-0.0,-0.0,-0.0,-0.0,-0.0,-0.0,50.467046295502605,321.60545739438885,109.57157473536378,1150.0,4200.027057472076,153.54827791533182,143840.6635635376
t65,28360.904467066954,3720.0,18083.8,20422.793323172442,57241.5,-0.0,-0.0,199.53650173036988,-0.0,-0.0,-0.0,-0.0,-0.0,-0.0,184.05061577639955,-0.0,531.3420438764736,2416.8817400000007,0.0,47.531970000000015,978.7254399999999,206.1971399999998,329.0144000000001,484.2314895809231,-0.0,-0.0,-0.0,-0.0,-0.0,-0.0,74.10966718819931,25.220892605539753,109.79733868192805,931.4981152477219,-0.0,-0.0,-0.0,-0.0,-0.0,-0.0,-0.0,502.6735360642661,171.26180435679476,-0.0,6003.725517290896,624.8817392352105,141649.67774187413
t66,26247.74049478058,3720.0,18083.8,20422.793323172442,57241.5,-0.0,-0.0,199.53650173036988,-0.0,-0.0,-0.0,-0.0,0.0,-0.0,184.05061577639955,-0.0,480.94039240964514,1810.8351300000006,0.0,33.39075000000001,793.4079999999999,144.8057333333332,247.90480000000008,317.73936967560724,-0.0,-0.0,-0.0,-0.0,-0.0,-0.0,-0.0,12.48394559764187,103.10756927953939,-0.0,91.98680258226949,-0.0,-0.0,-0.0,-0.0,-0.0,-0.0,369.11601553251796,227.23408982400196,520.3456714012062,7659.836940801305,818.3190821662271,139730.8752280631
t67,26247.74049478058,3720.0,16736.571362586605,18702.23905065512,57241.5,-0.0,-0.0,99.76825086518494,-0.0,-0.0,-0.0,-0.0,-0.0,-0.0,-0.0,-0.0,492.7124216851514,1406.64173,0.0,24.50343,675.2063999999999,106.20612666666662,214.21400000000008,276.39721444869826,-0.0,-0.0,-0.0,-0.0,5.323739976885666,9.84891895723848,38.91194010051779,25.72639964693795,212.55652958231735,491.4472168984259,96.59196709066549,-0.0,-0.0,-0.0,-0.0,28.859962722861543,2.7649337709791766,560.4057684519977,292.4068627860684,1123.6343862789151,6538.244178932632,1164.7351600482366,136535.15844693268
t68,24134.576522494208,3442.8637413394918,15389.34272517321,16981.6847781378,57241.5,-0.0,-0.0,99.76825086518494,-0.0,-0.0,-0.0,-0.0,-0.0,-0.0,-0.0,-0.0,504.53071186006724,1204.54503,0.0,20.870009999999997,624.2016,90.39832000000001,227.94200000000004,313.6112671516079,7.466197391029768,5.675833730935894,11.19929608654465,1.1551609529411226,12.18045186660688,22.533835953222727,45.44476269131895,-0.0,-0.0,1068.1016820661598,207.0878742709774,-0.0,23.275904632107586,-0.0,5.315783097798407,57.038774095656976,54.890573856186855,723.4180137879525,169.1068627860684,1123.6343862789151,8440.212122160765,1164.7351600482366,133418.307632775
t69,22021.412550207835,3165.7274826789835,14042.114087759815,15261.130505620476,57241.5,-0.0,-0.0,20.727976950445356,-0.0,-0.0,-0.0,-0.0,-0.0,-0.0,-0.0,-0.0,516.4487813695304,1204.30154,0.0,20.86368,624.2016,90.37086,246.76080000000005,350.82818140888196,-0.0,-0.0,-0.0,2.2544089336931563,-0.0,-0.0,84.01543448653001,-0.0,108.70285814161149,-0.0,203.55262845445083,-0.0,-0.0,-0.0,-0.0,27.36525595161933,-0.0,888.6358486537542,73.34098242506798,1645.5818924728926,6633.460642083616,1584.532006592851,126057.83000419207
t70,21568.246325538887,2888.5912240184753,12694.88545034642,15261.130505620476,57241.5,-0.0,-0.0,20.727976950445356,-0.0,-0.0,-0.0,-0.0,-0.0,-0.0,-0.0,-0.0,528.4061311129503,1406.15475,0.0,20.86368,624.2016,100.99788,265.52240000000006,387.9960781470137,-0.0,-0.0,-0.0,-0.0,-0.0,-0.0,61.160305848528594,-0.0,-0.0,-0.0,192.588590774017,23.512770299032308,17.792381551784516,35.22970449167089,4.063448558389812,21.540222455153764,24.617300037760288,850.3407829238063,48.64302983004503,2090.645620309337,8079.387184804527,978.4,125437.14534361871
t71,21568.246325538887,2888.5912240184753,12416.872482384619,15261.130505620476,57241.5,-0.0,-0.0,-0.0,-0.0,-0.0,-0.0,-0.0,-0.0,-0.0,-0.0,-0.0,540.3634808563703,1715.508795,0.0,24.231240000000156,624.2016,134.4167,284.2268,425.23637138591107,5.4326276350619365,4.129905702164431,8.148941452592904,0.9423945897556419,4.989147828118105,9.229923482018494,73.26373199066308,11.253300101199725,90.69646286323625,417.36541239413634,-0.0,42.552690311129986,32.200106258925544,63.757638335300456,7.353904533634881,38.98283374140432,56.88293629987213,801.668748349913,88.03266300943503,1324.1749908391882,5740.4193589105835,303.838756083555,122249.84199951665
t72,21568.246325538887,2888.5912240184753,12416.872482384619,15261.130505620476,57241.5,0.0,-0.0,-0.0,-0.0,-0.0,-0.0,-0.0,-0.0,-0.0,0.0,-0.0,552.4275905997903,1822.5226499999999,0.0,27.801360000000077,624.2016,145.04371999999998,302.874,462.41847693721274,5.227013627164635,3.9735970941200565,7.840520440746953,0.9067268536918246,4.800318637192012,8.880589478805222,31.81544518983374,10.827385370555318,-0.0,386.16035090589423,-0.0,56.080144338610324,42.43648506159943,84.02612230600505,9.691702796773262,51.37543424308933,79.8069775209378,521.9094465469791,116.01815095554787,1573.269388651982,5686.996922691348,514.9723480186872,122510.64500582904
t73,16044.646900955055,2287.524018994578,11011.264600000002,11576.505472415038,57241.5,-0.0,-0.0,-0.0,-0.0,-0.0,-0.0,-0.0,-0.0,-0.0,-0.0,-0.0,528.4052742926423,1566.61466,0.0,24.064128000000053,588.5118581004642,127.75490399999975,286.4576,407.02970890400854,9.765726268631283,7.423944969520722,14.648589402946921,1.6940545568033865,8.96852412425322,16.591769629868455,59.4413848901894,20.229004413593366,146.56983593726645,-0.0,145.94372584840028,98.01501962652839,74.16908364356428,146.85807470887562,16.938837284450376,89.79228308067869,166.0992782261639,595.1616711886011,202.77268322065356,1680.921120602261,4710.385988800623,1581.9319986304158,111484.60172471608
t74,16044.646900955055,2287.524018994578,11011.264600000002,11576.505472415038,57241.5,-0.0,-0.0,-0.0,-0.0,-0.0,-0.0,-0.0,0.0,-0.0,-0.0,-0.0,469.7071939259505,1514.2643099999998,0.0,23.940060000000003,577.7305600000002,124.94300000000001,286.6864,477.2598431790545,4.7536825941190886,3.613768910835429,7.130523891178632,0.8246184091839237,4.365626872150184,8.07640971347784,28.934404769306497,9.846913944960967,70.90628766451549,117.20949715514944,74.34429707959723,69.8066049054535,52.82345438315358,104.59278218216443,12.063893129633744,63.950346104660426,118.29642777602022,423.8760120014032,144.4153420275574,1180.6256748175397,4253.776499228008,1130.0499580284268,109520.25538505818
t75,16044.646900955055,2287.524018994578,11011.264600000002,11576.505472415038,57241.5,-0.0,-0.0,-0.0,-0.0,-0.0,-0.0,-0.0,-0.0,-0.0,0.0,-0.0,469.5861957247697,1665.7150900000001,0.0,29.08255199999995,634.0651018995361,124.99792,334.67719999999997,569.3626731024848,-0.0,-0.0,-0.0,-0.0,2.1977411911379683,4.065821203605241,14.566140227931086,4.957127353344529,-0.0,-0.0,36.232056310913,12.3945266633514,9.379079740220618,18.570993809350384,2.142007124706703,42.047599796143885,77.78035859726256,278.700116597518,94.95364569348982,584.6359042062993,887.2236571265548,745.674393364754,104804.44889409804
t76,16044.646900955055,2287.524018994578,11011.264600000002,11791.986045336294,57241.5,0.0,-0.0,-0.0,-0.0,-0.0,-0.0,-0.0,-0.0,-0.0,-0.0,-0.0,513.8276062914529,1789.9557222781016,0.0,34.384137999999965,687.1580264246521,125.0803,335.42079999999993,661.7883308896211,1.140410808142754,0.8669449510881139,1.7106162122141304,0.19782636467782463,-0.0,-0.0,-0.0,3.5310062041533365,18.017117984095336,-0.0,30.450150589030194,13.915229215175414,10.529812711483421,20.849496122737705,2.4048131026225983,5.870217989930339,6.284749249696546,81.13037975031108,13.256371394842688,64.59897509274344,983.3419496135052,443.8970035715671,104226.52956009777
t77,16044.646900955055,2287.524018994578,11011.264600000002,12424.218489810499,57241.5,-0.0,-0.0,-0.0,-0.0,-0.0,-0.0,-0.0,-0.0,0.0,-0.0,-0.0,469.33721865695526,1713.5605945562031,0.0,34.44448399999998,673.0541509497681,136.50366000000002,335.1348,629.380337084108,-0.0,-0.0,-0.0,-0.0,0.3176355645054975,0.5876257943351704,2.105217935861437,0.7164446621623997,-0.0,-0.0,5.071347580821303,3.992430962369615,3.021118060450833,5.981947733886017,0.6899670958457556,6.130215359637793,6.765696765089455,82.85369564952587,13.843508312149082,69.69070524540415,-0.0,109.810071435201,103312.14688316442
t78,16044.646900955055,2287.524018994578,11011.264600000002,12934.459338987741,57241.5,-0.0,-0.0,-0.0,-0.0,-0.0,-0.0,-0.0,-0.0,-0.0,-0.0,-0.0,469.27671955636487,1593.9478301796994,0.0,29.26992,591.6725154748841,125.21760000000002,287.6588,722.451535146895,1.0834301466563725,0.8236280196520381,1.6251452199845586,0.24793979306693975,0.9949868693783013,1.8407257083498576,6.594551862046184,2.960692823093457,17.9241846205355,84.95701153152622,20.960569517481655,4.8550140148761525,3.673844497834136,7.274375025644973,0.8390376569332948,6.920434062101836,8.22745663594785,29.480361946034904,15.628013184197002,85.5719141657769,51.97867558212705,123.65760864731827,103817.00938082578
t79,16044.646900955055,2287.524018994578,11011.264600000002,14062.619999999999,57241.5,-0.0,-0.0,-0.0,-0.0,0.0,-0.0,-0.0,-0.0,-0.0,-0.0,-0.0,469.18802092368816,1521.8125,0.0,24.01602,577.40672,125.27252000000001,287.94479999999993,815.7757292510297,3.8707251758424874,2.942541077553727,5.8060877637637285,0.7314501552726942,3.5547476104675897,6.576283079365042,23.560077218265747,8.017930721388009,63.89531590293852,306.94516030839907,56.36521982439753,6.66035832522257,5.039969135361375,9.979362389972742,1.1510350796945046,6.101603432166989,11.286848839722818,40.44267915936324,13.778895662750722,118.67998568334602,111.18781065274892,107.24141228703212,105382.78732960939
t80,17271.540000000008,2287.524018994578,11011.264600000002,15352.96,57241.5,-0.0,-0.0,-0.0,-0.0,-0.0,-0.0,-0.0,-0.0,-0.0,1012.8589059710138,-0.0,469.0670227225073,1523.27344,0.0,24.035009999999996,577.40672,125.35490000000001,335.93559999999997,784.3447707135105,11.143917817564528,8.4716518102914,16.715876726346785,1.933128601006091,10.234210240620483,18.933288945147893,67.83007120589019,23.083829764955084,47.50823055794564,675.8193859038942,163.86200866426037,7.596039363078356,5.748009652262313,11.381314012129145,1.3127383463038098,6.958787738659033,12.872482813270368,46.12427257547076,15.714625058180562,112.68831001302556,312.13273291202955,122.14888497456143,109717.27878609851
t81,18856.320000000007,2495.364018994578,12021.626800000002,16643.3,57241.5,-0.0,-0.0,84.44384753229254,-0.0,-0.0,-0.0,-0.0,-0.0,-0.0,2025.7178119420275,-0.0,557.4358263201457,1659.0685656138437,0.0,29.320559999999993,644.5225599999999,148.31146,431.6312,878.3930040442915,4.6355250109759485,3.5239450338541634,8.092297533857181,0.80412168557746,4.257114805998318,9.165765574062721,32.83711210167216,11.175077546755158,269.05964264882755,1411.4,-0.0,11.843985127941977,8.962478679029918,17.746105233644606,2.046863201640979,10.850362214524026,20.07118285104261,71.91842647319129,24.502741044886672,220.3849593960289,687.083693485228,-0.0,116547.31705409594
t82,20441.100000000006,2703.2040189945783,13031.989000000001,17933.64,57241.5,-0.0,-0.0,115.09265419807734,-0.0,-0.0,-0.0,-0.0,-0.0,-0.0,2476.487220912249,-0.0,734.2874510511504,1998.4213312276877,0.0,36.47978999999999,778.7542399999999,194.11473999999998,525.4105999999999,972.6973011346437,-0.0,14.32274662383811,-0.0,0.80412168557746,-0.0,-0.0,-0.0,-0.0,-0.0,-0.0,-0.0,21.170092848818832,14.653526159146073,31.71961898321345,3.6585898715240606,19.394078348079,-0.0,-0.0,-0.0,-0.0,1346.9918277841598,-0.0,120635.89294982275
t83,22025.880000000005,2911.0440189945784,14042.351200000001,19223.98,57241.5,-0.0,-0.0,115.09265419807734,-0.0,-0.0,-0.0,-0.0,-0.0,-0.0,2476.487220912249,-0.0,906.3917358058819,2359.6567706490487,0.0,48.911909999999985,980.1827199999998,220.9065466666667,572.0,1067.3821107364813,-0.0,9.701465849074555,-0.0,2.2137573078425157,-0.0,-0.0,-0.0,18.740636138312908,-0.0,461.3684797959305,-0.0,35.69506880392339,25.644741185575864,53.48271215084493,6.1687786691344115,32.700516051916395,24.614472675596645,88.19779862671707,30.04915327624818,140.5437389956632,2241.4317383088446,-0.0,127362.31994579863
t84,23610.660000000003,3118.8840189945786,15052.7134,20514.32,57241.5,-0.0,0.0,115.09265419807734,-0.0,0.0,-0.0,-0.0,0.0,-0.0,2476.487220912249,-0.0,989.7642223594326,2520.2564500704098,0.0,56.102789999999985,1144.7066837990672,224.96147333333346,571.3421999999999,1046.8154737553114,-0.0,10.866249243348431,18.127491956213373,2.806995581546687,-0.0,20.532159256527393,9.32608449240761,3.1738393159408993,101.46885015808076,-0.0,178.7937311946921,9.413327777163069,39.95382637965142,14.104197491621854,1.6267999346439534,8.623619071025228,-0.0,203.01948225722575,19.47421669335916,-0.0,-0.0,215.92924229347244,129540.84670051938
t85,25195.440000000002,3326.7240189945787,16063.0756,21804.66,57241.5,-0.0,-0.0,199.53650173036988,-0.0,-0.0,-0.0,-0.0,-0.0,-0.0,2476.487220912249,-0.0,984.4372102803067,2884.413769491771,0.0,58.05875999999998,1242.0338475981346,251.89058000000017,547.7900999999999,1142.0968061136575,-0.0,8.135001821308737,-0.0,2.183757914772529,8.420398099773658,-0.0,65.13461189812969,22.166515029874816,-0.0,732.6236225134301,258.5,33.974572220051485,13.439600278548525,50.90485401427178,5.871444527961918,31.12435642977871,41.622243099525676,-0.0,70.28632138812664,156.50846828509685,1472.790009006487,308.77818567702377,136700.6083773252
t86,26780.22,3534.564018994579,17073.4378,23095.0,57241.5,-0.0,-0.0,199.53650173036988,-0.0,-0.0,-0.0,-0.0,-0.0,-0.0,2476.487220912249,-0.0,1067.6,3047.935328913133,0.0,63.29999999999999,1309.311607598135,274.59999999999997,572.0,1237.7586509834891,-0.0,-0.0,-0.0,-0.0,-0.0,-0.0,-0.0,-0.0,-0.0,1424.360673197922,-0.0,-0.0,-0.0,-0.0,-0.0,-0.0,-0.0,-0.0,-0.0,-0.0,3022.1877806221128,-0.0,142419.799582952
t87,28365.0,3720.0,18083.8,23095.0,57241.5,-0.0,-0.0,199.53650173036988,-0.0,-0.0,-0.0,-0.0,-0.0,-0.0,2476.487220912249,-0.0,1067.6,3047.935328913133,0.0,63.299999999999976,1309.3116075981347,274.59999999999985,572.0,1333.6737887706254,-0.0,-0.0,-0.0,-0.0,-0.0,-0.0,-0.0,-0.0,-0.0,873.7829539983112,-0.0,-0.0,-0.0,-0.0,-0.0,-0.0,-0.0,-0.0,-0.0,-0.0,4593.075430975754,-0.0,146316.6028328986
t88,28365.0,3720.0,18083.8,23095.0,57241.5,-0.0,-0.0,199.53650173036988,-0.0,-0.0,-0.0,-0.0,-0.0,-0.0,2476.487220912249,-0.0,1023.3550991005902,3047.935328913133,0.0,63.29999999999999,1309.311607598135,274.59999999999997,572.0,1429.9234892683282,-0.0,-0.0,-0.0,-0.0,-0.0,-0.0,-0.0,-0.0,-0.0,-0.0,-0.0,-0.0,-0.0,-0.0,-0.0,-0.0,-0.0,-0.0,-0.0,-0.0,2808.465416071651,34.6117734339997,143744.82643702847
t89,27830.28509531388,3720.0,18083.8,21789.368652968325,57241.5,-0.0,-0.0,199.53650173036988,-0.0,-0.0,-0.0,-0.0,-0.0,-0.0,2476.487220912249,-0.0,1067.6,3047.935328913133,0.0,63.29999999999999,1309.311607598135,274.59999999999997,524.7528000000001,1506.841935782278,-0.0,-0.0,-0.0,-0.0,-0.0,-0.0,-0.0,-0.0,114.06966193843199,-0.0,35.00905662729883,-0.0,-0.0,-0.0,-0.0,-0.0,-0.0,-0.0,-0.0,-0.0,-0.0,512.874915210528,139797.27277699462
t90,26395.92443223644,3442.8637413394918,17261.322089522422,20068.814380451004,57241.5,-0.0,-0.0,199.53650173036988,-0.0,-0.0,-0.0,-0.0,-0.0,-0.0,1684.7065917029347,-0.0,1029.6970053915118,2847.299568913133,0.0,59.662782,1242.0338475981348,263.028356,430.31560000000013,1506.8419357822781,6.933900584108991,-0.0,-0.0,-0.0,-0.0,-0.0,-0.0,-0.0,122.67244379525839,-0.0,136.53919972310956,27.793259214899223,17.891662992351392,41.64325583708894,4.086122590270939,21.660416837746922,47.09931511249701,168.76477365557093,57.49847082545427,-0.0,-0.0,445.7187399175042,134771.84839375358
t91,24654.61652226555,3165.7274826789835,15914.093452109028,19290.168398700298,57241.5,0.0,-0.0,181.90231069794797,-0.0,-0.0,-0.0,-0.0,-0.0,-0.0,1684.7065917029347,-0.0,903.1227116824333,2608.4276984949965,0.0,50.78432400000001,1107.5592875981347,228.747292,368.85419999999993,1382.0377656214819,15.145747095953041,-0.0,-0.0,-0.0,-0.0,-0.0,-0.0,-0.0,258.34402167932217,505.28633452466454,-0.0,63.74928772168097,45.1,95.51696969037098,10.3,54.6,108.03151107197615,387.09508769255604,131.88401302153127,658.5913871364011,2215.8007222093665,1030.184734635914,134361.8778540315
t92,22541.452549979178,2888.5912240184753,14566.864814695633,17569.614126182976,57241.5,-0.0,-0.0,82.13405983276303,-0.0,-0.0,-0.0,-0.0,-0.0,-0.0,1684.7065917029347,-0.0,687.8559000061308,2168.92006807686,0.0,36.67095600000002,905.8069675981345,171.756808,355.0975999999998,1132.3391915020334,11.69889570210806,8.893548263337248,17.548343553162084,2.029400274855479,10.74388380805842,19.87618504490808,71.2080743500761,24.23342681150955,325.50192869294676,-0.0,172.83186817139256,46.729313728720385,72.30165208800827,149.37744710631637,16.512350698591685,87.53149011098117,168.94873636884608,605.3717593255978,206.25127915127447,1306.2249528216043,4428.178886178249,1611.3306863701514,131396.63496621582
t93,20428.288577692805,2888.5912240184753,13219.636177282238,15849.059853665654,57241.5,-0.0,-0.0,-0.0,-0.0,-0.0,-0.0,-0.0,-0.0,-0.0,1684.7065917029347,-0.0,533.4821502778543,1933.2135676587234,0.0,27.82414799999999,734.6711456986002,137.613044,317.91759999999977,1008.1805616168881,21.34030220861724,16.222984842265145,32.01045331292585,3.701889158637684,19.598236722199502,36.25673793606909,129.89275783102227,44.20491171784999,153.5838007347777,774.3888990838855,275.48999490041405,77.6368878799973,95.68976608503158,195.68694998734034,21.85376032540632,115.84614696768787,221.32566571916436,793.0471131065897,270.1926196353759,1851.566557778688,6349.254334205813,2108.3394635438767,129611.8148752978
t94,18315.124605406432,2801.072083062247,11872.407539868844,14128.505581148333,57241.5,-0.0,-0.0,-0.0,-0.0,-0.0,-0.0,-0.0,-0.0,-0.0,905.1351179879961,-0.0,467.59820234839697,1785.7071438293613,0.0,24.2439,630.7321237990659,126.34346000000001,328.4996,759.1188606444533,9.641406506509178,8.895612177769756,17.552415974928238,0.30188915863768395,10.746377127507085,19.88079768588812,71.22459951731088,24.239050632043757,307.1105565600984,1411.4,288.310010521178,103.73330194536014,115.43722035261318,234.78778515574473,26.363711078312985,139.75326455105719,242.52856720859006,951.5083924732811,324.18067088133625,2297.017241254694,7938.874020578135,2528.329681979755,126457.8047914159
t95,16662.196877404163,2564.6602776550862,11011.264600000002,12407.95130863101,57241.5,-0.0,-0.0,-0.0,-0.0,-0.0,-0.0,-0.0,-0.0,-0.0,905.1351179879961,-0.0,490.2040562177589,1841.7583599999994,0.0,25.936542000000006,593.9089418995317,137.920596,291.8344,635.5360546643616,6.486331314578521,10.815806205055928,9.729496971867782,1.1251799219166823,5.956834880735375,11.020144529360444,100.11241953471809,13.435972008769795,96.48257184091972,514.4763509383287,125.29268369216987,113.22548192300542,85.67901400549573,223.5219610969798,19.567491003472412,103.72669988248484,252.80759317799505,712.7169317854361,308.6255073153148,2639.7473850903507,7524.663061304779,2408.895607062019,120097.91765794565
t96,16044.646900955055,2287.524018994578,11011.264600000002,11576.505472415038,57241.5,-0.0,-0.0,0.0,-0.0,-0.0,-0.0,-0.0,-0.0,0.0,348.1129377253078,-0.0,552.4275905997903,1822.52265,0.0,27.801360000000034,624.2015999999982,145.04371999999992,302.874,462.3839971629899,12.974519866029887,9.863282959379863,19.461779799044827,2.2506820175766133,11.915375387170302,22.043444466265058,78.97246020496763,26.875791151061904,194.30294642329534,989.8039336670845,189.6646228191538,127.00892935763984,96.10910594009326,190.30029180599396,21.949529737981383,116.35381783434792,215.23325277049707,771.2169720558701,262.75505016437916,2213.1711777677338,7779.173224372158,2043.1081201605039,117841.31715858098
