Resource,NENG_Rest_conventional_steam_coal_1,NENG_Rest_natural_gas_fired_combined_cycle_1,NENG_Rest_natural_gas_fired_combined_cycle_2,NENG_Rest_natural_gas_fired_combustion_turbine_1,NENG_Rest_natural_gas_fired_combustion_turbine_2,NENG_Rest_nuclear_1,NY_Z_A_natural_gas_fired_combined_cycle_1,NY_Z_A_natural_gas_fired_combustion_turbine_1,NY_Z_A_natural_gas_steam_turbine_1,NY_Z_B_natural_gas_fired_combined_cycle_1,NY_Z_B_natural_gas_fired_combustion_turbine_1,NY_Z_B_natural_gas_steam_turbine_1,NY_Z_B_nuclear_1,NY_Z_C&E_natural_gas_fired_combined_cycle_1,NY_Z_C&E_natural_gas_steam_turbine_1,NY_Z_C&E_nuclear_1,NY_Z_D_natural_gas_fired_combined_cycle_1,NY_Z_D_natural_gas_fired_combined_cycle_2,NY_Z_F_natural_gas_fired_combined_cycle_1,NY_Z_F_natural_gas_fired_combined_cycle_2,NY_Z_F_natural_gas_fired_combustion_turbine_1,NY_Z_G-I_natural_gas_fired_combined_cycle_1,NY_Z_G-I_natural_gas_fired_combined_cycle_2,NY_Z_G-I_natural_gas_fired_combustion_turbine_1,NY_Z_G-I_natural_gas_fired_combustion_turbine_2,NY_Z_J_natural_gas_fired_combined_cycle_1,NY_Z_J_natural_gas_fired_combined_cycle_2,NY_Z_J_natural_gas_fired_combustion_turbine_1,NY_Z_J_natural_gas_fired_combustion_turbine_2,NY_Z_K_natural_gas_fired_combined_cycle_1,NY_Z_K_natural_gas_fired_combined_cycle_2,NY_Z_K_natural_gas_fired_combustion_turbine_1,NY_Z_K_natural_gas_fired_combustion_turbine_2,PJM_EMAC_conventional_steam_coal_1,PJM_EMAC_natural_gas_fired_combined_cycle_1,PJM_EMAC_natural_gas_fired_combined_cycle_2,PJM_EMAC_natural_gas_fired_combined_cycle_3,PJM_EMAC_natural_gas_fired_combustion_turbine_1,PJM_EMAC_natural_gas_fired_combustion_turbine_2,PJM_EMAC_natural_gas_steam_turbine_1,PJM_EMAC_nuclear_1,PJM_EMAC_nuclear_2,PJM_Rest_conventional_steam_coal_1,PJM_Rest_natural_gas_fired_combined_cycle_1,PJM_Rest_natural_gas_fired_combined_cycle_2,PJM_Rest_natural_gas_fired_combustion_turbine_1,PJM_Rest_natural_gas_fired_combustion_turbine_2,PJM_Rest_natural_gas_fired_combustion_turbine_3,PJM_Rest_natural_gas_fired_combustion_turbine_4,PJM_Rest_nuclear_1,NENG_Rest_naturalgas_ccavgcf_moderate_0,NENG_Rest_naturalgas_ctavgcf_moderate_0,NENG_Rest_nuclear_nuclear_moderate_0,NENG_Rest_naturalgas_ccs100_moderate_0,NY_Z_A_naturalgas_ccavgcf_moderate_0,NY_Z_A_naturalgas_ctavgcf_moderate_0,NY_Z_A_nuclear_nuclear_moderate_0,NY_Z_A_naturalgas_ccs100_moderate_0,NY_Z_B_naturalgas_ccavgcf_moderate_0,NY_Z_B_naturalgas_ctavgcf_moderate_0,NY_Z_B_nuclear_nuclear_moderate_0,NY_Z_B_naturalgas_ccs100_moderate_0,NY_Z_C&E_naturalgas_ccavgcf_moderate_0,NY_Z_C&E_naturalgas_ctavgcf_moderate_0,NY_Z_C&E_nuclear_nuclear_moderate_0,NY_Z_C&E_naturalgas_ccs100_moderate_0,NY_Z_D_naturalgas_ccavgcf_moderate_0,NY_Z_D_naturalgas_ctavgcf_moderate_0,NY_Z_D_nuclear_nuclear_moderate_0,NY_Z_D_naturalgas_ccs100_moderate_0,NY_Z_F_naturalgas_ccavgcf_moderate_0,NY_Z_F_naturalgas_ctavgcf_moderate_0,NY_Z_F_nuclear_nuclear_moderate_0,NY_Z_F_naturalgas_ccs100_moderate_0,NY_Z_G-I_naturalgas_ccavgcf_moderate_0,NY_Z_G-I_naturalgas_ctavgcf_moderate_0,NY_Z_G-I_nuclear_nuclear_moderate_0,NY_Z_G-I_naturalgas_ccs100_moderate_0,NY_Z_J_naturalgas_ccavgcf_moderate_0,NY_Z_J_naturalgas_ctavgcf_moderate_0,NY_Z_J_nuclear_nuclear_moderate_0,NY_Z_J_naturalgas_ccs100_moderate_0,NY_Z_K_naturalgas_ccavgcf_moderate_0,NY_Z_K_naturalgas_ctavgcf_moderate_0,NY_Z_K_nuclear_nuclear_moderate_0,NY_Z_K_naturalgas_ccs100_moderate_0,PJM_EMAC_naturalgas_ccavgcf_moderate_0,PJM_EMAC_naturalgas_ctavgcf_moderate_0,PJM_EMAC_nuclear_nuclear_moderate_0,PJM_EMAC_naturalgas_ccs100_moderate_0,PJM_Rest_naturalgas_ccccsavgcf_moderate_0,PJM_Rest_naturalgas_ccavgcf_moderate_0,PJM_Rest_naturalgas_ctavgcf_moderate_0,PJM_Rest_nuclear_nuclear_moderate_0,PJM_Rest_naturalgas_ccs100_moderate_0
t1,5483.76,17804.378592,32478.106891999996,2216.9659119999997,0.0,0.0,2265.7578240000003,90.6677,132.741,759.76272,0.0,0.0,-2.3737811716273426e-12,6253.3277100000005,379.476118,0.0,837.6816,637.5141500000001,14041.897560000001,1936.0850320000004,0.0,2819.418525,0.0,234.04753399999996,25.11,3594.00132,10203.113592,-8.886950937056813e-13,7364.932450000001,1071.193685,1777.5079269999999,-5.36657759388102e-13,3294.9120049999997,0.0,11701.508844000002,41273.446050000006,4.937674766836153e-13,630.5205903366348,-4.794906858229809e-12,3649.87161,76709.988,0.0,280520.13248140295,9741.637602,68255.22693599999,1848.961816,2.7132442426136556e-13,0.0,0.0,0.0,0.0,0.0,0.0,0.0,0.0,0.0,0.0,0.0,0.0,0.0,0.0,0.0,0.0,0.0,0.0,0.0,0.0,0.0,0.0,0.0,0.0,0.0,0.0,0.0,26251.867677742037,0.0,0.0,0.0,0.0,0.0,0.0,0.0,0.0,0.0,0.0,0.0,12374.734028513318,0.0,0.0,0.0,0.0,22648.42130491284,0.0,0.0,0.0
t2,5483.76,17804.378592,32478.106891999996,2216.9659119999997,0.0,0.0,2265.7578240000003,90.6677,68.5314,759.76272,0.0,0.0,-2.967226464534178e-12,6253.3277100000005,379.476118,0.0,837.6816,637.5141500000001,14041.897560000001,1936.0850320000004,0.0,2819.418525,0.0,234.04753399999996,25.11,3594.00132,10203.113592,-8.886950937056813e-13,7364.932450000001,1071.193685,1777.5079269999999,-5.36657759388102e-13,3294.9120049999997,0.0,11701.508844000002,41273.446050000006,4.937674766836153e-13,630.5205903366348,-4.794906858229809e-12,3649.87161,76709.988,0.0,216096.31234476372,9741.637602,68255.22693599999,1848.961816,2.7132442426136556e-13,0.0,0.0,0.0,0.0,0.0,0.0,0.0,0.0,0.0,0.0,0.0,0.0,0.0,0.0,0.0,0.0,0.0,0.0,0.0,0.0,0.0,0.0,0.0,0.0,0.0,0.0,0.0,23004.434989421472,0.0,0.0,0.0,0.0,0.0,0.0,0.0,0.0,0.0,0.0,0.0,9537.833902268196,0.0,0.0,0.0,0.0,12582.456280507135,0.0,0.0,0.0
t3,5483.76,17804.378592,32478.106891999996,2216.9659119999997,0.0,0.0,2265.7578240000003,90.6677,68.5314,759.76272,0.0,0.0,-2.3737811716273426e-12,6253.3277100000005,379.476118,0.0,837.6816,637.5141500000001,14041.897560000001,1936.0850320000004,0.0,2819.418525,0.0,234.04753399999996,25.11,3594.00132,10203.113592,-8.886950937056813e-13,7364.932450000001,1071.193685,1777.5079269999999,-5.36657759388102e-13,3294.9120049999997,0.0,11701.508844000002,41273.446050000006,4.937674766836153e-13,630.5205903366348,-4.794906858229809e-12,3649.87161,76709.988,0.0,208550.28874339772,9741.637602,68255.22693599999,1848.961816,2.7132442426136556e-13,0.0,0.0,0.0,0.0,0.0,0.0,0.0,0.0,0.0,0.0,0.0,0.0,0.0,0.0,0.0,0.0,0.0,0.0,0.0,0.0,0.0,0.0,0.0,0.0,0.0,0.0,0.0,23103.55135622597,0.0,0.0,0.0,0.0,0.0,0.0,0.0,0.0,0.0,0.0,0.0,3888.508419628412,0.0,0.0,0.0,0.0,12582.456280507135,0.0,0.0,0.0
t4,5483.76,17804.378592,32478.106891999996,2216.9659119999997,0.0,0.0,2265.7578240000003,90.6677,68.5314,759.76272,0.0,0.0,-3.560671757441014e-12,6253.3277100000005,379.476118,0.0,837.6816,637.5141500000001,14041.897560000001,1936.0850320000004,0.0,2819.418525,0.0,234.04753399999996,25.11,3594.00132,10203.113592,-8.886950937056813e-13,7364.932450000001,1071.193685,1777.5079269999999,-5.36657759388102e-13,3294.9120049999997,0.0,11701.508844000002,41273.446050000006,4.937674766836153e-13,630.5205903366348,-4.794906858229809e-12,3649.87161,76709.988,0.0,208753.10204856173,9741.637602,68255.22693599999,1848.961816,2.7132442426136556e-13,0.0,0.0,0.0,0.0,0.0,0.0,0.0,0.0,0.0,0.0,0.0,0.0,0.0,0.0,0.0,0.0,0.0,0.0,0.0,0.0,0.0,0.0,0.0,0.0,0.0,0.0,0.0,18752.003967643403,0.0,0.0,0.0,0.0,0.0,0.0,0.0,0.0,0.0,0.0,0.0,3888.508419628412,0.0,0.0,0.0,0.0,12582.456280507135,0.0,0.0,0.0
t5,5483.76,17804.378592,32478.106891999996,2216.9659119999997,0.0,0.0,2265.7578240000003,90.6677,68.5314,759.76272,0.0,0.0,-2.967226464534178e-12,6253.3277100000005,379.476118,0.0,837.6816,637.5141500000001,14041.897560000001,1936.0850320000004,0.0,2819.418525,0.0,234.04753399999996,25.11,3594.00132,10203.113592,-8.886950937056813e-13,7364.932450000001,1071.193685,1777.5079269999999,-5.36657759388102e-13,3294.9120049999997,0.0,11701.508844000002,41273.446050000006,4.937674766836153e-13,630.5205903366348,-4.794906858229809e-12,3649.87161,76709.988,0.0,233857.94005946483,9741.637602,68255.22693599999,1848.961816,2.7132442426136556e-13,0.0,0.0,0.0,0.0,0.0,0.0,0.0,0.0,0.0,0.0,0.0,0.0,0.0,0.0,0.0,0.0,0.0,0.0,0.0,0.0,0.0,0.0,0.0,0.0,0.0,0.0,0.0,20030.009397692433,0.0,0.0,0.0,0.0,0.0,0.0,0.0,0.0,0.0,0.0,0.0,6241.210705486566,0.0,0.0,0.0,0.0,12582.456280507135,0.0,0.0,0.0
t6,5483.76,17804.378592,32478.106891999996,2216.9659119999997,0.0,0.0,2265.7578240000003,90.6677,68.5314,759.76272,0.0,0.0,-2.3737811716273426e-12,6253.3277100000005,379.476118,0.0,837.6816,637.5141500000001,14041.897560000001,1936.0850320000004,0.0,2819.418525,0.0,234.04753399999996,25.11,3594.00132,10203.113592,-8.886950937056813e-13,7364.932450000001,1071.193685,1777.5079269999999,-5.36657759388102e-13,3294.9120049999997,0.0,11701.508844000002,41273.446050000006,4.937674766836153e-13,630.5205903366348,-4.794906858229809e-12,3649.87161,76709.988,0.0,301705.97213500016,9741.637602,68255.22693599999,1848.961816,2.7132442426136556e-13,0.0,0.0,0.0,0.0,0.0,0.0,0.0,0.0,0.0,0.0,0.0,0.0,0.0,0.0,0.0,0.0,0.0,0.0,0.0,0.0,0.0,0.0,0.0,0.0,0.0,0.0,0.0,20904.09280687929,0.0,0.0,0.0,0.0,0.0,0.0,0.0,0.0,0.0,0.0,0.0,14223.036349052181,0.0,0.0,0.0,0.0,12582.456280507135,0.0,0.0,0.0
t7,5483.76,17804.378592,32478.106891999996,2216.9659119999997,0.0,0.0,2265.7578240000003,90.6677,68.5314,759.76272,0.0,0.0,-2.3737811716273426e-12,6253.3277100000005,379.476118,0.0,837.6816,637.5141500000001,14041.897560000001,1936.0850320000004,0.0,2819.418525,0.0,234.04753399999996,25.11,3594.00132,10203.113592,-8.886950937056813e-13,7364.932450000001,1071.193685,1777.5079269999999,-5.36657759388102e-13,3294.9120049999997,0.0,11701.508844000002,41273.446050000006,4.937674766836153e-13,630.5205903366348,-3.066122088773013e-12,3649.87161,76709.988,-6.792166828972768e-13,317942.664,9741.637602,68255.22693599999,1848.961816,2.7132442426136556e-13,0.0,0.0,0.0,0.0,0.0,0.0,0.0,0.0,0.0,0.0,0.0,0.0,0.0,0.0,0.0,0.0,0.0,0.0,0.0,0.0,0.0,0.0,0.0,0.0,0.0,0.0,0.0,26251.867677742037,0.0,0.0,0.0,0.0,0.0,0.0,0.0,0.0,0.0,0.0,0.0,19442.54209814206,0.0,0.0,0.0,0.0,43740.7057534819,0.0,0.0,0.0
t8,5483.76,17804.378592,32478.106891999996,2216.9659119999997,0.0,0.0,2265.7578240000003,90.6677,68.5314,759.76272,0.0,0.0,-2.3737811716273426e-12,6253.3277100000005,379.476118,0.0,837.6816,637.5141500000001,14041.897560000001,1936.0850320000004,0.0,2819.418525,0.0,234.04753399999996,25.11,3594.00132,10203.113592,-8.886950937056813e-13,7364.932450000001,1071.193685,1777.5079269999999,-5.36657759388102e-13,3294.9120049999997,0.0,11701.508844000002,41273.446050000006,4.937674766836153e-13,630.5205903366348,-4.794906858229809e-12,3649.87161,76709.988,0.0,317942.664,9741.637602,68255.22693599999,1848.961816,2.7132442426136556e-13,0.0,0.0,0.0,0.0,0.0,0.0,0.0,0.0,0.0,0.0,0.0,0.0,0.0,0.0,0.0,0.0,0.0,0.0,0.0,0.0,0.0,0.0,0.0,0.0,0.0,0.0,0.0,26251.867677742037,0.0,0.0,0.0,0.0,0.0,0.0,0.0,0.0,0.0,0.0,0.0,12619.987740250128,0.0,0.0,0.0,0.0,21625.20652666441,0.0,0.0,0.0
t9,5483.76,17804.378592,32478.106891999996,2216.9659119999997,0.0,0.0,2265.7578240000003,90.6677,68.5314,759.76272,0.0,0.0,-2.3737811716273426e-12,6253.3277100000005,379.476118,0.0,837.6816,637.5141500000001,14041.897560000001,1936.0850320000004,0.0,2819.418525,0.0,234.04753399999996,25.11,3594.00132,10203.113592,-8.886950937056813e-13,7364.932450000001,1071.193685,1777.5079269999999,-5.36657759388102e-13,3294.9120049999997,0.0,11701.508844000002,41273.446050000006,4.937674766836153e-13,630.5205903366348,-4.794906858229809e-12,3649.87161,76709.988,0.0,304488.5722904887,9741.637602,68255.22693599999,1848.961816,2.7132442426136556e-13,0.0,0.0,0.0,0.0,0.0,0.0,0.0,0.0,0.0,0.0,0.0,0.0,0.0,0.0,0.0,0.0,0.0,0.0,0.0,0.0,0.0,0.0,0.0,0.0,0.0,0.0,0.0,26093.930876282655,0.0,0.0,0.0,0.0,0.0,0.0,0.0,0.0,0.0,0.0,0.0,7911.668614152278,0.0,0.0,0.0,0.0,12582.456280507135,0.0,0.0,0.0
t10,5483.76,17804.378592,32478.106891999996,2216.9659119999997,0.0,0.0,2265.7578240000003,90.6677,68.5314,759.76272,0.0,0.0,-2.3737811716273426e-12,6253.3277100000005,379.476118,0.0,837.6816,637.5141500000001,14041.897560000001,1936.0850320000004,0.0,2819.418525,0.0,234.04753399999996,25.11,3594.00132,10203.113592,-8.886950937056813e-13,7364.932450000001,1071.193685,1777.5079269999999,-5.36657759388102e-13,3294.9120049999997,0.0,11701.508844000002,41273.446050000006,4.937674766836153e-13,630.5205903366348,-4.794906858229809e-12,3649.87161,76709.988,0.0,145133.32407620116,9741.637602,68255.22693599999,1848.961816,2.7132442426136556e-13,0.0,0.0,0.0,0.0,0.0,0.0,0.0,0.0,0.0,0.0,0.0,0.0,0.0,0.0,0.0,0.0,0.0,0.0,0.0,0.0,0.0,0.0,0.0,0.0,0.0,0.0,0.0,26251.867677742037,0.0,0.0,0.0,0.0,0.0,0.0,0.0,0.0,0.0,0.0,0.0,6472.010551555739,0.0,0.0,0.0,0.0,12582.456280507135,0.0,0.0,0.0
t11,5483.76,17804.378592,32478.106891999996,2216.9659119999997,0.0,0.0,2265.7578240000003,90.6677,68.5314,759.76272,0.0,0.0,-2.3737811716273426e-12,6253.3277100000005,379.476118,0.0,837.6816,637.5141500000001,14041.897560000001,1936.0850320000004,0.0,2819.418525,0.0,234.04753399999996,25.11,3594.00132,10203.113592,-8.886950937056813e-13,7364.932450000001,1071.193685,1777.5079269999999,-5.36657759388102e-13,3294.9120049999997,0.0,11701.508844000002,41273.446050000006,4.937674766836153e-13,630.5205903366348,-4.794906858229809e-12,3649.87161,76709.988,0.0,139894.77216,9741.637602,68255.22693599999,1848.961816,2.612061411222613e-12,0.0,0.0,2.5843344797493727e-11,0.0,0.0,0.0,0.0,0.0,0.0,0.0,0.0,0.0,0.0,0.0,0.0,0.0,0.0,0.0,0.0,0.0,0.0,0.0,0.0,0.0,0.0,0.0,0.0,14731.765388769749,0.0,0.0,0.0,0.0,0.0,0.0,0.0,0.0,0.0,0.0,0.0,3986.9489119077457,0.0,0.0,0.0,0.0,12582.456280507135,0.0,0.0,0.0
t12,5483.76,17804.378592,32478.106891999996,2216.9659119999997,0.0,0.0,2265.7578240000003,90.6677,68.5314,759.76272,0.0,0.0,-2.3737811716273426e-12,6253.3277100000005,379.476118,0.0,837.6816,637.5141500000001,14041.897560000001,1936.0850320000004,0.0,2819.418525,0.0,234.04753399999996,25.11,3594.00132,10203.113592,-8.886950937056813e-13,7364.932450000001,1071.193685,1777.5079269999999,-5.36657759388102e-13,3294.9120049999997,0.0,11701.508844000002,41273.446050000006,4.937674766836153e-13,630.5205903366348,-3.066122088773013e-12,3649.87161,76709.988,-6.792166828972768e-13,139894.77216,9741.637602,68255.22693599999,1848.961816,2.612061411222613e-12,0.0,0.0,2.5843344797493727e-11,0.0,0.0,0.0,0.0,0.0,0.0,0.0,0.0,0.0,0.0,0.0,0.0,0.0,0.0,0.0,0.0,0.0,0.0,0.0,0.0,0.0,0.0,0.0,0.0,13462.452784540566,0.0,0.0,0.0,0.0,0.0,0.0,0.0,0.0,0.0,0.0,0.0,3888.508419628412,0.0,0.0,0.0,0.0,12582.456280507135,0.0,0.0,0.0
t13,5483.76,17804.378592,32478.106891999996,2216.9659119999997,0.0,0.0,2265.7578240000003,90.6677,68.5314,759.76272,0.0,0.0,-2.3737811716273426e-12,6253.3277100000005,379.476118,0.0,837.6816,637.5141500000001,14041.897560000001,1936.0850320000004,0.0,2819.418525,0.0,234.04753399999996,25.11,3594.00132,10203.113592,-8.886950937056813e-13,7364.932450000001,1071.193685,1777.5079269999999,-5.36657759388102e-13,3294.9120049999997,0.0,11701.508844000002,41273.446050000006,4.937674766836153e-13,630.5205903366348,-3.066122088773013e-12,3649.87161,76709.988,-6.792166828972768e-13,139894.77216,9741.637602,68255.22693599999,1848.961816,2.612061411222613e-12,0.0,0.0,2.5843344797493727e-11,0.0,0.0,0.0,0.0,0.0,0.0,0.0,0.0,0.0,0.0,0.0,0.0,0.0,0.0,0.0,0.0,0.0,0.0,0.0,0.0,0.0,0.0,0.0,0.0,15273.48440167387,0.0,0.0,0.0,0.0,0.0,0.0,0.0,0.0,0.0,0.0,0.0,3888.508419628412,0.0,0.0,0.0,0.0,12582.456280507135,0.0,0.0,0.0
t14,5483.76,17804.378592,32478.106891999996,2216.9659119999997,0.0,0.0,2265.7578240000003,90.6677,68.5314,759.76272,0.0,0.0,-2.3737811716273426e-12,6253.3277100000005,379.476118,0.0,837.6816,637.5141500000001,14041.897560000001,1936.0850320000004,0.0,2819.418525,0.0,234.04753399999996,25.11,3594.00132,10203.113592,-8.886950937056813e-13,7364.932450000001,1071.193685,1777.5079269999999,-5.36657759388102e-13,3294.9120049999997,0.0,11701.508844000002,41273.446050000006,4.937674766836153e-13,630.5205903366348,-3.066122088773013e-12,3649.87161,76709.988,-6.792166828972768e-13,139894.77216,9741.637602,68255.22693599999,1848.961816,2.612061411222613e-12,0.0,0.0,2.5843344797493727e-11,0.0,0.0,0.0,0.0,0.0,0.0,0.0,0.0,0.0,0.0,0.0,0.0,0.0,0.0,0.0,0.0,0.0,0.0,0.0,0.0,0.0,0.0,0.0,0.0,8184.263628988443,0.0,0.0,0.0,0.0,0.0,0.0,0.0,0.0,0.0,0.0,0.0,3888.508419628412,0.0,0.0,0.0,0.0,12582.456280507135,0.0,0.0,0.0
t15,5483.76,17804.378592,32478.106891999996,2216.9659119999997,0.0,0.0,2265.7578240000003,90.6677,68.5314,759.76272,0.0,0.0,-2.3737811716273426e-12,6253.3277100000005,379.476118,0.0,837.6816,637.5141500000001,14041.897560000001,1936.0850320000004,0.0,2819.418525,0.0,234.04753399999996,25.11,3594.00132,10203.113592,-8.886950937056813e-13,7364.932450000001,1071.193685,1777.5079269999999,-5.36657759388102e-13,3294.9120049999997,0.0,11701.508844000002,41273.446050000006,4.937674766836153e-13,630.5205903366348,-3.066122088773013e-12,3649.87161,76709.988,-6.792166828972768e-13,139894.77216,9741.637602,68255.22693599999,1848.961816,2.612061411222613e-12,0.0,0.0,2.5843344797493727e-11,0.0,0.0,0.0,0.0,0.0,0.0,0.0,0.0,0.0,0.0,0.0,0.0,0.0,0.0,0.0,0.0,0.0,0.0,0.0,0.0,0.0,0.0,0.0,0.0,8438.923308451065,0.0,0.0,0.0,0.0,0.0,0.0,0.0,0.0,0.0,0.0,0.0,3888.508419628412,0.0,0.0,0.0,0.0,12582.456280507135,0.0,0.0,0.0
t16,5483.76,17804.378592,32478.106891999996,2216.9659119999997,0.0,0.0,2265.7578240000003,90.6677,68.5314,759.76272,0.0,0.0,-2.3737811716273426e-12,6253.3277100000005,379.476118,0.0,837.6816,637.5141500000001,14041.897560000001,1936.0850320000004,0.0,2819.418525,0.0,234.04753399999996,25.11,3594.00132,10203.113592,-8.886950937056813e-13,7364.932450000001,1071.193685,1777.5079269999999,-5.36657759388102e-13,3294.9120049999997,0.0,11701.508844000002,41273.446050000006,4.937674766836153e-13,630.5205903366348,-3.066122088773013e-12,3649.87161,76709.988,-6.792166828972768e-13,139894.77216,9741.637602,68255.22693599999,1848.961816,2.612061411222613e-12,0.0,0.0,3.2304180996867154e-11,0.0,0.0,0.0,0.0,0.0,0.0,0.0,0.0,0.0,0.0,0.0,0.0,0.0,0.0,0.0,0.0,0.0,0.0,0.0,0.0,0.0,0.0,0.0,0.0,14471.818246813604,0.0,0.0,0.0,0.0,0.0,0.0,0.0,0.0,0.0,0.0,0.0,6999.315155331141,0.0,0.0,0.0,0.0,12582.456280507135,0.0,0.0,0.0
t17,5483.76,17804.378592,32478.106891999996,2216.9659119999997,0.0,0.0,2265.7578240000003,90.6677,244.49040000000002,759.76272,0.0,0.0,-2.3737811716273426e-12,6253.3277100000005,379.476118,0.0,837.6816,637.5141500000001,14041.897560000001,1936.0850320000004,0.0,2819.418525,0.0,234.04753399999996,25.11,3594.00132,10203.113592,-8.886950937056813e-13,7364.932450000001,1071.193685,1777.5079269999999,-5.36657759388102e-13,3294.9120049999997,0.0,11701.508844000002,41273.446050000006,4.937674766836153e-13,630.5205903366348,-3.066122088773013e-12,3649.87161,76709.988,-6.792166828972768e-13,197039.9642758523,9741.637602,68255.22693599999,1848.961816,2.7132442426136556e-13,0.0,0.0,0.0,0.0,0.0,0.0,0.0,0.0,0.0,0.0,0.0,0.0,0.0,0.0,0.0,0.0,0.0,0.0,0.0,0.0,0.0,0.0,0.0,0.0,0.0,0.0,0.0,26251.867677742037,0.0,0.0,0.0,0.0,0.0,0.0,0.0,0.0,0.0,0.0,0.0,19442.54209814206,0.0,0.0,0.0,0.0,12582.456280507135,0.0,0.0,0.0
t18,5483.76,17804.378592,32478.106891999996,2216.9659119999997,0.0,0.0,2265.7578240000003,90.6677,308.7,759.76272,0.0,0.0,-2.3737811716273426e-12,6253.3277100000005,379.476118,0.0,837.6816,637.5141500000001,14041.897560000001,1936.0850320000004,0.0,4398.446528475729,0.0,234.04753399999996,25.11,3594.00132,10203.113592,-8.886950937056813e-13,7364.932450000001,1071.193685,1777.5079269999999,-5.36657759388102e-13,3294.9120049999997,0.0,11701.508844000002,56317.943680356744,4.937674766836153e-13,630.5205903366348,-4.794906858229809e-12,3649.87161,76709.988,0.0,317942.664,9741.637602,68255.22693599999,1848.961816,2.7132442426136556e-13,0.0,0.0,0.0,0.0,0.0,0.0,0.0,0.0,0.0,0.0,0.0,0.0,0.0,0.0,0.0,0.0,0.0,0.0,0.0,0.0,0.0,0.0,0.0,0.0,0.0,0.0,0.0,26251.867677742037,0.0,0.0,0.0,0.0,0.0,0.0,0.0,0.0,0.0,0.0,0.0,19442.54209814206,0.0,0.0,0.0,0.0,30316.845247019497,0.0,0.0,0.0
t19,5483.76,17804.378592,32478.106891999996,2216.9659119999997,0.0,0.0,2265.7578240000003,90.6677,308.7,759.76272,0.0,0.0,-2.3737811716273426e-12,6253.3277100000005,379.476118,0.0,837.6816,637.5141500000001,14650.901620182756,1936.0850320000004,0.0,5173.245,0.0,234.04753399999996,25.11,5901.4800000000005,12984.166579389443,0.0,7364.932450000001,1071.193685,4048.993,-5.36657759388102e-13,3294.9120049999997,0.0,11701.508844000002,48790.22538414805,4.937674766836153e-13,630.5205903366348,-4.794906858229809e-12,3649.87161,76709.988,0.0,317942.664,9741.637602,68255.22693599999,1848.961816,2.7132442426136556e-13,0.0,0.0,0.0,0.0,0.0,0.0,0.0,0.0,0.0,0.0,0.0,0.0,0.0,0.0,0.0,0.0,0.0,0.0,0.0,0.0,0.0,0.0,0.0,0.0,0.0,0.0,0.0,26251.867677742037,0.0,0.0,0.0,0.0,0.0,0.0,0.0,0.0,0.0,0.0,0.0,19442.54209814206,0.0,0.0,0.0,0.0,54474.773167229956,0.0,0.0,0.0
t20,5483.76,17804.378592,32478.106891999996,2216.9659119999997,0.0,0.0,2265.7578240000003,90.6677,308.7,759.76272,0.0,0.0,-2.3737811716273426e-12,6253.3277100000005,379.476118,0.0,837.6816,637.5141500000001,18476.12238253353,1936.0850320000004,0.0,5173.245,0.0,234.04753399999996,25.11,5901.4800000000005,12101.725104363151,0.0,7364.932450000001,1071.193685,4048.993,-5.36657759388102e-13,3294.9120049999997,0.0,11701.508844000002,50565.55486691775,4.937674766836153e-13,630.5205903366348,-5.325091478880495e-12,3649.87161,76709.988,0.0,317942.664,9741.637602,68255.22693599999,1848.961816,2.7132442426136556e-13,0.0,0.0,0.0,0.0,0.0,0.0,0.0,0.0,0.0,0.0,0.0,0.0,0.0,0.0,0.0,0.0,0.0,0.0,0.0,0.0,0.0,0.0,0.0,0.0,0.0,0.0,0.0,26251.867677742037,0.0,0.0,0.0,0.0,0.0,0.0,0.0,0.0,0.0,0.0,0.0,19442.54209814206,0.0,0.0,0.0,0.0,62912.28140253567,0.0,0.0,0.0
t21,5483.76,17804.378592,32478.106891999996,2216.9659119999997,0.0,0.0,2265.7578240000003,90.6677,308.7,759.76272,0.0,0.0,-2.3737811716273426e-12,6253.3277100000005,379.476118,0.0,837.6816,637.5141500000001,18665.969429814726,1936.0850320000004,0.0,5173.245,0.0,234.04753399999996,25.11,5901.4800000000005,11015.296301135171,0.0,7364.932450000001,1071.193685,4048.993,-5.36657759388102e-13,3294.9120049999997,0.0,11701.508844000002,50774.53210815184,4.937674766836153e-13,630.5205903366348,-4.794906858229809e-12,3649.87161,76709.988,0.0,317942.664,9741.637602,68255.22693599999,1848.961816,2.7132442426136556e-13,0.0,0.0,2.8485374059528113e-11,0.0,0.0,0.0,0.0,0.0,0.0,0.0,0.0,0.0,0.0,0.0,0.0,0.0,0.0,0.0,0.0,0.0,0.0,0.0,0.0,0.0,0.0,0.0,0.0,26251.867677742037,0.0,0.0,0.0,0.0,0.0,0.0,0.0,0.0,0.0,0.0,0.0,19442.54209814206,0.0,0.0,0.0,0.0,62912.28140253567,0.0,0.0,0.0
t22,5483.76,17804.378592,32478.106891999996,2216.9659119999997,0.0,0.0,2265.7578240000003,90.6677,308.7,759.76272,0.0,0.0,-2.3737811716273426e-12,6253.3277100000005,379.476118,0.0,837.6816,637.5141500000001,19001.209397893093,1936.0850320000004,0.0,5173.245,0.0,234.04753399999996,25.11,5901.4800000000005,12162.341160529633,0.0,7364.932450000001,1071.193685,4048.993,0.0,3294.9120049999997,0.0,11701.508844000002,50068.412809679954,4.937674766836153e-13,630.5205903366348,-4.794906858229809e-12,3649.87161,76709.988,0.0,317942.664,9741.637602,68255.22693599999,1848.961816,2.612061411222613e-12,0.0,0.0,2.5843344797493727e-11,0.0,0.0,0.0,0.0,0.0,0.0,0.0,0.0,0.0,0.0,0.0,0.0,0.0,0.0,0.0,0.0,0.0,0.0,0.0,0.0,0.0,0.0,0.0,0.0,26251.867677742037,0.0,0.0,0.0,0.0,0.0,0.0,0.0,0.0,0.0,0.0,0.0,19442.54209814206,0.0,0.0,0.0,0.0,62912.28140253567,0.0,0.0,0.0
t23,5483.76,17804.378592,32478.106891999996,2216.9659119999997,0.0,0.0,2265.7578240000003,90.6677,308.7,759.76272,0.0,0.0,-2.3737811716273426e-12,6253.3277100000005,379.476118,0.0,837.6816,637.5141500000001,23085.130404269225,1936.0850320000004,0.0,5173.245,0.0,234.04753399999996,25.11,3594.00132,10203.113592,-8.886950937056813e-13,7364.932450000001,1071.193685,1777.5079269999999,-5.36657759388102e-13,3294.9120049999997,0.0,11701.508844000002,51279.854152468324,4.937674766836153e-13,630.5205903366348,-4.794906858229809e-12,3649.87161,76709.988,0.0,317942.664,9741.637602,68255.22693599999,1848.961816,2.7132442426136556e-13,0.0,0.0,0.0,0.0,0.0,0.0,0.0,0.0,0.0,0.0,0.0,0.0,0.0,0.0,0.0,0.0,0.0,0.0,0.0,0.0,0.0,0.0,0.0,0.0,0.0,0.0,0.0,26251.867677742037,0.0,0.0,0.0,0.0,0.0,0.0,0.0,0.0,0.0,0.0,0.0,19442.54209814206,0.0,0.0,0.0,0.0,62912.28140253567,0.0,0.0,0.0
t24,5483.76,17804.378592,32478.106891999996,2216.9659119999997,0.0,0.0,2265.7578240000003,90.6677,308.7,759.76272,0.0,0.0,-2.3737811716273426e-12,6253.3277100000005,379.476118,0.0,837.6816,637.5141500000001,14041.897560000001,1936.0850320000004,0.0,5173.245,0.0,234.04753399999996,25.11,3594.00132,10203.113592,-8.886950937056813e-13,7364.932450000001,1071.193685,1777.5079269999999,-5.36657759388102e-13,3294.9120049999997,0.0,11701.508844000002,41273.446050000006,4.937674766836153e-13,630.5205903366348,-3.066122088773013e-12,3649.87161,76709.988,-6.792166828972768e-13,317942.664,9741.637602,68255.22693599999,1848.961816,2.612061411222613e-12,0.0,0.0,2.5843344797493727e-11,0.0,0.0,0.0,0.0,0.0,0.0,0.0,0.0,0.0,0.0,0.0,0.0,0.0,0.0,0.0,0.0,0.0,0.0,0.0,0.0,0.0,0.0,0.0,0.0,26251.867677742037,0.0,0.0,0.0,0.0,0.0,0.0,0.0,0.0,0.0,0.0,0.0,19442.54209814206,0.0,0.0,0.0,0.0,62912.28140253567,0.0,0.0,0.0
t25,5483.76,17804.378592,32478.106891999996,2216.9659119999997,0.0,0.0,2265.7578240000003,90.6677,132.741,759.76272,0.0,0.0,-2.3737811716273426e-12,6253.3277100000005,379.476118,0.0,837.6816,637.5141500000001,14041.897560000001,1936.0850320000004,0.0,2819.418525,0.0,234.04753399999996,25.11,3594.00132,10203.113592,-8.886950937056813e-13,7364.932450000001,1071.193685,1777.5079269999999,-5.36657759388102e-13,3294.9120049999997,0.0,11701.508844000002,41273.446050000006,4.937674766836153e-13,630.5205903366348,-4.794906858229809e-12,3649.87161,76709.988,0.0,317942.664,9741.637602,68255.22693599999,1848.961816,2.7132442426136556e-13,0.0,0.0,0.0,0.0,0.0,0.0,0.0,0.0,0.0,0.0,0.0,0.0,0.0,0.0,0.0,0.0,0.0,0.0,0.0,0.0,0.0,0.0,0.0,0.0,0.0,0.0,0.0,26251.867677742037,0.0,0.0,0.0,0.0,0.0,0.0,0.0,0.0,0.0,0.0,0.0,17600.929033701435,0.0,0.0,0.0,0.0,22648.42130491284,0.0,0.0,0.0
t26,5483.76,17804.378592,32478.106891999996,2216.9659119999997,0.0,0.0,2265.7578240000003,90.6677,68.5314,759.76272,0.0,0.0,-2.3737811716273426e-12,6253.3277100000005,379.476118,0.0,837.6816,637.5141500000001,14041.897560000001,1936.0850320000004,0.0,2819.418525,0.0,234.04753399999996,25.11,3594.00132,10203.113592,-8.886950937056813e-13,7364.932450000001,1071.193685,1777.5079269999999,-5.36657759388102e-13,3294.9120049999997,0.0,11701.508844000002,41273.446050000006,4.937674766836153e-13,630.5205903366348,-4.794906858229809e-12,3649.87161,76709.988,0.0,317942.664,9741.637602,68255.22693599999,1848.961816,2.7132442426136556e-13,0.0,0.0,0.0,0.0,0.0,0.0,0.0,0.0,0.0,0.0,0.0,0.0,0.0,0.0,0.0,0.0,0.0,0.0,0.0,0.0,0.0,0.0,0.0,0.0,0.0,0.0,0.0,26251.867677742037,0.0,0.0,0.0,0.0,0.0,0.0,0.0,0.0,0.0,0.0,0.0,5572.383297874204,0.0,0.0,0.0,0.0,12582.456280507135,0.0,0.0,0.0
t27,5483.76,17804.378592,32478.106891999996,2216.9659119999997,0.0,0.0,2265.7578240000003,90.6677,68.5314,759.76272,0.0,0.0,-2.3737811716273426e-12,6253.3277100000005,379.476118,0.0,837.6816,637.5141500000001,14041.897560000001,1936.0850320000004,0.0,2819.418525,0.0,234.04753399999996,25.11,3594.00132,10203.113592,-8.886950937056813e-13,7364.932450000001,1071.193685,1777.5079269999999,-5.36657759388102e-13,3294.9120049999997,0.0,11701.508844000002,41273.446050000006,4.937674766836153e-13,630.5205903366348,-3.066122088773013e-12,3649.87161,76709.988,-6.792166828972768e-13,261515.4547780429,9741.637602,68255.22693599999,1848.961816,2.7132442426136556e-13,0.0,0.0,0.0,0.0,0.0,0.0,0.0,0.0,0.0,0.0,0.0,0.0,0.0,0.0,0.0,0.0,0.0,0.0,0.0,0.0,0.0,0.0,0.0,0.0,0.0,0.0,0.0,23505.812149599864,0.0,0.0,0.0,0.0,0.0,0.0,0.0,0.0,0.0,0.0,0.0,3888.508419628412,0.0,0.0,0.0,0.0,12582.456280507135,0.0,0.0,0.0
t28,5483.76,17804.378592,32478.106891999996,2216.9659119999997,0.0,0.0,2265.7578240000003,90.6677,68.5314,759.76272,0.0,0.0,-2.3737811716273426e-12,6253.3277100000005,379.476118,0.0,837.6816,637.5141500000001,14041.897560000001,1936.0850320000004,0.0,2819.418525,0.0,234.04753399999996,25.11,3594.00132,10203.113592,-8.886950937056813e-13,7364.932450000001,1071.193685,1777.5079269999999,-5.36657759388102e-13,3294.9120049999997,0.0,11701.508844000002,41273.446050000006,4.937674766836153e-13,630.5205903366348,-3.066122088773013e-12,3649.87161,76709.988,-6.792166828972768e-13,250504.65118536097,9741.637602,68255.22693599999,1848.961816,2.7132442426136556e-13,0.0,0.0,0.0,0.0,0.0,0.0,0.0,0.0,0.0,0.0,0.0,0.0,0.0,0.0,0.0,0.0,0.0,0.0,0.0,0.0,0.0,0.0,0.0,0.0,0.0,0.0,0.0,20460.472131793595,0.0,0.0,0.0,0.0,0.0,0.0,0.0,0.0,0.0,0.0,0.0,3888.508419628412,0.0,0.0,0.0,0.0,12582.456280507135,0.0,0.0,0.0
t29,5483.76,17804.378592,32478.106891999996,2216.9659119999997,0.0,0.0,2265.7578240000003,90.6677,68.5314,759.76272,0.0,0.0,-2.3737811716273426e-12,6253.3277100000005,379.476118,0.0,837.6816,637.5141500000001,14041.897560000001,1936.0850320000004,0.0,2819.418525,0.0,234.04753399999996,25.11,3594.00132,10203.113592,-8.886950937056813e-13,7364.932450000001,1071.193685,1777.5079269999999,-5.36657759388102e-13,3294.9120049999997,0.0,11701.508844000002,41273.446050000006,4.937674766836153e-13,630.5205903366348,-3.066122088773013e-12,3649.87161,76709.988,-6.792166828972768e-13,317942.664,9741.637602,68255.22693599999,1848.961816,2.7132442426136556e-13,0.0,0.0,0.0,0.0,0.0,0.0,0.0,0.0,0.0,0.0,0.0,0.0,0.0,0.0,0.0,0.0,0.0,0.0,0.0,0.0,0.0,0.0,0.0,0.0,0.0,0.0,0.0,20310.82462931698,0.0,0.0,0.0,0.0,0.0,0.0,0.0,0.0,0.0,0.0,0.0,3888.508419628412,0.0,0.0,0.0,0.0,12582.456280507135,0.0,0.0,0.0
t30,5483.76,17804.378592,32478.106891999996,2216.9659119999997,0.0,0.0,2265.7578240000003,90.6677,68.5314,759.76272,0.0,0.0,-2.3737811716273426e-12,6253.3277100000005,379.476118,0.0,837.6816,637.5141500000001,14041.897560000001,1936.0850320000004,0.0,2819.418525,0.0,234.04753399999996,25.11,3594.00132,10203.113592,-8.886950937056813e-13,7364.932450000001,1071.193685,1777.5079269999999,-5.36657759388102e-13,3294.9120049999997,0.0,11701.508844000002,41273.446050000006,4.937674766836153e-13,630.5205903366348,-4.794906858229809e-12,3649.87161,76709.988,0.0,317942.664,9741.637602,68255.22693599999,1848.961816,2.7132442426136556e-13,0.0,0.0,0.0,0.0,0.0,0.0,0.0,0.0,0.0,0.0,0.0,0.0,0.0,0.0,0.0,0.0,0.0,0.0,0.0,0.0,0.0,0.0,0.0,0.0,0.0,0.0,0.0,25377.07518312083,0.0,0.0,0.0,0.0,0.0,0.0,0.0,0.0,0.0,0.0,0.0,6182.704981635623,0.0,0.0,0.0,0.0,12582.456280507135,0.0,0.0,0.0
t31,5483.76,17804.378592,32478.106891999996,2216.9659119999997,0.0,0.0,2265.7578240000003,90.6677,68.5314,759.76272,0.0,0.0,-2.3737811716273426e-12,6253.3277100000005,379.476118,0.0,837.6816,637.5141500000001,14041.897560000001,1936.0850320000004,0.0,2819.418525,0.0,234.04753399999996,25.11,3594.00132,10203.113592,-8.886950937056813e-13,7364.932450000001,1071.193685,1777.5079269999999,-5.36657759388102e-13,3294.9120049999997,0.0,11701.508844000002,41273.446050000006,4.937674766836153e-13,630.5205903366348,-4.794906858229809e-12,3649.87161,76709.988,0.0,162127.52053405254,9741.637602,68255.22693599999,1848.961816,2.7132442426136556e-13,0.0,0.0,0.0,0.0,0.0,0.0,0.0,0.0,0.0,0.0,0.0,0.0,0.0,0.0,0.0,0.0,0.0,0.0,0.0,0.0,0.0,0.0,0.0,0.0,0.0,0.0,0.0,26251.867677742037,0.0,0.0,0.0,0.0,0.0,0.0,0.0,0.0,0.0,0.0,0.0,10043.192490491578,0.0,0.0,0.0,0.0,12582.456280507135,0.0,0.0,0.0
t32,5483.76,17804.378592,32478.106891999996,2216.9659119999997,0.0,0.0,2265.7578240000003,90.6677,68.5314,759.76272,0.0,0.0,-2.3737811716273426e-12,6253.3277100000005,379.476118,0.0,837.6816,637.5141500000001,14041.897560000001,1936.0850320000004,0.0,2819.418525,0.0,234.04753399999996,25.11,3594.00132,10203.113592,-8.886950937056813e-13,7364.932450000001,1071.193685,1777.5079269999999,-5.36657759388102e-13,3294.9120049999997,0.0,11701.508844000002,41273.446050000006,4.937674766836153e-13,630.5205903366348,-4.794906858229809e-12,3649.87161,76709.988,0.0,139894.77216,9741.637602,68255.22693599999,1848.961816,2.7132442426136556e-13,0.0,0.0,0.0,0.0,0.0,0.0,0.0,0.0,0.0,0.0,0.0,0.0,0.0,0.0,0.0,0.0,0.0,0.0,0.0,0.0,0.0,0.0,0.0,0.0,0.0,0.0,0.0,26251.867677742037,0.0,0.0,0.0,0.0,0.0,0.0,0.0,0.0,0.0,0.0,0.0,19442.54209814206,0.0,0.0,0.0,0.0,12582.456280507135,0.0,0.0,0.0
t33,5483.76,17804.378592,32478.106891999996,2216.9659119999997,0.0,0.0,2265.7578240000003,90.6677,68.5314,759.76272,0.0,0.0,-2.3737811716273426e-12,6253.3277100000005,379.476118,0.0,837.6816,637.5141500000001,14041.897560000001,1936.0850320000004,0.0,2819.418525,0.0,234.04753399999996,25.11,3594.00132,10203.113592,-8.886950937056813e-13,7364.932450000001,1071.193685,1777.5079269999999,-5.36657759388102e-13,3294.9120049999997,0.0,11701.508844000002,41273.446050000006,4.937674766836153e-13,630.5205903366348,-4.794906858229809e-12,3649.87161,76709.988,0.0,139894.77216,9741.637602,68255.22693599999,1848.961816,2.7132442426136556e-13,0.0,0.0,0.0,0.0,0.0,0.0,0.0,0.0,0.0,0.0,0.0,0.0,0.0,0.0,0.0,0.0,0.0,0.0,0.0,0.0,0.0,0.0,0.0,0.0,0.0,0.0,0.0,26251.867677742037,0.0,0.0,0.0,0.0,0.0,0.0,0.0,0.0,0.0,0.0,0.0,19442.54209814206,0.0,0.0,0.0,0.0,12582.456280507135,0.0,0.0,0.0
t34,5483.76,17804.378592,32478.106891999996,2216.9659119999997,0.0,0.0,2265.7578240000003,90.6677,132.741,759.76272,0.0,0.0,-2.3737811716273426e-12,6253.3277100000005,379.476118,0.0,837.6816,637.5141500000001,14041.897560000001,1936.0850320000004,0.0,2819.418525,0.0,234.04753399999996,25.11,3594.00132,10203.113592,-8.886950937056813e-13,7364.932450000001,1071.193685,1777.5079269999999,-5.36657759388102e-13,3294.9120049999997,0.0,11701.508844000002,41273.446050000006,4.937674766836153e-13,630.5205903366348,-4.794906858229809e-12,3649.87161,76709.988,0.0,191432.52524228915,9741.637602,68255.22693599999,1848.961816,2.7132442426136556e-13,0.0,0.0,0.0,0.0,0.0,0.0,0.0,0.0,0.0,0.0,0.0,0.0,0.0,0.0,0.0,0.0,0.0,0.0,0.0,0.0,0.0,0.0,0.0,0.0,0.0,0.0,0.0,26251.867677742037,0.0,0.0,0.0,0.0,0.0,0.0,0.0,0.0,0.0,0.0,0.0,19442.54209814206,0.0,0.0,0.0,0.0,12582.456280507135,0.0,0.0,0.0
t35,5483.76,17804.378592,32478.106891999996,2216.9659119999997,0.0,0.0,2265.7578240000003,90.6677,308.7,759.76272,0.0,0.0,-2.3737811716273426e-12,6253.3277100000005,379.476118,0.0,837.6816,637.5141500000001,14041.897560000001,1936.0850320000004,0.0,3283.96947436938,0.0,234.04753399999996,25.11,3594.00132,10203.113592,-8.886950937056813e-13,7364.932450000001,1071.193685,1777.5079269999999,-5.36657759388102e-13,3294.9120049999997,0.0,11701.508844000002,41273.446050000006,4.937674766836153e-13,630.5205903366348,-4.794906858229809e-12,3649.87161,76709.988,0.0,139894.77216,9741.637602,68255.22693599999,1848.961816,2.7132442426136556e-13,0.0,0.0,0.0,0.0,0.0,0.0,0.0,0.0,0.0,0.0,0.0,0.0,0.0,0.0,0.0,0.0,0.0,0.0,0.0,0.0,0.0,0.0,0.0,0.0,0.0,0.0,0.0,26251.867677742037,0.0,0.0,0.0,0.0,0.0,0.0,0.0,0.0,0.0,0.0,0.0,19442.54209814206,0.0,0.0,0.0,0.0,12582.456280507135,0.0,0.0,0.0
t36,5483.76,17804.378592,32478.106891999996,2216.9659119999997,0.0,0.0,2265.7578240000003,90.6677,308.7,759.76272,0.0,0.0,-2.3737811716273426e-12,6253.3277100000005,379.476118,0.0,837.6816,637.5141500000001,14041.897560000001,1936.0850320000004,0.0,2819.418525,0.0,234.04753399999996,25.11,3594.00132,10203.113592,-8.886950937056813e-13,7364.932450000001,1071.193685,1777.5079269999999,-5.36657759388102e-13,3294.9120049999997,0.0,11701.508844000002,41273.446050000006,4.937674766836153e-13,630.5205903366348,-4.794906858229809e-12,3649.87161,76709.988,0.0,203620.71616393322,9741.637602,68255.22693599999,1848.961816,2.7132442426136556e-13,0.0,0.0,0.0,0.0,0.0,0.0,0.0,0.0,0.0,0.0,0.0,0.0,0.0,0.0,0.0,0.0,0.0,0.0,0.0,0.0,0.0,0.0,0.0,0.0,0.0,0.0,0.0,26251.867677742037,0.0,0.0,0.0,0.0,0.0,0.0,0.0,0.0,0.0,0.0,0.0,19442.54209814206,0.0,0.0,0.0,0.0,12582.456280507135,0.0,0.0,0.0
t37,5483.76,17804.378592,32478.106891999996,2216.9659119999997,0.0,0.0,2265.7578240000003,90.6677,308.7,759.76272,0.0,0.0,-2.3737811716273426e-12,6253.3277100000005,379.476118,0.0,837.6816,637.5141500000001,14041.897560000001,1936.0850320000004,0.0,2819.418525,0.0,234.04753399999996,25.11,3594.00132,10203.113592,0.0,7364.932450000001,1071.193685,1777.5079269999999,-5.36657759388102e-13,3294.9120049999997,0.0,11701.508844000002,43565.6622203466,4.937674766836153e-13,630.5205903366348,-4.794906858229809e-12,3649.87161,76709.988,0.0,245345.30648326053,9741.637602,68255.22693599999,1848.961816,2.7132442426136556e-13,0.0,0.0,0.0,0.0,0.0,0.0,0.0,0.0,0.0,0.0,0.0,0.0,0.0,0.0,0.0,0.0,0.0,0.0,0.0,0.0,0.0,0.0,0.0,0.0,0.0,0.0,0.0,26251.867677742037,0.0,0.0,0.0,0.0,0.0,0.0,0.0,0.0,0.0,0.0,0.0,19442.54209814206,0.0,0.0,0.0,0.0,12582.456280507135,0.0,0.0,0.0
t38,5483.76,17804.378592,38588.16414198077,2216.9659119999997,0.0,0.0,2265.7578240000003,90.6677,308.7,759.76272,0.0,0.0,-2.3737811716273426e-12,6253.3277100000005,379.476118,0.0,837.6816,637.5141500000001,14041.897560000001,1936.0850320000004,0.0,3990.300545611042,0.0,234.04753399999996,25.11,4155.425557493942,10203.113592,0.0,7364.932450000001,1071.193685,1777.5079269999999,-5.36657759388102e-13,3294.9120049999997,0.0,11701.508844000002,51743.50706915527,4.937674766836153e-13,630.5205903366348,-4.794906858229809e-12,3649.87161,76709.988,0.0,233468.2025276682,9741.637602,68255.22693599999,1848.961816,2.7132442426136556e-13,0.0,0.0,0.0,0.0,0.0,0.0,0.0,0.0,0.0,0.0,0.0,0.0,0.0,0.0,0.0,0.0,0.0,0.0,0.0,0.0,0.0,0.0,0.0,0.0,0.0,0.0,0.0,26251.867677742037,0.0,0.0,0.0,0.0,0.0,0.0,0.0,0.0,0.0,0.0,0.0,19442.54209814206,0.0,0.0,0.0,0.0,12582.456280507135,0.0,0.0,0.0
t39,5483.76,17804.378592,33493.54909665543,2216.9659119999997,0.0,0.0,2265.7578240000003,90.6677,308.7,759.76272,0.0,0.0,-2.3737811716273426e-12,6253.3277100000005,379.476118,0.0,837.6816,637.5141500000001,14041.897560000001,1936.0850320000004,0.0,5173.245,0.0,234.04753399999996,25.11,4662.306548687814,10203.113592,0.0,7364.932450000001,1071.193685,1777.5079269999999,-5.36657759388102e-13,3294.9120049999997,0.0,11701.508844000002,44155.18215549024,4.937674766836153e-13,630.5205903366348,-4.794906858229809e-12,3649.87161,76709.988,0.0,233811.13083415927,9741.637602,68255.22693599999,1848.961816,2.7132442426136556e-13,0.0,0.0,0.0,0.0,0.0,0.0,0.0,0.0,0.0,0.0,0.0,0.0,0.0,0.0,0.0,0.0,0.0,0.0,0.0,0.0,0.0,0.0,0.0,0.0,0.0,0.0,0.0,26251.867677742037,0.0,0.0,0.0,0.0,0.0,0.0,0.0,0.0,0.0,0.0,0.0,19442.54209814206,0.0,0.0,0.0,0.0,12582.456280507135,0.0,0.0,0.0
t40,5483.76,17804.378592,44013.96864259581,2216.9659119999997,0.0,0.0,2265.7578240000003,90.6677,308.7,759.76272,0.0,0.0,-2.3737811716273426e-12,6253.3277100000005,379.476118,0.0,837.6816,637.5141500000001,14041.897560000001,1936.0850320000004,0.0,5173.245,0.0,234.04753399999996,25.11,5901.4800000000005,10203.113592,0.0,7364.932450000001,1071.193685,1777.5079269999999,-5.36657759388102e-13,3294.9120049999997,0.0,11701.508844000002,45687.25593307868,4.937674766836153e-13,630.5205903366348,-4.794906858229809e-12,3649.87161,76709.988,0.0,256177.7792021667,9741.637602,68255.22693599999,1848.961816,2.7132442426136556e-13,0.0,0.0,0.0,0.0,0.0,0.0,0.0,0.0,0.0,0.0,0.0,0.0,0.0,0.0,0.0,0.0,0.0,0.0,0.0,0.0,0.0,0.0,0.0,0.0,0.0,0.0,0.0,26251.867677742037,0.0,0.0,0.0,0.0,0.0,0.0,0.0,0.0,0.0,0.0,0.0,19442.54209814206,0.0,0.0,0.0,0.0,12582.456280507135,0.0,0.0,0.0
t41,5483.76,17804.378592,58600.33474151979,2216.9659119999997,0.0,0.0,2265.7578240000003,90.6677,308.7,759.76272,0.0,0.0,-2.3737811716273426e-12,6253.3277100000005,379.476118,0.0,837.6816,637.5141500000001,14041.897560000001,1936.0850320000004,0.0,5173.245,0.0,234.04753399999996,25.11,5901.4800000000005,13279.780183383671,0.0,7364.932450000001,1071.193685,1777.5079269999999,-5.36657759388102e-13,3294.9120049999997,0.0,11701.508844000002,60449.848504538946,4.937674766836153e-13,630.5205903366348,-4.794906858229809e-12,3649.87161,76709.988,0.0,277186.6403302064,9741.637602,68255.22693599999,1848.961816,2.7132442426136556e-13,0.0,0.0,0.0,0.0,0.0,0.0,0.0,0.0,0.0,0.0,0.0,0.0,0.0,0.0,0.0,0.0,0.0,0.0,0.0,0.0,0.0,0.0,0.0,0.0,0.0,0.0,0.0,26251.867677742037,0.0,0.0,0.0,0.0,0.0,0.0,0.0,0.0,0.0,0.0,0.0,19442.54209814206,0.0,0.0,0.0,0.0,12582.456280507135,0.0,0.0,0.0
t42,5483.76,17804.378592,47449.90196755834,2216.9659119999997,0.0,0.0,2265.7578240000003,90.6677,308.7,759.76272,0.0,0.0,-2.3737811716273426e-12,6253.3277100000005,379.476118,0.0,837.6816,637.5141500000001,17828.035015305813,1936.0850320000004,0.0,5173.245,0.0,234.04753399999996,25.11,5901.4800000000005,16443.12227687228,0.0,7364.932450000001,1071.193685,4048.993,-5.36657759388102e-13,3294.9120049999997,0.0,11701.508844000002,41273.446050000006,4.937674766836153e-13,630.5205903366348,-4.794906858229809e-12,3649.87161,76709.988,0.0,317942.664,9741.637602,68255.22693599999,1848.961816,2.7132442426136556e-13,0.0,0.0,0.0,0.0,0.0,0.0,0.0,0.0,0.0,0.0,0.0,0.0,0.0,0.0,0.0,0.0,0.0,0.0,0.0,0.0,0.0,0.0,0.0,0.0,0.0,0.0,0.0,26251.867677742037,0.0,0.0,0.0,0.0,0.0,0.0,0.0,0.0,0.0,0.0,0.0,19442.54209814206,0.0,0.0,0.0,0.0,12582.456280507135,0.0,0.0,0.0
t43,5483.76,17804.378592,56987.27320018969,2216.9659119999997,0.0,0.0,2265.7578240000003,90.6677,308.7,759.76272,0.0,0.0,-2.3737811716273426e-12,6253.3277100000005,379.476118,0.0,837.6816,637.5141500000001,14041.897560000001,1936.0850320000004,0.0,5173.245,0.0,234.04753399999996,25.11,5901.4800000000005,17546.756844261876,0.0,7364.932450000001,1071.193685,4048.993,-5.36657759388102e-13,3294.9120049999997,0.0,11701.508844000002,41273.446050000006,4.937674766836153e-13,630.5205903366348,-4.794906858229809e-12,3649.87161,76709.988,0.0,317942.664,9741.637602,68255.22693599999,1848.961816,2.7132442426136556e-13,0.0,0.0,0.0,0.0,0.0,0.0,0.0,0.0,0.0,0.0,0.0,0.0,0.0,0.0,0.0,0.0,0.0,0.0,0.0,0.0,0.0,0.0,0.0,0.0,0.0,0.0,0.0,26251.867677742037,0.0,0.0,0.0,0.0,0.0,0.0,0.0,0.0,0.0,0.0,0.0,19442.54209814206,0.0,0.0,0.0,0.0,34840.73626404438,0.0,0.0,0.0
t44,5483.76,17804.378592,62516.864625143775,2216.9659119999997,0.0,0.0,2265.7578240000003,90.6677,308.7,759.76272,0.0,0.0,-2.3737811716273426e-12,6253.3277100000005,379.476118,0.0,837.6816,637.5141500000001,15917.952863553337,1936.0850320000004,0.0,5173.245,0.0,234.04753399999996,25.11,5901.4800000000005,17226.143496037042,0.0,7364.932450000001,1071.193685,4048.993,-5.36657759388102e-13,3294.9120049999997,0.0,11701.508844000002,46121.07928161841,4.937674766836153e-13,630.5205903366348,-4.794906858229809e-12,3649.87161,76709.988,0.0,317942.664,9741.637602,68255.22693599999,1848.961816,2.612061411222613e-12,0.0,0.0,2.5843344797493727e-11,0.0,0.0,0.0,0.0,0.0,0.0,0.0,0.0,0.0,0.0,0.0,0.0,0.0,0.0,0.0,0.0,0.0,0.0,0.0,0.0,0.0,0.0,0.0,0.0,26251.867677742037,0.0,0.0,0.0,0.0,0.0,0.0,0.0,0.0,0.0,0.0,0.0,19442.54209814206,0.0,0.0,0.0,0.0,62912.28140253567,0.0,0.0,0.0
t45,5483.76,17804.378592,64567.008292398474,2216.9659119999997,0.0,0.0,2265.7578240000003,90.6677,308.7,759.76272,0.0,0.0,-2.3737811716273426e-12,6253.3277100000005,379.476118,0.0,837.6816,637.5141500000001,26003.514,1936.0850320000004,0.0,5173.245,0.0,234.04753399999996,25.11,5901.4800000000005,10203.113592,0.0,7364.932450000001,1071.193685,4048.993,-5.36657759388102e-13,3294.9120049999997,0.0,11701.508844000002,55548.9052522331,4.937674766836153e-13,630.5205903366348,-4.794906858229809e-12,3649.87161,76709.988,0.0,317942.664,9741.637602,71667.49166448039,1848.961816,2.7132442426136556e-13,0.0,0.0,0.0,0.0,0.0,0.0,0.0,0.0,0.0,0.0,0.0,0.0,0.0,0.0,0.0,0.0,0.0,0.0,0.0,0.0,0.0,0.0,0.0,0.0,0.0,0.0,0.0,26251.867677742037,0.0,0.0,0.0,0.0,0.0,0.0,0.0,0.0,0.0,0.0,0.0,19442.54209814206,0.0,0.0,0.0,0.0,62912.28140253567,0.0,0.0,0.0
t46,5483.76,17804.378592,76146.25967129396,2216.9659119999997,0.0,0.0,2265.7578240000003,90.6677,308.7,759.76272,0.0,0.0,-2.3737811716273426e-12,6253.3277100000005,379.476118,0.0,837.6816,637.5141500000001,26003.514,1936.0850320000004,0.0,5173.245,0.0,234.04753399999996,25.11,5901.4800000000005,10203.113592,0.0,7364.932450000001,1071.193685,3102.929586410017,0.0,3294.9120049999997,0.0,11701.508844000002,44218.921771254114,4.937674766836153e-13,630.5205903366348,-4.794906858229809e-12,3649.87161,76709.988,0.0,317942.664,9741.637602,78805.60109775151,1848.961816,2.7132442426136556e-13,0.0,0.0,0.0,0.0,0.0,0.0,0.0,0.0,0.0,0.0,0.0,0.0,0.0,0.0,0.0,0.0,0.0,0.0,0.0,0.0,0.0,0.0,0.0,0.0,0.0,0.0,0.0,26251.867677742037,0.0,0.0,0.0,0.0,0.0,0.0,0.0,0.0,0.0,0.0,0.0,19442.54209814206,0.0,0.0,0.0,0.0,62912.28140253567,0.0,0.0,0.0
t47,5483.76,17804.378592,66771.81609308938,2216.9659119999997,0.0,0.0,2265.7578240000003,90.6677,308.7,759.76272,0.0,0.0,-2.3737811716273426e-12,6253.3277100000005,379.476118,0.0,837.6816,637.5141500000001,25466.172610020465,1936.0850320000004,0.0,5173.245,0.0,234.04753399999996,25.11,5901.4800000000005,11379.93570666351,0.0,7364.932450000001,1965.493,4048.993,0.0,5671.1050000000005,0.0,11701.508844000002,41273.446050000006,4.937674766836153e-13,630.5205903366348,-4.794906858229809e-12,3649.87161,76709.988,0.0,317942.664,9741.637602,104677.65526028536,1848.961816,2.7132442426136556e-13,0.0,0.0,0.0,0.0,0.0,0.0,0.0,0.0,0.0,0.0,0.0,0.0,0.0,0.0,0.0,0.0,0.0,0.0,0.0,0.0,0.0,0.0,0.0,0.0,0.0,0.0,0.0,26251.867677742037,0.0,0.0,0.0,0.0,0.0,0.0,0.0,0.0,0.0,0.0,0.0,19442.54209814206,0.0,0.0,0.0,0.0,62912.28140253567,0.0,0.0,0.0
t48,5483.76,17804.378592,32478.106891999996,2216.9659119999997,0.0,0.0,2265.7578240000003,90.6677,308.7,759.76272,0.0,0.0,-2.3737811716273426e-12,6253.3277100000005,379.476118,0.0,837.6816,637.5141500000001,23858.20746173271,1936.0850320000004,0.0,5173.245,0.0,234.04753399999996,25.11,3594.00132,10203.113592,-8.886950937056813e-13,7364.932450000001,1071.193685,1777.5079269999999,-5.36657759388102e-13,3294.9120049999997,0.0,11701.508844000002,41273.446050000006,4.937674766836153e-13,630.5205903366348,-3.066122088773013e-12,3649.87161,76709.988,-6.792166828972768e-13,317942.664,9741.637602,68255.22693599999,1848.961816,2.7132442426136556e-13,0.0,0.0,0.0,0.0,0.0,0.0,0.0,0.0,0.0,0.0,0.0,0.0,0.0,0.0,0.0,0.0,0.0,0.0,0.0,0.0,0.0,0.0,0.0,0.0,0.0,0.0,0.0,26251.867677742037,0.0,0.0,0.0,0.0,0.0,0.0,0.0,0.0,0.0,0.0,0.0,19442.54209814206,0.0,0.0,0.0,0.0,62912.28140253567,0.0,0.0,0.0
t49,5483.76,17804.378592,32478.106891999996,2216.9659119999997,0.0,0.0,2265.7578240000003,90.6677,308.7,759.76272,0.0,0.0,-2.3737811716273426e-12,6253.3277100000005,379.476118,0.0,837.6816,637.5141500000001,14041.897560000001,1936.0850320000004,0.0,5173.245,0.0,234.04753399999996,25.11,3594.00132,10203.113592,-8.886950937056813e-13,7364.932450000001,1071.193685,1777.5079269999999,-5.36657759388102e-13,3294.9120049999997,0.0,11701.508844000002,41273.446050000006,4.937674766836153e-13,630.5205903366348,-4.794906858229809e-12,3649.87161,76709.988,0.0,317942.664,9741.637602,68255.22693599999,1848.961816,2.7132442426136556e-13,0.0,0.0,0.0,0.0,0.0,0.0,0.0,0.0,0.0,0.0,0.0,0.0,0.0,0.0,0.0,0.0,0.0,0.0,0.0,0.0,0.0,0.0,0.0,0.0,0.0,0.0,0.0,26251.867677742037,0.0,0.0,0.0,0.0,0.0,0.0,0.0,0.0,0.0,0.0,0.0,18204.493812663488,0.0,0.0,0.0,0.0,62912.28140253567,0.0,0.0,0.0
t50,5483.76,17804.378592,32478.106891999996,2216.9659119999997,0.0,0.0,2265.7578240000003,90.6677,308.7,759.76272,0.0,0.0,-2.3737811716273426e-12,6253.3277100000005,379.476118,0.0,837.6816,637.5141500000001,14041.897560000001,1936.0850320000004,0.0,2819.418525,0.0,234.04753399999996,25.11,3594.00132,10203.113592,-8.886950937056813e-13,7364.932450000001,1071.193685,1777.5079269999999,-5.36657759388102e-13,3294.9120049999997,0.0,11701.508844000002,41273.446050000006,4.937674766836153e-13,630.5205903366348,-4.794906858229809e-12,3649.87161,76709.988,0.0,317942.664,9741.637602,68255.22693599999,1848.961816,2.612061411222613e-12,0.0,0.0,2.5843344797493727e-11,0.0,0.0,0.0,0.0,0.0,0.0,0.0,0.0,0.0,0.0,0.0,0.0,0.0,0.0,0.0,0.0,0.0,0.0,0.0,0.0,0.0,0.0,0.0,0.0,26251.867677742037,0.0,0.0,0.0,0.0,0.0,0.0,0.0,0.0,0.0,0.0,0.0,13190.964810591011,0.0,0.0,0.0,0.0,62912.28140253567,0.0,0.0,0.0
t51,5483.76,17804.378592,32478.106891999996,2216.9659119999997,0.0,0.0,2265.7578240000003,90.6677,308.7,759.76272,0.0,0.0,-2.3737811716273426e-12,6253.3277100000005,379.476118,0.0,837.6816,637.5141500000001,14041.897560000001,1936.0850320000004,0.0,2819.418525,0.0,234.04753399999996,25.11,3594.00132,10203.113592,-8.886950937056813e-13,7364.932450000001,1071.193685,1777.5079269999999,-5.36657759388102e-13,3294.9120049999997,0.0,11701.508844000002,41273.446050000006,4.937674766836153e-13,630.5205903366348,-4.794906858229809e-12,3649.87161,76709.988,0.0,317942.664,9741.637602,68255.22693599999,1848.961816,2.7132442426136556e-13,0.0,0.0,0.0,0.0,0.0,0.0,0.0,0.0,0.0,0.0,0.0,0.0,0.0,0.0,0.0,0.0,0.0,0.0,0.0,0.0,0.0,0.0,0.0,0.0,0.0,0.0,0.0,26251.867677742037,0.0,0.0,0.0,0.0,0.0,0.0,0.0,0.0,0.0,0.0,0.0,4874.5410031209485,0.0,0.0,0.0,0.0,59611.218871564975,0.0,0.0,0.0
t52,5483.76,17804.378592,32478.106891999996,2216.9659119999997,0.0,0.0,2265.7578240000003,90.6677,308.7,759.76272,0.0,0.0,-2.3737811716273426e-12,6253.3277100000005,379.476118,0.0,837.6816,637.5141500000001,14041.897560000001,1936.0850320000004,0.0,2819.418525,0.0,234.04753399999996,25.11,3594.00132,10203.113592,-8.886950937056813e-13,7364.932450000001,1071.193685,1777.5079269999999,-5.36657759388102e-13,3294.9120049999997,0.0,11701.508844000002,41273.446050000006,4.937674766836153e-13,630.5205903366348,-4.794906858229809e-12,3649.87161,76709.988,0.0,317942.664,9741.637602,68255.22693599999,1848.961816,2.7132442426136556e-13,0.0,0.0,0.0,0.0,0.0,0.0,0.0,0.0,0.0,0.0,0.0,0.0,0.0,0.0,0.0,0.0,0.0,0.0,0.0,0.0,0.0,0.0,0.0,0.0,0.0,0.0,0.0,26251.867677742037,0.0,0.0,0.0,0.0,0.0,0.0,0.0,0.0,0.0,0.0,0.0,4742.829422859771,0.0,0.0,0.0,0.0,40350.95660194312,0.0,0.0,0.0
t53,5483.76,17804.378592,32478.106891999996,2216.9659119999997,0.0,0.0,2265.7578240000003,90.6677,308.7,759.76272,0.0,0.0,-2.3737811716273426e-12,6253.3277100000005,379.476118,0.0,837.6816,637.5141500000001,14041.897560000001,1936.0850320000004,0.0,2819.418525,0.0,234.04753399999996,25.11,3594.00132,10203.113592,-8.886950937056813e-13,7364.932450000001,1071.193685,1777.5079269999999,-5.36657759388102e-13,3294.9120049999997,0.0,11701.508844000002,41273.446050000006,4.937674766836153e-13,630.5205903366348,-4.794906858229809e-12,3649.87161,76709.988,0.0,317942.664,9741.637602,68255.22693599999,1848.961816,2.7132442426136556e-13,0.0,0.0,0.0,0.0,0.0,0.0,0.0,0.0,0.0,0.0,0.0,0.0,0.0,0.0,0.0,0.0,0.0,0.0,0.0,0.0,0.0,0.0,0.0,0.0,0.0,0.0,0.0,26251.867677742037,0.0,0.0,0.0,0.0,0.0,0.0,0.0,0.0,0.0,0.0,0.0,4834.6516804080675,0.0,0.0,0.0,0.0,44411.55593986077,0.0,0.0,0.0
t54,5483.76,17804.378592,32478.106891999996,2216.9659119999997,0.0,0.0,2265.7578240000003,90.6677,308.7,759.76272,0.0,0.0,-2.3737811716273426e-12,6253.3277100000005,379.476118,0.0,837.6816,637.5141500000001,14041.897560000001,1936.0850320000004,0.0,2819.418525,0.0,234.04753399999996,25.11,3594.00132,10203.113592,-8.886950937056813e-13,7364.932450000001,1071.193685,1777.5079269999999,-5.36657759388102e-13,3294.9120049999997,0.0,11701.508844000002,41273.446050000006,4.937674766836153e-13,630.5205903366348,-4.794906858229809e-12,3649.87161,76709.988,0.0,317942.664,9741.637602,68255.22693599999,1848.961816,2.7132442426136556e-13,0.0,0.0,0.0,0.0,0.0,0.0,0.0,0.0,0.0,0.0,0.0,0.0,0.0,0.0,0.0,0.0,0.0,0.0,0.0,0.0,0.0,0.0,0.0,0.0,0.0,0.0,0.0,26251.867677742037,0.0,0.0,0.0,0.0,0.0,0.0,0.0,0.0,0.0,0.0,0.0,6375.328266352229,0.0,0.0,0.0,0.0,40192.8784801527,0.0,0.0,0.0
t55,5483.76,17804.378592,32478.106891999996,2216.9659119999997,0.0,0.0,2265.7578240000003,90.6677,308.7,759.76272,0.0,0.0,-2.3737811716273426e-12,6253.3277100000005,379.476118,0.0,837.6816,637.5141500000001,14041.897560000001,1936.0850320000004,0.0,2819.418525,0.0,234.04753399999996,25.11,3594.00132,10203.113592,-8.886950937056813e-13,7364.932450000001,1071.193685,1777.5079269999999,-5.36657759388102e-13,3294.9120049999997,0.0,11701.508844000002,41273.446050000006,4.937674766836153e-13,630.5205903366348,-4.794906858229809e-12,3649.87161,76709.988,0.0,317942.664,9741.637602,68255.22693599999,1848.961816,2.7132442426136556e-13,0.0,0.0,0.0,0.0,0.0,0.0,0.0,0.0,0.0,0.0,0.0,0.0,0.0,0.0,0.0,0.0,0.0,0.0,0.0,0.0,0.0,0.0,0.0,0.0,0.0,0.0,0.0,26251.867677742037,0.0,0.0,0.0,0.0,0.0,0.0,0.0,0.0,0.0,0.0,0.0,3888.508419628412,0.0,0.0,0.0,0.0,36784.37965300415,0.0,0.0,0.0
t56,5483.76,17804.378592,32478.106891999996,2216.9659119999997,0.0,0.0,2265.7578240000003,90.6677,132.741,759.76272,0.0,0.0,-2.3737811716273426e-12,6253.3277100000005,379.476118,0.0,837.6816,637.5141500000001,14041.897560000001,1936.0850320000004,0.0,2819.418525,0.0,234.04753399999996,25.11,3594.00132,10203.113592,-8.886950937056813e-13,7364.932450000001,1071.193685,1777.5079269999999,-5.36657759388102e-13,3294.9120049999997,0.0,11701.508844000002,41273.446050000006,4.937674766836153e-13,630.5205903366348,-4.794906858229809e-12,3649.87161,75903.1083273044,0.0,317942.664,9741.637602,68255.22693599999,1848.961816,2.7132442426136556e-13,0.0,0.0,0.0,0.0,0.0,0.0,0.0,0.0,0.0,0.0,0.0,0.0,0.0,0.0,0.0,0.0,0.0,0.0,0.0,0.0,0.0,0.0,0.0,0.0,0.0,0.0,0.0,20729.091035995458,0.0,0.0,0.0,0.0,0.0,0.0,0.0,0.0,0.0,0.0,0.0,3888.508419628412,0.0,0.0,0.0,0.0,26016.433754600544,0.0,0.0,0.0
t57,5483.76,17804.378592,32478.106891999996,2216.9659119999997,0.0,0.0,2265.7578240000003,90.6677,68.5314,759.76272,0.0,0.0,-2.3737811716273426e-12,6253.3277100000005,379.476118,0.0,837.6816,637.5141500000001,14041.897560000001,1936.0850320000004,0.0,2819.418525,0.0,234.04753399999996,25.11,3594.00132,10203.113592,-8.886950937056813e-13,7364.932450000001,1071.193685,1777.5079269999999,-5.36657759388102e-13,3294.9120049999997,0.0,11701.508844000002,41273.446050000006,4.937674766836153e-13,630.5205903366348,-4.794906858229809e-12,3649.87161,75204.4406759701,0.0,168295.7331135065,9741.637602,68255.22693599999,1848.961816,2.7132442426136556e-13,0.0,0.0,9.49512468650937e-12,0.0,0.0,0.0,0.0,0.0,0.0,0.0,0.0,0.0,0.0,0.0,0.0,0.0,0.0,0.0,0.0,0.0,0.0,0.0,0.0,0.0,0.0,0.0,0.0,16163.68922119227,0.0,0.0,0.0,0.0,0.0,0.0,0.0,0.0,0.0,0.0,0.0,3888.508419628412,0.0,0.0,0.0,0.0,12582.456280507135,0.0,0.0,0.0
t58,5483.76,17804.378592,32478.106891999996,2216.9659119999997,0.0,0.0,2265.7578240000003,90.6677,68.5314,759.76272,0.0,0.0,-2.3737811716273426e-12,6253.3277100000005,379.476118,0.0,837.6816,637.5141500000001,14041.897560000001,1936.0850320000004,0.0,2819.418525,0.0,234.04753399999996,25.11,3594.00132,10203.113592,-8.886950937056813e-13,7364.932450000001,1071.193685,1777.5079269999999,-5.36657759388102e-13,3294.9120049999997,0.0,11701.508844000002,41273.446050000006,4.937674766836153e-13,630.5205903366348,-4.794906858229809e-12,3649.87161,76709.988,0.0,139894.77216,9741.637602,68255.22693599999,1848.961816,2.612061411222613e-12,0.0,0.0,9.49512468650937e-12,0.0,0.0,0.0,0.0,0.0,0.0,0.0,0.0,0.0,0.0,0.0,0.0,0.0,0.0,0.0,0.0,0.0,0.0,0.0,0.0,0.0,0.0,0.0,0.0,9860.218675333475,0.0,0.0,0.0,0.0,0.0,0.0,0.0,0.0,0.0,0.0,0.0,3888.508419628412,0.0,0.0,0.0,0.0,12582.456280507135,0.0,0.0,0.0
t59,5483.76,17804.378592,32478.106891999996,2216.9659119999997,0.0,0.0,2265.7578240000003,90.6677,68.5314,759.76272,0.0,0.0,-2.3737811716273426e-12,6253.3277100000005,379.476118,0.0,837.6816,637.5141500000001,14041.897560000001,1936.0850320000004,0.0,2819.418525,0.0,234.04753399999996,25.11,3594.00132,10203.113592,-8.886950937056813e-13,7364.932450000001,1071.193685,1777.5079269999999,-5.36657759388102e-13,3294.9120049999997,0.0,11701.508844000002,41273.446050000006,4.937674766836153e-13,630.5205903366348,-4.794906858229809e-12,3649.87161,76709.988,0.0,139894.77216,9741.637602,68255.22693599999,1848.961816,2.612061411222613e-12,0.0,0.0,0.0,0.0,0.0,0.0,0.0,0.0,0.0,0.0,0.0,0.0,0.0,0.0,0.0,0.0,0.0,0.0,0.0,0.0,0.0,0.0,0.0,0.0,0.0,0.0,0.0,21021.75148087834,0.0,0.0,0.0,0.0,0.0,0.0,0.0,0.0,0.0,0.0,0.0,3888.508419628412,0.0,0.0,0.0,0.0,12582.456280507135,0.0,0.0,0.0
t60,5483.76,17804.378592,32478.106891999996,2216.9659119999997,0.0,0.0,2265.7578240000003,90.6677,68.5314,759.76272,0.0,0.0,-2.3737811716273426e-12,6253.3277100000005,379.476118,0.0,837.6816,637.5141500000001,14041.897560000001,1936.0850320000004,0.0,2819.418525,0.0,234.04753399999996,25.11,3594.00132,10203.113592,-8.886950937056813e-13,7364.932450000001,1071.193685,1777.5079269999999,-5.36657759388102e-13,3294.9120049999997,0.0,11701.508844000002,41273.446050000006,4.937674766836153e-13,630.5205903366348,-4.794906858229809e-12,3649.87161,76709.988,0.0,139894.77216,9741.637602,68255.22693599999,1848.961816,2.612061411222613e-12,0.0,0.0,9.49512468650937e-12,0.0,0.0,0.0,0.0,0.0,0.0,0.0,0.0,0.0,0.0,0.0,0.0,0.0,0.0,0.0,0.0,0.0,0.0,0.0,0.0,0.0,0.0,0.0,0.0,23859.53471414578,0.0,0.0,0.0,0.0,0.0,0.0,0.0,0.0,0.0,0.0,0.0,3888.508419628412,0.0,0.0,0.0,0.0,12582.456280507135,0.0,0.0,0.0
t61,5483.76,17804.378592,32478.106891999996,2216.9659119999997,0.0,0.0,2265.7578240000003,90.6677,68.5314,759.76272,0.0,0.0,-2.3737811716273426e-12,6253.3277100000005,379.476118,0.0,837.6816,637.5141500000001,14041.897560000001,1936.0850320000004,0.0,2819.418525,0.0,234.04753399999996,25.11,3594.00132,10203.113592,-8.886950937056813e-13,7364.932450000001,1071.193685,1777.5079269999999,-5.36657759388102e-13,3294.9120049999997,0.0,11701.508844000002,41273.446050000006,4.937674766836153e-13,630.5205903366348,-3.066122088773013e-12,3649.87161,76709.988,0.0,139894.77216,9741.637602,68255.22693599999,1848.961816,2.612061411222613e-12,0.0,0.0,1.2921672398746863e-11,0.0,0.0,0.0,0.0,0.0,0.0,0.0,0.0,0.0,0.0,0.0,0.0,0.0,0.0,0.0,0.0,0.0,0.0,0.0,0.0,0.0,0.0,0.0,0.0,26251.867677742037,0.0,0.0,0.0,0.0,0.0,0.0,0.0,0.0,0.0,0.0,0.0,3888.508419628412,0.0,0.0,0.0,0.0,12582.456280507135,0.0,0.0,0.0
t62,5483.76,17804.378592,32478.106891999996,2216.9659119999997,0.0,0.0,2265.7578240000003,90.6677,68.5314,759.76272,0.0,0.0,-2.3737811716273426e-12,6253.3277100000005,379.476118,0.0,837.6816,637.5141500000001,14041.897560000001,1936.0850320000004,0.0,2819.418525,0.0,234.04753399999996,25.11,3594.00132,10203.113592,-8.886950937056813e-13,7364.932450000001,1071.193685,1777.5079269999999,-5.36657759388102e-13,3294.9120049999997,0.0,11701.508844000002,41273.446050000006,4.937674766836153e-13,630.5205903366348,-3.066122088773013e-12,3649.87161,76709.988,0.0,139894.77216,9741.637602,68255.22693599999,1848.961816,2.612061411222613e-12,0.0,0.0,1.2921672398746863e-11,0.0,0.0,0.0,0.0,0.0,0.0,0.0,0.0,0.0,0.0,0.0,0.0,0.0,0.0,0.0,0.0,0.0,0.0,0.0,0.0,0.0,0.0,0.0,0.0,26251.867677742037,0.0,0.0,0.0,0.0,0.0,0.0,0.0,0.0,0.0,0.0,0.0,3888.508419628412,0.0,0.0,0.0,0.0,12582.456280507135,0.0,0.0,0.0
t63,5483.76,17804.378592,32478.106891999996,2216.9659119999997,0.0,0.0,2265.7578240000003,90.6677,132.741,759.76272,0.0,0.0,-2.3737811716273426e-12,6253.3277100000005,379.476118,0.0,837.6816,637.5141500000001,14041.897560000001,1936.0850320000004,0.0,2819.418525,0.0,234.04753399999996,25.11,3594.00132,10203.113592,-8.886950937056813e-13,7364.932450000001,1071.193685,1777.5079269999999,-5.36657759388102e-13,3294.9120049999997,0.0,11701.508844000002,41273.446050000006,4.937674766836153e-13,630.5205903366348,-4.794906858229809e-12,3649.87161,76709.988,0.0,139894.77216,9741.637602,68255.22693599999,1848.961816,2.612061411222613e-12,0.0,0.0,-1.899024937301874e-11,0.0,0.0,0.0,0.0,0.0,0.0,0.0,0.0,0.0,0.0,0.0,0.0,0.0,0.0,0.0,0.0,0.0,0.0,0.0,0.0,0.0,0.0,0.0,0.0,26251.867677742037,0.0,0.0,0.0,0.0,0.0,0.0,0.0,0.0,0.0,0.0,0.0,3888.508419628412,0.0,0.0,0.0,0.0,12582.456280507135,0.0,0.0,0.0
t64,5483.76,17804.378592,32478.106891999996,2216.9659119999997,0.0,0.0,2265.7578240000003,90.6677,308.7,759.76272,0.0,0.0,-2.3737811716273426e-12,6253.3277100000005,379.476118,0.0,837.6816,637.5141500000001,14041.897560000001,1936.0850320000004,0.0,4796.315795672588,0.0,234.04753399999996,25.11,3594.00132,10203.113592,-8.886950937056813e-13,7364.932450000001,1071.193685,1777.5079269999999,-5.36657759388102e-13,3294.9120049999997,0.0,11701.508844000002,41273.446050000006,4.937674766836153e-13,630.5205903366348,-4.794906858229809e-12,3649.87161,76709.988,0.0,139894.77216,9741.637602,68255.22693599999,1848.961816,2.612061411222613e-12,0.0,0.0,-9.49512468650937e-12,0.0,0.0,0.0,0.0,0.0,0.0,0.0,0.0,0.0,0.0,0.0,0.0,0.0,0.0,0.0,0.0,0.0,0.0,0.0,0.0,0.0,0.0,0.0,0.0,26251.867677742037,0.0,0.0,0.0,0.0,0.0,0.0,0.0,0.0,0.0,0.0,0.0,13698.706259132003,0.0,0.0,0.0,0.0,12582.456280507135,0.0,0.0,0.0
t65,5483.76,17804.378592,32478.106891999996,2216.9659119999997,0.0,0.0,2265.7578240000003,90.6677,308.7,759.76272,0.0,0.0,-2.3737811716273426e-12,6253.3277100000005,379.476118,0.0,837.6816,637.5141500000001,14287.362296705032,1936.0850320000004,0.0,5173.245,0.0,234.04753399999996,25.11,3594.00132,10203.113592,-8.886950937056813e-13,7364.932450000001,1071.193685,1777.5079269999999,-5.36657759388102e-13,3294.9120049999997,0.0,11701.508844000002,41273.446050000006,4.937674766836153e-13,630.5205903366348,-4.794906858229809e-12,3649.87161,76709.988,0.0,197585.28802585634,9741.637602,68255.22693599999,1848.961816,2.7132442426136556e-13,0.0,0.0,0.0,0.0,0.0,0.0,0.0,0.0,0.0,0.0,0.0,0.0,0.0,0.0,0.0,0.0,0.0,0.0,0.0,0.0,0.0,0.0,0.0,0.0,0.0,0.0,0.0,26251.867677742037,0.0,0.0,0.0,0.0,0.0,0.0,0.0,0.0,0.0,0.0,0.0,19442.54209814206,0.0,0.0,0.0,0.0,19380.16894775764,0.0,0.0,0.0
t66,5483.76,17804.378592,32478.106891999996,2216.9659119999997,0.0,0.0,2265.7578240000003,90.6677,308.7,759.76272,0.0,0.0,-2.3737811716273426e-12,6253.3277100000005,379.476118,0.0,837.6816,637.5141500000001,25528.333992814984,1936.0850320000004,0.0,5173.245,0.0,234.04753399999996,25.11,3594.00132,10203.113592,-8.886950937056813e-13,7364.932450000001,1071.193685,1777.5079269999999,-5.36657759388102e-13,3294.9120049999997,0.0,11701.508844000002,41273.446050000006,4.937674766836153e-13,630.5205903366348,-3.066122088773013e-12,3649.87161,76709.988,0.0,317942.664,9741.637602,68255.22693599999,1848.961816,2.7132442426136556e-13,0.0,0.0,0.0,0.0,0.0,0.0,0.0,0.0,0.0,0.0,0.0,0.0,0.0,0.0,0.0,0.0,0.0,0.0,0.0,0.0,0.0,0.0,0.0,0.0,0.0,0.0,0.0,26251.867677742037,0.0,0.0,0.0,0.0,0.0,0.0,0.0,0.0,0.0,0.0,0.0,19442.54209814206,0.0,0.0,0.0,0.0,59644.02904538047,0.0,0.0,0.0
t67,5483.76,17804.378592,39286.39182052708,2216.9659119999997,0.0,0.0,2265.7578240000003,90.6677,308.7,759.76272,0.0,0.0,-2.3737811716273426e-12,6253.3277100000005,379.476118,0.0,837.6816,637.5141500000001,26003.514,1936.0850320000004,0.0,5173.245,0.0,234.04753399999996,25.11,3594.00132,10203.113592,-8.886950937056813e-13,7364.932450000001,1071.193685,2234.5878297735217,0.0,3294.9120049999997,0.0,11701.508844000002,41273.446050000006,4.937674766836153e-13,630.5205903366348,-4.794906858229809e-12,3649.87161,76709.988,0.0,317942.664,9741.637602,68255.22693599999,1848.961816,2.7132442426136556e-13,0.0,0.0,0.0,0.0,0.0,0.0,0.0,0.0,0.0,0.0,0.0,0.0,0.0,0.0,0.0,0.0,0.0,0.0,0.0,0.0,0.0,0.0,0.0,0.0,0.0,0.0,0.0,26251.867677742037,0.0,0.0,0.0,0.0,0.0,0.0,0.0,0.0,0.0,0.0,0.0,19442.54209814206,0.0,0.0,0.0,0.0,62912.28140253567,0.0,0.0,0.0
t68,5483.76,17804.378592,50876.299950471424,2216.9659119999997,0.0,0.0,2265.7578240000003,90.6677,308.7,759.76272,0.0,0.0,-2.3737811716273426e-12,6253.3277100000005,379.476118,0.0,837.6816,637.5141500000001,26003.514,1936.0850320000004,0.0,5173.245,0.0,234.04753399999996,25.11,3594.00132,10203.113592,-8.886950937056813e-13,7364.932450000001,1071.193685,2739.543071905663,0.0,3294.9120049999997,0.0,11701.508844000002,43473.366630500386,4.937674766836153e-13,630.5205903366348,-4.794906858229809e-12,3649.87161,76709.988,0.0,317942.664,9741.637602,74496.6824870984,1848.961816,2.7132442426136556e-13,0.0,0.0,0.0,0.0,0.0,0.0,0.0,0.0,0.0,0.0,0.0,0.0,0.0,0.0,0.0,0.0,0.0,0.0,0.0,0.0,0.0,0.0,0.0,0.0,0.0,0.0,0.0,26251.867677742037,0.0,0.0,0.0,0.0,0.0,0.0,0.0,0.0,0.0,0.0,0.0,19442.54209814206,0.0,0.0,0.0,0.0,62912.28140253567,0.0,0.0,0.0
t69,5483.76,17804.378592,44063.385351684614,2216.9659119999997,0.0,0.0,2265.7578240000003,90.6677,308.7,759.76272,0.0,0.0,-2.3737811716273426e-12,6253.3277100000005,379.476118,0.0,837.6816,637.5141500000001,26003.514,1936.0850320000004,0.0,5173.245,0.0,234.04753399999996,25.11,3594.00132,10203.113592,-8.886950937056813e-13,7364.932450000001,1071.193685,2834.0815938884916,0.0,3294.9120049999997,0.0,11701.508844000002,41273.446050000006,4.937674766836153e-13,630.5205903366348,-4.794906858229809e-12,3649.87161,76709.988,0.0,317942.664,9741.637602,74873.15527150806,1848.961816,0.0,0.0,0.0,0.0,0.0,0.0,0.0,0.0,0.0,0.0,0.0,0.0,0.0,0.0,0.0,0.0,0.0,0.0,0.0,0.0,0.0,0.0,0.0,0.0,0.0,0.0,0.0,0.0,26251.867677742037,0.0,0.0,0.0,0.0,0.0,0.0,0.0,0.0,0.0,0.0,0.0,19442.54209814206,0.0,0.0,0.0,0.0,62912.28140253567,0.0,0.0,0.0
t70,5483.76,17804.378592,46049.03629197999,2216.9659119999997,0.0,0.0,2265.7578240000003,90.6677,308.7,759.76272,0.0,0.0,-2.3737811716273426e-12,6253.3277100000005,379.476118,0.0,837.6816,637.5141500000001,26003.514,1936.0850320000004,0.0,5173.245,0.0,234.04753399999996,25.11,3594.00132,10203.113592,-8.886950937056813e-13,7364.932450000001,1071.193685,4048.993,-5.36657759388102e-13,3294.9120049999997,0.0,11701.508844000002,41273.446050000006,4.937674766836153e-13,630.5205903366348,-4.794906858229809e-12,3649.87161,76709.988,0.0,317942.664,9741.637602,94683.8614706014,1848.961816,2.7132442426136556e-13,0.0,0.0,0.0,0.0,0.0,0.0,0.0,0.0,0.0,0.0,0.0,0.0,0.0,0.0,0.0,0.0,0.0,0.0,0.0,0.0,0.0,0.0,0.0,0.0,0.0,0.0,0.0,26251.867677742037,0.0,0.0,0.0,0.0,0.0,0.0,0.0,0.0,0.0,0.0,0.0,19442.54209814206,0.0,0.0,0.0,0.0,62912.28140253567,0.0,0.0,0.0
t71,5483.76,17804.378592,34297.257721950264,2216.9659119999997,0.0,0.0,2265.7578240000003,90.6677,308.7,759.76272,0.0,0.0,-2.3737811716273426e-12,6253.3277100000005,379.476118,0.0,837.6816,637.5141500000001,26003.514,1936.0850320000004,0.0,5173.245,0.0,234.04753399999996,25.11,5414.180291830634,10203.113592,0.0,7364.932450000001,1071.193685,4048.993,-5.36657759388102e-13,3294.9120049999997,0.0,11701.508844000002,41273.446050000006,4.937674766836153e-13,630.5205903366348,-3.066122088773013e-12,3649.87161,76709.988,0.0,317942.664,9741.637602,91565.24993532573,1848.961816,2.7132442426136556e-13,0.0,0.0,0.0,0.0,0.0,0.0,0.0,0.0,0.0,0.0,0.0,0.0,0.0,0.0,0.0,0.0,0.0,0.0,0.0,0.0,0.0,0.0,0.0,0.0,0.0,0.0,0.0,26251.867677742037,0.0,0.0,0.0,0.0,0.0,0.0,0.0,0.0,0.0,0.0,0.0,19442.54209814206,0.0,0.0,0.0,0.0,62912.28140253567,0.0,0.0,0.0
t72,5483.76,17804.378592,32478.106891999996,2216.9659119999997,0.0,0.0,2265.7578240000003,90.6677,308.7,759.76272,0.0,0.0,-2.3737811716273426e-12,6253.3277100000005,379.476118,0.0,837.6816,637.5141500000001,26003.514,1936.0850320000004,0.0,5173.245,0.0,234.04753399999996,25.11,3594.00132,10203.113592,-8.886950937056813e-13,7364.932450000001,1071.193685,4048.993,-5.36657759388102e-13,3294.9120049999997,0.0,11701.508844000002,41273.446050000006,4.937674766836153e-13,630.5205903366348,-3.066122088773013e-12,3649.87161,76709.988,0.0,317942.664,9741.637602,68255.22693599999,1848.961816,2.7132442426136556e-13,0.0,0.0,0.0,0.0,0.0,0.0,0.0,0.0,0.0,0.0,0.0,0.0,0.0,0.0,0.0,0.0,0.0,0.0,0.0,0.0,0.0,0.0,0.0,0.0,0.0,0.0,0.0,26251.867677742037,0.0,0.0,0.0,0.0,0.0,0.0,0.0,0.0,0.0,0.0,0.0,19442.54209814206,0.0,0.0,0.0,0.0,62912.28140253567,0.0,0.0,0.0
