Line,1,2,3,4,5,6,7,8,9,10,11,12,13,14,15,16,17
t1,-0.0,-0.0,685.3392379917162,760.0,-0.0,1000.0,-141.59682030926677,-951.8972838597176,-0.0,1853.9520644448376,1510.0,1134.0351322410606,577.6854344045386,2222.0841644669968,-0.0,1320.0,600.0
t2,-0.0,-0.0,969.0204687260601,760.0,-16.170274534530222,1000.0,-94.19258969227424,-831.0021048494798,-0.0,1786.9736738474323,1510.0,1164.205942042893,661.9350075553617,2080.1350224101966,-0.0,1320.0,600.0
t3,-0.0,664.111290426988,1200.0,760.0,-198.01065311364354,1000.0,-252.21304511031877,-657.8732894167525,-0.0,1483.7869088470436,1510.0,-0.0,-109.96820876449941,1654.26576616582,350.0,1320.0,600.0
t4,-0.0,1600.0,1200.0,760.0,-216.90566806569058,1000.0,-256.58842342895457,-667.9916504811031,-0.0,1197.5264239894673,1510.0,-0.0,-327.8120768598151,1617.938503872005,350.0,1320.0,600.0
t5,-0.0,-0.0,678.1234627879783,760.0,-0.0,1000.0,-17.25377776374111,-671.8584171116344,-0.0,1715.6989327139943,1510.0,1092.4509487740802,976.4023412028623,1914.052577759145,-0.0,1320.0,600.0
t6,-0.0,-0.0,-0.0,290.177720124449,202.68165667962637,1000.0,175.7629683695233,-714.1881319800638,-0.0,1952.4285500782098,1510.0,1292.718780944394,913.5787350133612,1787.3969026097275,-0.0,711.9797978611108,-0.0
t7,-0.0,-443.8446004957097,-0.0,-0.0,364.3868842219434,1000.0,304.9076450640156,-774.7521310924812,-0.0,3165.3829023635676,419.18624745519,1484.6744030168297,2146.730696127781,2580.0,217.95389861056654,1320.0,-469.4092740895366
t8,-0.0,-1600.0,-201.0081750611198,-0.0,435.6079393514348,1000.0,280.49826913862944,-751.8167691408994,179.4283937493368,3165.3829023635676,48.04002745997045,3263.2554837508246,3534.919528062272,2580.0,350.0,1255.1447064570511,-600.0
t9,-0.0,-1600.0,-59.95460408578177,-0.0,203.36854600596462,1000.0,-0.0,-727.0176092486346,-0.0,3165.3829023635676,1013.2151509831975,4133.698161853528,4477.18181965824,2580.0,350.0,1108.4507249767494,-420.19088009618133
t10,-0.0,-1600.0,-905.386350396721,-0.0,1044.208649159736,1000.0,760.0189180884598,-697.6003906250097,310.3674671527223,3165.3829023635676,915.8990169768526,5107.487117942411,4286.558691602475,2580.0,350.0,1043.5187077064309,-345.0696246699287
t11,-0.0,-1600.0,-1096.1036893349503,15.798668341421378,842.7448033478821,1000.0,484.9176093422472,-629.5082226239796,-0.0,3165.3829023635676,1510.0,4874.049425718318,3342.818272005925,2580.0,350.0,996.5634189972153,600.0
t12,-0.0,-1600.0,-722.8355589600651,-0.0,1532.9134670656558,1000.0,1197.0932649047343,-556.7125168193548,-0.0,3165.3829023635676,1510.0,4517.896015370921,3486.9106991503695,2580.0,350.0,989.9815883805653,-600.0
t13,-0.0,-1321.31796769879,-0.0,363.96597303376865,1540.0147977539195,1000.0,1226.9132030941796,-500.95993591157196,-0.0,3165.3829023635676,1510.0,3332.8627478748476,2982.5007794689222,2580.0,350.0,1320.0,-600.0
t14,-0.0,-1382.464037958252,-0.0,410.81016142060145,988.3302864080864,-0.0,567.5056008292953,-435.5756591149407,240.8582196525104,3165.3829023635676,-0.0,3213.4658066053375,2829.9520938707765,2580.0,350.0,1320.0,-600.0
t15,-0.0,-1067.3359774625499,-0.0,536.2683586031432,806.932385282599,-0.0,413.1163645990061,-512.0793411919377,1499.3823882408465,3165.3829023635676,-1414.080210723432,3502.7753599164157,3056.0511215632323,2580.0,350.0,1320.0,-600.0
t16,-0.0,-889.7973289781099,-0.0,494.61156052810264,1680.688265472844,-510.7308602257235,1300.0,-649.4447446594406,2192.865356479249,3165.3829023635676,-1510.0,4035.168606961561,3517.6256754720534,2580.0,350.0,1320.0,-600.0
t17,-0.0,-1470.2040187385992,-0.0,528.9036581032864,1629.6598630163655,463.5192911493063,1300.0,-715.1086864632962,2719.789620003255,3165.3829023635676,-772.9005258301279,4140.476738862596,4064.114326219206,2580.0,350.0,1320.0,-600.0
t18,-0.0,-897.9279096759552,-0.0,518.278321964547,1149.7755325788487,-0.0,791.7871555529141,-735.8834864743235,636.1236549965324,3165.3829023635676,-0.0,4161.663522183639,4257.113777297111,2580.0,350.0,1320.0,-600.0
t19,-0.0,-965.2542002940512,-0.0,629.6853571773216,909.931285962188,1000.0,595.5180723209467,-702.5401449361634,1573.3416858218525,3165.3829023635676,-0.0,4992.028711995199,4986.122853446724,2580.0,350.0,1320.0,-600.0
t20,-0.0,-1600.0,-507.618923880539,665.4954695513622,1434.055594281659,897.1123916306935,1112.075557883282,-706.0105663429896,2099.439097609019,3165.3829023635676,-0.0,4882.644987384315,4336.82912895829,2580.0,350.0,1320.0,-600.0
t21,-0.0,-626.2120694114506,-0.0,637.2858826609792,355.26767357898365,1000.0,-0.0,-701.9619816266187,-0.0,3165.3829023635676,-0.0,1329.850850577932,1351.5556615677438,2580.0,350.0,1320.0,-360.8774050149131
t22,-0.0,-0.0,-0.0,120.71276846092573,327.6489190903385,1000.0,-0.0,-707.3136097493783,-0.0,3165.3829023635676,-0.0,912.9790990855241,682.4374360723976,2580.0,350.0,881.7833491786245,-0.0
t23,-0.0,-0.0,-0.0,342.5064802468656,228.2070235968677,1000.0,-0.0,-655.0778200802691,-0.0,1787.8037386404574,943.5852832606168,916.7452370057874,-0.0,1700.2346787281047,219.35269190032153,119.35761362303043,-0.0
t24,-0.0,197.26950948557953,1200.0,760.0,-153.45274911588302,1000.0,-416.1213476526298,-610.7046815427952,-0.0,737.5562116685907,1510.0,1188.7164971558984,-197.60972070813094,2197.774443005408,350.0,1320.0,600.0
t25,-0.0,1600.0,1200.0,760.0,79.12498531117522,1000.0,-463.09528504831167,-681.6392858188003,-3250.0,2704.7197002981857,1510.0,-1313.1697238956674,-1067.2069321511879,1993.7908562185585,350.0,1320.0,600.0
t26,-0.0,1600.0,1200.0,760.0,-885.813196542332,1000.0,-1300.0,-646.5670359149314,-3250.0,400.45533703481846,1510.0,192.43379897161776,-1297.68384164612,1929.046268555298,350.0,1320.0,600.0
t27,-0.0,618.0951404712744,1200.0,760.0,225.63311319419185,1000.0,-220.08756887483284,-616.578141688058,-3250.0,1571.559039897985,1510.0,-2214.426285641627,-1866.8533009907414,1742.6865948249608,350.0,1320.0,600.0
t28,-0.0,1600.0,1200.0,313.8491143607703,-902.2535982790445,1000.0,-1300.0,-701.9693078866007,-3250.0,3111.3508435523718,1510.0,-2734.2279050736906,-1995.4618242442693,2149.8382836839505,350.0,1320.0,600.0
t29,-0.0,1600.0,1200.0,760.0,-447.8739676947211,1000.0,-872.3675303205625,-641.7826038848765,3250.0,-2404.8234660660373,1510.0,1341.8882365979384,-2027.8716203802126,1699.372696968977,350.0,1320.0,600.0
t30,-0.0,1600.0,1200.0,760.0,-979.0470598935121,1000.0,-1300.0,-715.2220058656943,-3250.0,729.5503180234384,1510.0,-732.3789194162864,-1956.947638581561,1714.8328890649368,350.0,1320.0,600.0
t31,-0.0,-1600.0,1200.0,760.0,-8.76207430204488,1000.0,-474.4558098035704,-810.1294378295767,-3250.0,3165.3829023635676,1510.0,-3070.6298905006815,-1629.1734125764415,1780.4105803204864,350.0,1320.0,600.0
t32,-0.0,1600.0,-1200.0,760.0,1183.731665173127,1000.0,753.1881081324987,-880.1178442835887,-1363.3685645557982,3165.3829023635676,1510.0,14.012757806145967,-641.7800316351577,1845.3410032722124,350.0,1320.0,600.0
t33,-0.0,-1600.0,-909.0940891559128,123.12754423553626,16.52760440853774,1000.0,-505.66476951902644,-789.5310164893209,-3250.0,3165.3829023635676,1510.0,1698.4421141335483,238.56126533764916,2580.0,350.0,1320.0,600.0
t34,-0.0,-1600.0,-1104.6522356913408,220.05623684384207,1406.047884023825,1000.0,734.9356364631158,-687.0997978369562,-2262.121174609654,3165.3829023635676,1510.0,1431.563198014067,183.42334760322296,2580.0,350.0,1320.0,600.0
t35,-0.0,-1600.0,-1200.0,286.05174494090295,21.460097078932645,1000.0,-647.611642481055,-608.7684725121087,1345.050385349974,-1459.4398342726417,1510.0,6950.0,1187.633904333442,2580.0,350.0,1320.0,600.0
t36,-0.0,-1600.0,-1200.0,295.54326286691776,-197.20163587802134,1000.0,-930.8104802312052,-528.5590021893546,89.6901994666141,-539.2302609990666,1510.0,6950.0,2064.2987875605795,2580.0,350.0,1320.0,600.0
t37,-0.0,-1600.0,-1200.0,219.00846144758452,-71.8957694409703,1000.0,-766.7643796762729,-527.726464565151,-430.6263144602283,-507.4670998329158,1510.0,6950.0,2202.7904128936193,2580.0,350.0,1320.0,600.0
t38,-0.0,-1600.0,-924.288754860352,177.49940544077546,191.10524618124794,1000.0,-466.4053960319321,-608.886702402303,874.6244600581651,-1184.0236476181508,1510.0,6950.0,1882.6741176294988,2580.0,350.0,1320.0,600.0
t39,-0.0,-1600.0,-1151.3513769057904,97.21440659887615,436.5240694121741,1000.0,-185.5715045263953,-728.9128824577264,1959.0633319626265,-744.8737140668292,1510.0,6950.0,2421.4597680778993,2580.0,350.0,1320.0,600.0
t40,-0.0,-1600.0,-1029.246722338423,361.8107919352044,1142.299969857223,1000.0,496.9831797800189,-885.2142405780116,-939.9283698917607,3165.3829023635676,1510.0,4885.152239058152,3771.734239376819,2580.0,350.0,1320.0,600.0
t41,-0.0,-1600.0,754.4842002048975,760.0,906.6457516217417,1000.0,265.52807455470554,-806.1267000035899,1590.7579654576373,-548.2989787281163,1510.0,6950.0,4189.637791938797,2322.8906622535055,350.0,1320.0,-0.0
t42,-0.0,-0.0,-0.0,541.8291349703452,1719.4367196341295,677.8858248495943,1300.0,-839.2662786855734,1828.9197427140007,3165.3829023635676,-0.0,5463.1305960666505,5448.412394077224,2580.0,350.0,1320.0,-600.0
t43,-0.0,-1212.6187590325676,-0.0,580.6696223520075,1638.0918974708065,-0.0,1300.0,-849.2556460913194,1471.306967103939,3165.3829023635676,-0.0,5800.3536356225695,5770.646760497641,2580.0,350.0,1320.0,-600.0
t44,-0.0,-1600.0,-316.8419344953761,594.46857106031,1610.2136688947924,468.98493965063676,1300.0,-772.4501060603639,2327.9714601426567,3165.3829023635676,-26.188678691774175,6274.892693206254,5969.645283150202,2580.0,350.0,1320.0,-600.0
t45,-0.0,-1600.0,-317.12931766025366,529.0568327510027,1671.6770706850473,630.1477904659746,1300.0,-750.6226830266052,2212.8840157352665,3165.3829023635676,-0.0,6215.240834268184,5905.226448176545,2580.0,350.0,1320.0,-600.0
t46,-0.0,-1600.0,-0.0,504.83960121861566,1546.1311284663477,-0.0,1300.0,-770.3429412792766,2540.642890272859,3165.3829023635676,-0.0,5887.576654760505,5979.403813974243,2580.0,350.0,1320.0,-600.0
t47,-0.0,-1346.1038777270182,-0.0,377.6391096785565,1517.8085441208357,-0.0,1300.0,-796.7762238603002,2745.342459021555,3165.3829023635676,-78.13305336080454,5171.529691914162,5355.64486845102,2580.0,350.0,1320.0,-600.0
t48,-0.0,-0.0,64.35652813420973,760.0,1607.9635248174513,691.2505630365017,1300.0,-726.5871532888507,535.6285907845897,3165.3829023635676,-0.0,4377.440334071283,4203.721620436856,2518.287800554092,-0.0,1320.0,-600.0
t49,-0.0,-1600.0,-1200.0,-760.0,-1013.3674709494551,1000.0,-1300.0,-990.7645419106067,-1836.920861145326,3165.3829023635676,1510.0,-882.1993666991161,-2862.565908245097,2580.0,-350.0,-50.61180313464616,600.0
t50,-0.0,-1600.0,-1200.0,-760.0,1475.7876161177765,1000.0,1090.0950795864915,-988.6683869627093,-2314.677546361595,3165.3829023635676,1510.0,-1048.6989817852086,-2041.7498002651457,2580.0,350.0,798.9375404540524,600.0
t51,-0.0,-1600.0,-1200.0,-657.902068539792,-1051.7158068839149,1000.0,-1300.0,-1046.8332702268028,-1552.3413235534329,3165.3829023635676,1510.0,-1270.4791550257532,-2486.873889250454,1898.6948536983086,350.0,266.03530785829804,600.0
t52,-0.0,-1600.0,-1200.0,-760.0,1649.0922597858946,1000.0,1300.0,-1229.5898972158006,-2045.0361461256089,3165.3829023635676,1510.0,-1602.1794106031364,-2544.3941511974867,2580.0,350.0,857.6713189261081,600.0
t53,-0.0,-1600.0,-1200.0,-760.0,-456.7840656597,1000.0,-711.4144709859424,-1300.160852888507,-1130.0364123169354,3165.3829023635676,1510.0,-1490.1969263552357,-2454.8248975829565,2580.0,350.0,840.3920748902052,600.0
t54,-0.0,-1556.5849368086979,-1200.0,-760.0,1620.5732293826845,1000.0,1300.0,-1256.4904884420012,832.5740120125397,3165.3829023635676,1510.0,-1097.559350624294,-2131.7572328092197,2580.0,350.0,728.5874753964758,600.0
t55,-0.0,-1600.0,-1200.0,-369.9863390359842,948.8477963300884,1000.0,578.0593196368801,-1066.4738124934572,-196.9132728235445,3165.3829023635676,1510.0,-50.849878694426934,-1278.8549591630315,2580.0,350.0,990.5654259954694,600.0
t56,-0.0,-1600.0,-1200.0,-760.0,-127.50709062271235,1000.0,-627.9481030690266,-857.4773046525058,3250.0,-2778.9564421398245,1510.0,6553.241923800193,-901.235990797471,2580.0,350.0,610.9375741102377,600.0
t57,-0.0,-1600.0,-1200.0,-760.0,-73.70925173508796,1000.0,-665.8321921209763,-1141.068732652592,-3250.0,3165.3829023635676,1510.0,1196.8145306734048,-527.2433271408775,2580.0,350.0,593.3203686989146,600.0
t58,-0.0,-1600.0,-1200.0,-760.0,1589.2113459996795,1000.0,977.8509629210264,-987.2105361697304,1891.0452137439534,-945.1307571955265,1510.0,6950.0,1289.9797220077012,2580.0,350.0,530.3914125140753,-584.8481906525587
t59,-0.0,-1600.0,-1200.0,-760.0,-667.2205011195215,1000.0,-1300.0,-1089.44359770683,3250.0,-1264.1820631365226,1510.0,6950.0,1268.6919110322758,2580.0,350.0,371.26204625995655,-600.0
t60,-0.0,-1600.0,-1200.0,-760.0,1919.3981408659267,1000.0,1300.0,-1045.1413107347007,2596.451672680713,-244.0921327163298,1510.0,6950.0,2486.151917178861,2580.0,350.0,489.7345958696548,-600.0
t61,-0.0,-1600.0,-1200.0,-760.0,1452.5286499621038,1000.0,802.718881025824,-555.6930716644546,3250.0,-1475.9736214934119,1510.0,6950.0,1132.9944035881097,2580.0,350.0,423.10222777360417,-600.0
t62,-0.0,-1600.0,-1200.0,-760.0,862.993013785994,1000.0,260.5508395858583,-630.9394742892316,-198.40211748682145,-679.5265944993579,1510.0,6950.0,1843.3488208010847,2580.0,350.0,534.8133514342818,-470.1157652832087
t63,-0.0,-1600.0,-1200.0,-760.0,1154.2056972049409,1000.0,651.6819752544405,-564.2438084494345,2152.978621065964,959.1888882334267,1510.0,6950.0,2366.204394046337,2580.0,350.0,594.3234756396224,600.0
t64,-0.0,-1600.0,-1200.0,-760.0,988.7229106303009,1000.0,356.11274834161827,-626.6465233500277,598.5063280637339,1727.084318793247,1510.0,6950.0,3047.9616304886763,2580.0,350.0,308.23762016475547,-600.0
t65,-0.0,-1600.0,-1200.0,-760.0,1296.134792438556,1000.0,718.7218923635435,-651.1286506832201,-1753.9386820582242,3165.3829023635676,1510.0,2411.5227848254585,1549.0724426590148,2580.0,350.0,269.5928978951798,-600.0
t66,-0.0,-1600.0,-1200.0,110.49806170045694,922.5384154831743,1000.0,348.3224498444956,-795.148542980673,-2079.8833626902606,3165.3829023635676,1510.0,1987.1677216563958,162.72920433608266,2580.0,350.0,1157.1237267058827,600.0
t67,-0.0,-1600.0,-994.4005710575836,318.69843825063145,1149.1291578657313,1000.0,675.7247415417837,-978.8500888693111,-1542.7697062887823,3165.3829023635676,1510.0,972.9173589185892,-262.9428229061933,2580.0,350.0,1320.0,600.0
t68,-0.0,-1600.0,-1200.0,486.4719605570974,1311.9666961252597,1000.0,768.5306254152433,-950.8903822940578,-350.9223183363224,3165.3829023635676,1510.0,1986.1229968912803,-253.05798068315454,2580.0,350.0,1320.0,600.0
t69,-0.0,-1600.0,-1200.0,388.9413412816556,-759.0268977490277,1000.0,-1300.0,-1001.2464979126437,-2150.0945753391466,3165.3829023635676,1510.0,1485.8386209212472,-65.20100112473587,2580.0,350.0,1320.0,600.0
t70,-0.0,-1600.0,-1200.0,283.23203369967746,1417.715360244648,1000.0,942.2311072273947,-1021.0628267916525,46.26726148255602,3165.3829023635676,1510.0,2019.4696790787034,-370.82335623080473,2580.0,350.0,1320.0,600.0
t71,-0.0,-1600.0,-1200.0,161.92306612143258,1266.1986616856832,1000.0,745.8133650631612,-990.9116382021363,-3250.0,3165.3829023635676,1510.0,891.7917499759446,-825.2925675150918,2580.0,350.0,1320.0,600.0
t72,-0.0,-809.839487396167,-1200.0,70.60557235632199,1223.736291769263,1000.0,714.775576292896,-939.1424899112361,-3250.0,3165.3829023635676,1510.0,-57.723361839205225,-1319.2819028914266,2580.0,350.0,1320.0,600.0
t73,-0.0,1600.0,1200.0,760.0,-1034.8761344244444,1000.0,-1300.0,-950.9351189268484,-2144.7220800348996,3165.3829023635676,1510.0,426.17495664541127,2209.7085575892943,1522.2180275386806,350.0,1320.0,600.0
t74,-0.0,1600.0,1200.0,760.0,1206.1210535223215,1000.0,867.7280755870408,-827.0587201172264,-3250.0,3165.3829023635676,1510.0,-95.12138216885546,1521.6196465464634,1467.4135913284435,350.0,1320.0,600.0
t75,-0.0,1600.0,1200.0,760.0,-511.9061279976549,1000.0,-862.3772626460154,-876.6743196061983,-3250.0,1563.8324243661154,1510.0,2492.997603743326,2625.543603046699,1440.0954624571525,350.0,1320.0,600.0
t76,-0.0,1600.0,1200.0,760.0,-1102.6636001227325,1000.0,-1300.0,-789.5265037921172,-2281.5002745977085,3165.3829023635676,1510.0,-202.21589551754968,2529.0025643858717,1404.6374269543173,350.0,1320.0,600.0
t77,-0.0,1600.0,1200.0,760.0,957.415583286205,1000.0,749.9844225060697,-801.8132582258148,-3250.0,3165.3829023635676,1510.0,-327.19414915439665,2369.757654161533,1422.2142577726916,350.0,1320.0,600.0
t78,-0.0,720.9822727843249,1200.0,760.0,1107.7998256125547,1000.0,837.5817281089141,-830.4433482671251,-180.74802021199866,3165.3829023635676,1510.0,193.5764376112761,2718.0968939565137,1519.2336243036975,350.0,1320.0,600.0
t79,-0.0,1600.0,1200.0,449.5897326083288,1473.541586275935,1000.0,1149.3425184204923,-850.6925204953079,-1519.738102516576,3165.3829023635676,1510.0,394.98716825267263,2351.8946223990442,1903.3883002893665,350.0,1320.0,600.0
t80,-0.0,-1600.0,-1200.0,-118.30152842564075,1692.9004340420636,1000.0,1300.0,-768.225851745519,79.77657478340188,3165.3829023635676,1510.0,4894.7495103165675,3878.888889425433,2580.0,350.0,1320.0,600.0
t81,-0.0,-1600.0,-1200.0,-99.28436215254875,476.1641200039497,1000.0,-18.210002812739262,-692.978372473294,437.70024519441773,225.04463478673657,1510.0,6950.0,2811.581703899288,2580.0,350.0,1320.0,260.11328281167647
t82,-0.0,-1600.0,-1200.0,-78.02856311840425,1886.7026903983483,1000.0,1300.0,-656.0479712890816,1171.1589737969753,1612.4838859059805,1510.0,6950.0,4318.110710814087,2580.0,350.0,1320.0,-23.859606993195758
t83,-0.0,-1600.0,-1200.0,10.926828896456563,1257.6458462491519,1000.0,649.0836649749524,-583.6581412519009,-372.59079520069236,2053.216756804347,1510.0,6950.0,4759.3522124024075,2580.0,350.0,1320.0,-0.0
t84,-0.0,-1600.0,-1200.0,31.91986872643307,1930.0,1000.0,1300.0,-516.4480550038751,412.3758006077388,1906.7649953588907,1510.0,6950.0,4647.81571146245,2580.0,350.0,1320.0,-600.0
t85,-0.0,-1600.0,-1200.0,64.69714759736443,1346.463641475093,1000.0,742.8699131326316,-576.5085882112977,-145.26541581222355,1816.0247014370855,1510.0,6950.0,4556.469385042469,2580.0,350.0,1320.0,-0.0
t86,-0.0,-1600.0,-1200.0,-14.52131961549345,1142.2905737785932,1000.0,567.171645478236,-517.0874789707823,524.5141809076282,1701.5643581166055,1510.0,6950.0,4502.9817946638495,2580.0,350.0,1320.0,-600.0
t87,-0.0,-1600.0,-1200.0,120.57695302750334,1233.8747104234308,1000.0,579.8252787343981,-583.8059145320074,17.63200757127433,1512.695144153456,1510.0,6950.0,4270.127582109481,2580.0,350.0,1320.0,-207.6978370121322
t88,-0.0,-1600.0,-1200.0,174.6223512475012,1930.0,1000.0,1300.0,-642.0944142640905,1063.567512181316,2307.1931793611284,1510.0,6950.0,5191.603275197817,2580.0,350.0,1320.0,-254.49365505944158
t89,-0.0,-1600.0,-1200.0,324.6693707265663,1803.1295339837636,1000.0,1211.5425082948957,-702.75875133625,67.23673702499823,2959.413670531022,1510.0,6950.0,5771.688020874891,2580.0,350.0,1320.0,-600.0
t90,-0.0,-1378.1056443833122,1200.0,760.0,1553.132861432385,1000.0,978.9059825336196,-723.5336787458975,-991.2299582779706,3165.3829023635676,1510.0,3851.8543694334944,5433.857154809757,2210.519268016719,350.0,1320.0,-0.0
t91,-0.0,-272.41192475247794,1200.0,760.0,1759.7214133371244,1000.0,1300.0,-716.3948449149112,-822.2557989067677,3165.3829023635676,1510.0,3619.4567564334097,5021.894518861184,2166.3252545296937,350.0,1320.0,-0.0
t92,-0.0,784.1411600442027,1200.0,760.0,208.0198217161776,1000.0,-413.79313911260056,-718.1148682317526,-2234.982716361001,3165.3829023635676,1510.0,4156.827418905175,5367.204720487387,2164.7290648048656,350.0,1320.0,-0.0
t93,-0.0,847.9262316559546,1200.0,760.0,1327.056649772961,1000.0,714.6239656255062,-727.0425910468609,-1236.1220365824724,3165.3829023635676,1510.0,4014.0884091406656,5302.594829736905,2192.475001341189,350.0,1320.0,-0.0
t94,-0.0,-405.5232718714542,1200.0,760.0,1268.1445864625045,1000.0,813.7577968482065,-720.4753475001122,-945.3687319204819,3165.3829023635676,1510.0,4323.752639882068,5206.991110572511,2077.082459300575,350.0,1320.0,-0.0
t95,-0.0,857.0313942388973,1200.0,760.0,1542.2427331480612,1000.0,1138.161946470256,-804.8942693673653,-3250.0,3165.3829023635676,1510.0,3319.691880825182,4497.625724708055,1997.6404995562912,350.0,1320.0,-0.0
t96,-0.0,1600.0,1200.0,760.0,-869.337374984289,1000.0,-1300.0,-957.2923516059307,-2472.482109758173,3165.3829023635676,1510.0,1654.7802744458363,3824.939849927231,1723.559452388327,350.0,1320.0,-0.0
t97,-0.0,-0.0,-0.0,259.15528385125276,407.2713395382789,1000.0,-0.0,-875.6759769190548,-0.0,2596.089180409921,1510.0,3493.191694569495,3259.6321372197517,2540.4332344280074,-0.0,1320.0,-0.0
t98,-0.0,-0.0,-0.0,760.0,338.1164527985944,1000.0,-0.0,-791.3208376932946,-0.0,589.5440766062951,1510.0,5041.834842478289,2913.7980443534902,2039.0393782530798,-0.0,1320.0,600.0
t99,-0.0,-0.0,-0.0,760.0,314.8227085718416,1000.0,-0.0,-913.636172966885,-0.0,809.9431397999506,1510.0,3191.588620621313,1981.9614365429854,1897.2393363080903,-0.0,1320.0,600.0
t100,-0.0,-0.0,-0.0,760.0,272.20619874849945,1000.0,-0.0,-899.7773983625262,-0.0,1225.573475186552,1510.0,2450.573123650842,1239.188354432395,1871.8271348292271,-0.0,1320.0,600.0
t101,-0.0,-0.0,-0.0,760.0,239.93573579415482,1000.0,-0.0,-921.3994362008751,-0.0,1283.6572235106817,1510.0,1305.2928071768242,617.0298164223129,1876.304625774341,-0.0,1320.0,600.0
t102,-0.0,-0.0,-0.0,760.0,278.95232004280234,1000.0,-0.0,-852.3297385580678,-0.0,683.2874626828072,1510.0,2597.6775119699996,604.7456901198614,1954.6245153221153,-0.0,1320.0,600.0
t103,-0.0,-1600.0,1200.0,678.0581451436833,-395.31045971673655,1000.0,-873.2169325159985,-682.6013448840051,3250.0,-3165.3829023635676,1510.0,4420.258995685766,-289.0390422500168,1805.7884226071646,350.0,1320.0,-0.0
t104,-0.0,-1340.6953182962354,-1200.0,164.854773761686,1875.18622545249,1000.0,1300.0,-709.514042451008,-450.2129217666875,3165.3829023635676,1510.0,3037.859923825739,2265.7953372626034,2580.0,350.0,1320.0,-600.0
t105,-0.0,-1600.0,-1200.0,242.05833200364373,263.5465461799228,1000.0,-365.3495804834643,-625.3047388059186,307.9425132464826,3165.3829023635676,-1510.0,2985.600096804427,1559.2706519708279,2580.0,350.0,1320.0,-600.0
t106,-0.0,-1313.8395797811584,-1200.0,347.11669964911965,135.0134628496673,1000.0,-481.83838392571755,-566.9777643633938,-879.6473951098674,3165.3829023635676,-374.390505403946,3146.5451662138144,1506.901155666723,2580.0,350.0,1320.0,-600.0
t107,-0.0,-1208.1088489449137,-1200.0,318.47669260039424,205.85529963044405,1000.0,-502.57796320638477,-633.9107627203272,-1561.6756017091589,3165.3829023635676,44.05997206874599,4611.9189693632525,2990.5194440272176,2580.0,350.0,1320.0,-600.0
t108,-0.0,-1600.0,-686.5752488522985,410.743017569043,1930.0,752.5136217886075,1215.874730214006,-588.5617888614597,-1392.3096675770325,3165.3829023635676,1510.0,5917.563121834561,4767.642228750194,2580.0,350.0,1320.0,-600.0
t109,-0.0,409.0934695012643,-888.3177941424887,492.6305378584408,531.5447982093804,1000.0,-100.57888827264081,-510.9947498465278,856.0523961259702,3165.3829023635676,752.480626727287,6950.0,5538.012919864624,2580.0,350.0,1320.0,-600.0
t110,-0.0,1600.0,-1200.0,760.0,1930.0,859.6356725039042,1208.7058306912245,-444.9540574776245,-571.7742462393712,2278.250604182657,1510.0,6950.0,5185.431242178917,2210.6348746567387,350.0,1320.0,-600.0
t111,-0.0,1600.0,-812.271086751889,760.0,1930.0,1000.0,1214.2266702391394,-478.2127977227671,-697.5035373712344,3165.3829023635676,980.8167104221357,6117.7905040070345,5217.385970276752,2238.228139588286,350.0,1320.0,-600.0
t112,-0.0,1600.0,-938.172018673358,760.0,364.5504864930583,1000.0,-393.69679956465006,-582.7881723837892,-1832.7574619552006,3165.3829023635676,496.50833327093414,6950.0,5598.258385019523,2362.0673619743125,350.0,1320.0,-600.0
t113,-0.0,-1600.0,811.0496865692002,652.5109724495223,423.06562276472573,1000.0,-279.0421214823274,-734.7376983783195,-1130.7740524459193,3165.3829023635676,1499.0745443264896,4531.307192272561,5058.440265520467,2580.0,350.0,1320.0,-600.0
t114,-0.0,-1600.0,847.7080935096983,592.7023483023036,1284.144266724291,1000.0,606.0429283450903,-855.6804688575967,-555.2426299105491,3165.3829023635676,1510.0,3874.8103956612613,4095.976857010236,2580.0,350.0,1320.0,-600.0
t115,-0.0,-0.0,352.0692486205124,760.0,952.8645242600717,1000.0,316.733020454751,-836.3770762595869,-0.0,1984.8864189927472,1510.0,5530.695266387236,4098.24791017277,2580.0,91.94514848063137,1320.0,-203.46339242031425
t116,-0.0,-0.0,566.2871089174032,760.0,523.9830569304859,1000.0,-0.0,-1006.1532070470859,-0.0,1918.7952970488068,1510.0,5301.002880920681,4391.680477638395,2580.0,43.995140826640636,1320.0,-600.0
t117,-0.0,-0.0,639.0450055994186,760.0,467.438760592473,1000.0,-0.0,-880.5061183445243,-0.0,1872.577809350669,1510.0,4572.711114105599,3736.552156908671,2580.0,79.88029090124758,1320.0,-0.0
t118,-0.0,-0.0,536.3110258880483,760.0,526.3618700789254,1000.0,-0.0,-1037.8845468139039,-0.0,2080.5415066250744,1510.0,4184.813871122424,2936.3102414377563,2580.0,27.34771516665212,1320.0,-0.0
t119,-0.0,-0.0,-0.0,760.0,520.3315352421465,1000.0,-0.0,-1039.666875636543,-0.0,2147.2617096041295,1510.0,3191.4171634374397,2240.366782047569,2482.207120896236,-0.0,1320.0,-0.0
t120,-0.0,-0.0,-0.0,760.0,399.75174295187526,1000.0,-0.0,-1168.7653556901196,-0.0,901.9688251336767,1510.0,4657.809346859773,2274.677960039031,2395.8998796923015,-0.0,1320.0,-0.0
t121,-0.0,297.8841222417491,-1200.0,760.0,-898.3667414067797,1000.0,-1300.0,-879.6173554334334,1972.6265255799626,-1095.711342883133,1510.0,6950.0,2082.8513370880005,1885.5164424441625,350.0,1320.0,-0.0
t122,-0.0,-1208.9854953827871,1200.0,-125.58416487983848,907.9040220024588,1000.0,584.2314822776408,-863.7588602859362,-3250.0,3111.075786773022,1510.0,1319.2068546639362,2569.3614600654596,2580.0,350.0,1320.0,465.0339571621828
t123,-0.0,1600.0,-1200.0,760.0,798.6145876644468,1000.0,482.3211372018026,-868.7248044526295,-279.2002061629187,3165.3829023635676,1510.0,2509.9854953110103,1484.5659318817193,1625.336693510284,350.0,1320.0,600.0
t124,-0.0,1600.0,-1200.0,462.7223064119546,-1019.660008452234,1000.0,-1300.0,-918.063198438105,-3250.0,3165.3829023635676,1510.0,1412.5125164177732,177.07125919735606,2580.0,-350.0,1320.0,600.0
t125,-0.0,-1600.0,-1200.0,-241.32926977288642,582.0525971372949,1000.0,296.19152164342233,-941.6511782618153,3250.0,-1542.6700910734723,1510.0,5487.604347265685,-234.7138060130144,2580.0,350.0,1320.0,600.0
t126,-0.0,-1600.0,-1200.0,-209.7092184832168,-23.27812956598045,1000.0,-383.26159605699985,-855.5296532188165,-1943.879260098986,3165.3829023635676,1510.0,-217.24779629438407,-1417.0226021965561,2580.0,350.0,1320.0,600.0
t127,-0.0,-1600.0,-1200.0,-760.0,-228.18941116359815,1000.0,-636.9328852250821,-783.8906192794238,-2821.742285248405,3165.3829023635676,1510.0,1167.8265836084252,-62.90313030614766,2580.0,350.0,710.296999417876,600.0
t128,-0.0,-1600.0,-1200.0,-103.81902921354899,203.9456609055265,1000.0,-332.2138650936801,-754.5534106705011,1065.6318033989087,60.816398469170394,1510.0,6950.0,2718.5575961898917,2580.0,350.0,1320.0,-600.0
t129,-0.0,-1600.0,-1200.0,127.50895666556356,38.67354974292515,1000.0,-582.6871009453637,-725.9587588718684,179.76954484785642,732.8176090249441,1510.0,6950.0,3274.4686062652922,2580.0,350.0,1320.0,-600.0
t130,-0.0,-1600.0,-1200.0,222.02097550442406,892.1254457669269,1000.0,225.20371951773006,-509.0779452618633,1381.388592713396,249.45273809226694,1510.0,6950.0,2916.5309948953127,2580.0,350.0,1320.0,-600.0
t131,-0.0,-1600.0,-1200.0,234.6865029720092,1930.0,1000.0,1249.9520529311342,-432.38387302091695,2155.33851311128,452.0305370513237,1510.0,6950.0,3664.4793542130224,2580.0,350.0,1320.0,-600.0
t132,-0.0,-1600.0,-1200.0,343.64564798263314,-98.00632899802417,1000.0,-832.6127338994465,-633.7465594046396,-1608.4635362452825,3165.3829023635676,1510.0,4809.033387543946,3474.1183378767873,2580.0,350.0,1320.0,-600.0
t133,-0.0,-1600.0,-1200.0,323.858507144392,-364.22027743572266,1000.0,-1069.1346647210105,-478.98662457467674,1956.4283921601543,1353.727546036863,1510.0,6950.0,3836.7495771218323,2580.0,350.0,1320.0,-600.0
t134,-0.0,-1600.0,-1200.0,274.49121124450585,-673.785153736352,1000.0,-1300.0,-543.5369386506372,-2185.1465504794396,2281.646413603934,1510.0,6950.0,4878.326675739692,2580.0,350.0,1320.0,-600.0
t135,-0.0,-1600.0,-1200.0,355.57308462322266,-538.2241846854258,1000.0,-1300.0,-476.7846593423644,-1278.4725762085523,1091.655111135396,1510.0,6950.0,4596.549465026092,2580.0,350.0,1320.0,-600.0
t136,-0.0,-1600.0,-1200.0,436.1584539049311,1433.750801407551,1000.0,840.2138464873503,-402.01882168431945,-808.9144651274669,2934.6525783979387,1510.0,6950.0,4830.760657979619,2580.0,350.0,1320.0,-600.0
t137,-0.0,-1600.0,-1200.0,396.10236562066257,-458.99835811596677,1000.0,-1220.981742426703,-460.4599322109423,-2257.594093929757,2051.4236636556398,1510.0,6950.0,3903.9035811288986,2580.0,350.0,1320.0,305.2956888478349
t138,-0.0,-1600.0,-1200.0,485.19980120413175,819.3443876853501,1000.0,108.54042959054995,-481.0742340749181,1573.5014524895273,990.291188253602,1510.0,6950.0,3288.01760574221,2580.0,350.0,1320.0,600.0
t139,-0.0,-1600.0,-1200.0,694.8196642557903,535.2219152248038,1000.0,-183.94320437657336,-604.0915886661356,2638.0212712750144,-955.7788549183721,1510.0,6950.0,1406.2366383110113,2580.0,350.0,1320.0,-0.0
t140,-0.0,-542.1277836749009,-368.6838001841594,586.3681205000711,1382.2958069924525,1000.0,756.9062412755917,-680.5103795717628,3250.0,-1346.089093009503,1510.0,6950.0,1604.043822771999,2580.0,350.0,1320.0,-0.0
t141,-0.0,-1600.0,897.433176413558,760.0,796.4152987303462,1000.0,256.3663581816544,-775.0962250997568,-1171.4851870976966,3165.3829023635676,1510.0,2792.699669210607,3093.243788400205,2395.1814431394587,350.0,1320.0,-0.0
t142,-0.0,-606.1028802401938,1200.0,760.0,998.3847812152151,1000.0,460.15138824311566,-782.3186041646225,-1231.8350122252216,3165.3829023635676,1510.0,2668.8580062029664,3861.2839254211344,2233.275227845723,350.0,1320.0,-0.0
t143,-0.0,-510.79900288980434,1200.0,760.0,-689.9117286987328,1000.0,-1300.0,-751.125070547376,-2632.925645710856,3165.3829023635676,1510.0,2469.4204023781235,3831.361790870081,2144.4146597718036,350.0,1320.0,-0.0
t144,-0.0,1600.0,1200.0,501.46803604670686,-767.0774569508501,1000.0,-1300.0,-716.0084469155526,-3250.0,3165.3829023635676,1510.0,1322.6310377257678,2811.7425361454907,2185.4342489811597,350.0,1320.0,-0.0
t145,-0.0,-0.0,-0.0,131.16198134521977,277.6964259195296,233.870352530103,-0.0,-713.2450173348211,-0.0,2874.288479148651,-0.0,894.619607910915,-0.0,2568.3652147264565,50.540942500206114,688.615075903233,-0.0
t146,-0.0,-0.0,1195.9843941029278,760.0,-767.3063263368044,1000.0,-1018.0226300692584,-715.6436618125841,-0.0,452.09836945805205,1510.0,966.3103955957539,-212.0471442709034,1761.1746701003085,350.0,962.3237053295953,600.0
t147,-0.0,-0.0,1068.0895484486934,760.0,-847.4535057504997,1000.0,-1075.804851095155,-626.4777862481499,-0.0,351.1581839922489,1510.0,970.9776355244404,-651.5798412965263,2064.045044559641,350.0,1320.0,-0.0
t148,-0.0,-0.0,795.95487123905,760.0,-618.8040777138749,1000.0,-796.3689295877805,-687.6797189885008,-0.0,847.1774244119499,1510.0,1052.3586485030853,-174.84753218159258,1928.9803847629717,350.0,1320.0,-0.0
t149,-0.0,1463.364529912177,1200.0,760.0,-616.0390062654226,1000.0,-789.6883038652938,-619.4801058455058,-0.0,650.3985306964499,1510.0,2522.0792484688327,1205.4995658848388,2255.3939371448437,-0.0,1320.0,-0.0
t150,-0.0,1600.0,1200.0,760.0,-0.0,175.24243652722797,-182.11765785994632,-570.2381389712838,-0.0,1893.9098598089483,798.4018697893638,2769.502061647526,2640.2612651181425,2267.9889288355425,-0.0,1320.0,-0.0
t151,-0.0,1600.0,1200.0,760.0,228.66946142625164,1000.0,-0.0,-473.01673332971774,-0.0,748.5908342987073,1510.0,3510.389481814131,1863.806127146005,2123.7114018878215,-0.0,1320.0,483.87635305744993
t152,-0.0,1600.0,1200.0,760.0,-751.9648436144133,1000.0,-1227.7072690112136,-337.7572711188436,-640.4239047325719,-0.0,1510.0,5122.649034197584,2636.981519167815,2433.475577898899,-0.0,1320.0,111.0957825271686
t153,-0.0,-0.0,587.7858296414583,760.0,597.0716684416294,1000.0,-0.0,-417.15884187297235,-0.0,845.2461458934187,1510.0,6950.0,4928.997926432721,2580.0,16.807888461435564,1320.0,-0.0
t154,-0.0,-1600.0,-186.27229360049103,760.0,1278.8743979485153,1000.0,391.75273307103475,-492.32175927356485,-442.02077504256505,3037.2910167618907,1510.0,6950.0,6418.60484446562,2580.0,-350.0,819.9645940335704,-600.0
t155,-0.0,-1600.0,-0.0,760.0,1567.805171210606,1000.0,704.2529999817897,-525.3873188901687,-270.7428710238045,2474.873736498845,1510.0,6950.0,6418.60484446562,2580.0,-350.0,553.4016916269259,-600.0
t156,-0.0,-1600.0,-44.407659938886255,760.0,1384.7465928270747,1000.0,440.70031272479105,-631.5531383272072,-0.0,3165.3829023635676,1510.0,6950.0,6418.60484446562,2580.0,-350.0,465.45916201021345,-600.0
t157,-0.0,-1600.0,-0.0,760.0,1447.6304742257914,1000.0,428.85948080972463,-649.5856922459367,-0.0,3165.3829023635676,1510.0,6950.0,6418.60484446562,2580.0,-350.0,353.7767355763131,-600.0
t158,-0.0,-1600.0,-0.0,760.0,1277.8488706171881,1000.0,281.8293201720085,-658.3956447960176,-0.0,3165.3829023635676,1510.0,6950.0,6418.60484446562,2580.0,-350.0,209.0901748070267,-600.0
t159,-0.0,-1600.0,-118.6909111252168,760.0,944.5570309598579,1000.0,-0.0,-645.8113125589671,-315.41840875951044,3095.2770793745754,1510.0,6950.0,6418.60484446562,2580.0,-350.0,321.4636351630099,-600.0
t160,-0.0,-1600.0,-540.203713369212,760.0,1015.0933244931362,1000.0,-0.0,-562.058552356506,-1087.6312878158944,3165.3829023635676,1510.0,6950.0,6418.60484446562,2580.0,-350.0,143.92462670024477,-600.0
t161,-0.0,-1600.0,-602.1922488709049,760.0,831.6294739858164,1000.0,-0.0,-460.2171469705645,-507.46853942729865,3165.3829023635676,1510.0,6950.0,6418.60484446562,2580.0,-350.0,-0.0,-600.0
t162,-0.0,-1600.0,-403.0230201206988,760.0,892.7054183493435,1000.0,230.61426936347948,-480.98457384268374,2821.3871212953377,3165.3829023635676,-0.0,6950.0,6418.60484446562,2580.0,350.0,819.6589928621675,-600.0
t163,-0.0,-1600.0,-1169.9690800411495,752.1206975972906,547.1266113792518,1000.0,-0.0,-550.8016481250887,2353.155720281013,3165.3829023635676,-0.0,6950.0,5542.98161042022,2580.0,350.0,863.1398180390406,-600.0
t164,-0.0,-1600.0,-1200.0,145.3714752857246,477.31907352570323,1000.0,-0.0,-649.5180592086,1040.9279830186176,3165.3829023635676,-0.0,6950.0,4883.129457707557,2580.0,350.0,393.38948301664726,-600.0
t165,-0.0,-1600.0,-1089.3967926607,760.0,1278.0135672720653,-0.0,822.5069214095815,-687.4371563066021,1731.8717299551329,3165.3829023635676,-0.0,5468.6910595177615,3795.4615987960174,2580.0,350.0,1072.0230050321086,-600.0
t166,-0.0,-1600.0,-874.395018226366,760.0,447.95318069992425,23.60399504325019,-0.0,-705.9646769683943,145.10903902073082,3165.3829023635676,-0.0,3858.7450876489984,2025.6212444103794,2580.0,350.0,1078.8522864035185,-600.0
t167,-0.0,-1600.0,-1200.0,760.0,1085.0319214655276,-1000.0,612.9496463774578,-652.8088136516474,1431.034966677297,3165.3829023635676,-1510.0,3726.0304536627323,1539.8779386625336,2580.0,350.0,1201.645706643065,-600.0
t168,-0.0,-1600.0,-729.3789179445849,760.0,1008.3025940026838,-1000.0,611.5250843848294,-599.6604410455337,1973.6122761747397,3165.3829023635676,-1510.0,2656.4241375347133,1049.3898213744717,2580.0,350.0,1320.0,-600.0
t169,-0.0,-949.2888162129966,-0.0,-0.0,1245.140784592629,-1000.0,989.8895421796097,-692.2721721222241,2043.3607844046394,3165.3829023635676,-1510.0,2831.1043133599287,4888.640896006057,632.6661454297608,-0.0,-1320.0,-600.0
t170,-0.0,-1386.3676115603025,-0.0,-0.0,1249.9010196657111,-1000.0,1040.8231940225007,-658.0617429466895,2161.790100727887,3165.3829023635676,-1510.0,2486.837528864326,4506.788952827663,784.0175906613015,-0.0,-1030.9725685862945,-600.0
t171,-0.0,-300.2135318859022,-0.0,-0.0,1287.329438213456,-1000.0,1113.4246036607126,-611.1924754100243,2242.8222623507368,3165.3829023635676,-1510.0,2957.612033129142,4128.0760022544855,1710.9142509749151,-0.0,-0.0,-600.0
t172,-0.0,-0.0,-0.0,232.48727864881528,1102.444010620032,-1000.0,933.2694036102673,-542.0310056619908,2066.4204731104483,3165.3829023635676,-1510.0,3084.8736566964267,4093.4904151480473,1440.1046636690287,-0.0,-0.0,-600.0
t173,-0.0,-0.0,214.8928166251243,760.0,1334.5903938476852,-1000.0,1182.3275271299724,-602.6728164628898,2396.9308248444668,3165.3829023635676,-1510.0,3446.805805494288,3941.7312416199784,2198.9959309048813,-0.0,1320.0,-600.0
t174,-0.0,-0.0,-0.0,682.9880140535168,1474.8075037630351,-1000.0,1300.0,-561.1111132122367,2493.0723613101623,3165.3829023635676,-1510.0,3541.9112641955353,4128.744532552257,1840.7173068441864,-0.0,852.0420247055561,-600.0
t175,-0.0,-632.0928663816701,-0.0,-0.0,209.270354175233,966.0884202589284,-0.0,-548.7845887840559,-0.0,3165.3829023635676,-0.0,5192.12908656951,4805.608916993822,2580.0,316.90500127333036,1320.0,-600.0
t176,-0.0,-1600.0,-197.33057846061095,121.50778004478069,1603.5302660318916,-1000.0,1246.0089559474943,-531.350524169802,2588.9533472740327,3165.3829023635676,-1379.0651893486076,6016.278821274219,5562.089032422924,2580.0,350.0,1320.0,-600.0
t177,-0.0,-1600.0,-761.4463824997622,-0.0,1904.2259601767082,-892.1616485583316,1300.0,-489.7584497630905,2154.8987034234565,3165.3829023635676,-642.3564938945741,6950.0,6103.237799351582,2421.6115465246144,-0.0,378.6889884149439,-600.0
t178,-0.0,-1600.0,-1200.0,-737.0583404201948,1930.0,-791.1828915930024,1140.3900949733763,-519.1876685540825,1830.8008032438815,3165.3829023635676,-1107.4910518494287,6950.0,6418.60484446562,2083.7299425803467,-17.224146740377876,-802.1779971549382,-600.0
t179,-0.0,-1600.0,-1200.0,-760.0,1930.0,-1000.0,1151.0367531553677,-442.86871998330076,1731.3982535046566,3165.3829023635676,-1510.0,6950.0,6418.60484446562,2026.126835299716,-350.0,-1320.0,-600.0
t180,-0.0,-1600.0,-1200.0,-601.2506960894574,1474.3071274002148,279.25005803946647,588.3777974222545,-356.15233088415414,693.7786128537324,3165.3829023635676,-0.0,6950.0,6418.60484446562,1965.6967961278547,-350.0,-1320.0,-600.0
t181,-0.0,-1600.0,-1200.0,-209.60459842224543,598.116417880336,1000.0,-230.96627364475276,-316.72539593403224,-247.84963642756526,3165.3829023635676,-0.0,6950.0,6418.60484446562,1782.2552442766378,-350.0,-1320.0,-600.0
t182,-0.0,-1600.0,-1200.0,-619.2465486087337,583.7713861635461,1000.0,-278.64976041646423,-289.9398611761057,-387.09848390356,3165.3829023635676,-0.0,6950.0,6418.60484446562,2147.4600495495065,-350.0,-1320.0,-600.0
t183,-0.0,-1600.0,-1200.0,-713.8888242325963,211.54072632571453,1000.0,-712.5018242322715,-400.3512006264074,-2479.7129439443515,3165.3829023635676,1510.0,6950.0,6418.60484446562,2289.3747699260753,-350.0,-1320.0,-600.0
t184,-0.0,-1600.0,-1200.0,-608.0439429130671,456.41037246105435,1000.0,-444.95239619767597,-431.8834224590491,-2298.7916460306283,3165.3829023635676,1510.0,6950.0,6418.60484446562,2154.7336544514624,-350.0,-1320.0,-600.0
t185,-0.0,-1600.0,-1200.0,-67.05177443069412,436.4350134706263,1000.0,-331.0012837018024,-455.32262503269453,-1657.448811663507,3165.3829023635676,1510.0,6950.0,6418.60484446562,1964.0803326573177,-350.0,-1255.6782344357705,-600.0
t186,-0.0,-1600.0,-1200.0,-760.0,1006.9830212346443,1000.0,409.98529372477935,-507.9773636902243,-36.33222783690723,3165.3829023635676,1510.0,6950.0,6280.183249418948,2580.0,350.0,-154.17783540176464,-600.0
t187,-0.0,-1600.0,-1200.0,-760.0,1352.9594819095942,1000.0,863.4181061532994,-575.7860049474934,-0.0,3165.3829023635676,1120.1348292150572,6950.0,6217.459968213524,2580.0,350.0,-120.73351044777584,-600.0
t188,-0.0,-1600.0,-643.0893416796663,488.4063715955091,1695.4029523922316,-0.0,1236.6231635435447,-664.9592102527308,3144.886684423394,3165.3829023635676,-1420.1376716410043,6950.0,6285.356817691182,2580.0,350.0,1320.0,-600.0
t189,-0.0,-1600.0,-1187.3553384779946,-0.0,1829.8580639521206,-1000.0,1300.0,-671.1899833610453,3250.0,3165.3829023635676,-1510.0,6950.0,5773.8614289355455,2580.0,350.0,627.2390626727887,-600.0
t190,-0.0,-1600.0,-1200.0,-611.9692069663903,1860.418006631379,-1000.0,1300.0,-599.1097028912533,3250.0,3165.3829023635676,-1510.0,6950.0,5789.039993866112,2580.0,350.0,68.10039666400971,-600.0
t191,-0.0,-1600.0,-773.7645291517122,-0.0,1299.3852058603782,-1000.0,868.1561069857619,-547.358002786463,1509.5060162083519,3165.3829023635676,-1510.0,6199.925512044839,6418.60484446562,1190.768609335303,-290.3423977585675,-1320.0,-600.0
t192,-0.0,-1171.6536633636472,-0.0,-0.0,1201.5053386736884,-1000.0,852.4908201703953,-501.05426741318416,1500.1702428640262,3165.3829023635676,-1510.0,3901.7275529639064,5747.119752413498,606.691122515219,-0.0,-1320.0,-600.0
t193,-0.0,-0.0,-0.0,337.82131785395757,137.37012136049339,177.12082753594152,71.4299408591584,-748.9026500053325,217.56618637964883,3165.3829023635676,-0.0,1418.306464719956,3281.957936377321,939.3130463748045,-0.0,-140.78238860136923,-0.0
t194,-0.0,-0.0,-0.0,327.8800992763892,-0.0,226.90646455424516,-37.601937682101486,-790.7629829572691,-0.0,3165.3829023635676,292.7983940030588,1209.0037219591131,2984.1332607373834,1028.9875799390343,-0.0,-0.0,-0.0
t195,-0.0,-0.0,-0.0,136.48777644758204,-0.0,25.63940694940298,-0.0,-783.8496764459392,-0.0,3165.3829023635676,466.4940483486669,1243.3692134134303,2796.410576620456,1094.7940337374177,-0.0,-0.0,-0.0
t196,-0.0,-0.0,-0.0,176.43704967084204,-0.0,249.64870033026986,-0.0,-845.5763798840746,-0.0,3165.3829023635676,493.8020002156229,1248.8918019146408,2785.037999698258,1083.021922486771,-0.0,-0.0,-0.0
t197,-0.0,-0.0,-0.0,91.55342855884737,-0.0,455.0311225089504,-0.0,-840.2697012510991,-0.0,3065.415854126387,516.6174748315754,1282.895709985633,2682.404576281658,1141.56801619237,-0.0,-0.0,-0.0
t198,-0.0,-218.42081759801886,-0.0,-0.0,-0.0,618.5852095486284,-30.961718325056257,-867.7757779260622,391.5881834859744,3165.3829023635676,16.43974161986581,1430.964097324708,2923.2975254332755,1323.3614752469825,-0.0,-0.0,-0.0
t199,-0.0,-620.8373392829474,-0.0,-0.0,1359.3744699752053,-0.0,1300.0,-808.7334467574043,1804.060380625697,3165.3829023635676,-319.18728630632785,2352.222262931591,3565.323064470026,1953.8570990216126,-0.0,421.37212507264013,-600.0
t200,-0.0,-396.9497307742223,-0.0,-0.0,689.9289823272863,-0.0,554.7282535158879,-664.4843739018295,855.0778954746436,3165.3829023635676,-0.0,3611.35146057693,4255.177408914775,2544.211857333534,-0.0,828.6270000415594,-600.0
t201,-0.0,-1600.0,-1200.0,-0.0,1543.6498693380202,-0.0,1300.0,-618.091053353296,3250.0,3165.3829023635676,-817.2313094221761,6334.689943083941,4909.658890033298,2580.0,350.0,1069.5425501197476,-600.0
t202,-0.0,-1600.0,-1200.0,-0.0,1628.713901400597,-0.0,1300.0,-557.8773951310135,3250.0,3165.3829023635676,-1510.0,6006.566039496587,5218.5069461685625,2580.0,350.0,1034.4110236482559,-600.0
t203,-0.0,-1600.0,-1200.0,-0.0,1845.6612092532346,-872.4487905115762,1300.0,-518.448691233922,3218.522645352683,3165.3829023635676,-1510.0,6739.576561296932,5328.574621511032,2580.0,350.0,1039.0402589385972,-600.0
t204,-0.0,-1600.0,-1200.0,-0.0,1930.0,-976.482681058923,1300.0,-429.36172699398816,3132.2137615063302,3165.3829023635676,-1510.0,6950.0,5635.329010919312,2580.0,350.0,1022.0688119374404,-600.0
t205,-0.0,-1600.0,-1200.0,-0.0,1927.5097354732509,-1000.0,1300.0,-372.3126707965672,2826.348756246441,3165.3829023635676,-1510.0,6950.0,5641.100371552324,2580.0,350.0,915.4885287121803,-600.0
t206,-0.0,-1600.0,-1200.0,-0.0,1930.0,-970.5529564261152,1300.0,-436.3481396206244,3163.3759480709105,3165.3829023635676,-1510.0,6950.0,5506.9534453111755,2580.0,350.0,985.4582530099888,-600.0
t207,-0.0,-1600.0,-1200.0,-12.53885983015247,1849.3774899790333,-852.1550298623067,1300.0,-522.2808415734853,3250.0,3165.3829023635676,-1510.0,6553.976047402357,5285.557709258421,2580.0,350.0,880.1485047854915,-600.0
t208,-0.0,-1600.0,-1200.0,-176.76177435629072,1594.9934387488095,386.6947091486179,1300.0,-597.612939162542,3250.0,3165.3829023635676,-511.55753299491437,6873.904012640747,5311.02999917319,2580.0,350.0,781.8299833080345,-600.0
t209,-0.0,-1600.0,-1200.0,328.78805295716387,1478.3988787160486,-0.0,1206.8167791070414,-737.3157132924075,3117.712742998978,3165.3829023635676,-754.0918349641491,6010.195889398714,5306.56766391281,2580.0,350.0,1320.0,-600.0
t210,-0.0,-1600.0,-1200.0,495.54159658137485,476.36093932892,-0.0,206.66682373665412,-838.9277922046437,3118.6815710187834,3165.3829023635676,-1510.0,6807.145450985866,5200.662849732863,2580.0,350.0,1320.0,-600.0
t211,-0.0,-1600.0,-1200.0,487.0118055620258,1570.8959130571573,-0.0,1300.0,-885.1592182654641,3250.0,3165.3829023635676,-1510.0,6781.118313595916,5692.326606968091,2580.0,350.0,1320.0,-600.0
t212,-0.0,-1600.0,-1200.0,-84.05793305355105,1624.0962749722232,-0.0,1300.0,-753.8016048275972,2905.673983707851,3165.3829023635676,-1510.0,6675.772691751868,5573.04115011689,2580.0,350.0,810.7057682188936,-600.0
t213,-0.0,-1600.0,-1200.0,356.82188037153685,273.0371763043172,-0.0,-0.0,-846.293297950129,3250.0,3165.3829023635676,-1510.0,6338.766937584147,5327.656940735854,2580.0,350.0,1320.0,-600.0
t214,-0.0,-1600.0,-1200.0,276.970801040572,1082.7718720069622,-0.0,792.8557351074157,-885.8685140660657,3250.0,3165.3829023635676,-700.0671677874474,6583.956600684352,5066.665620131881,2580.0,350.0,1320.0,-600.0
t215,-0.0,-1600.0,-1200.0,133.43769707374278,1418.294207304458,-0.0,1300.0,-871.0061171844787,3250.0,3165.3829023635676,-113.46239842057611,5733.66517507784,4484.080968848485,2580.0,350.0,1320.0,-600.0
t216,-0.0,-1600.0,-540.6127486737519,-0.0,1402.9074680618473,-0.0,1300.0,-1026.5283741295914,3214.5672632673663,3165.3829023635676,-0.0,2705.836405753877,3147.3979786745977,1746.3072432477697,-0.0,160.7313738236292,-600.0
t217,-0.0,1600.0,1200.0,760.0,-842.2590536282096,1000.0,-1300.0,-688.0822502646461,-2675.129824254187,3165.3829023635676,1510.0,-2961.551861389438,-1855.3145021311777,1835.5080196145075,350.0,1320.0,600.0
t218,-0.0,-1438.464266657788,1200.0,760.0,-700.0049270499879,1000.0,-1121.4121921610047,-660.0611475146054,832.5139732160092,-3165.3829023635676,1510.0,2981.6535418875583,-2018.4773052353914,1650.6093959206441,350.0,1320.0,600.0
t219,-0.0,-899.380060945904,1200.0,760.0,-199.35168323817675,1000.0,-600.1928164948399,-744.8004442675215,1461.6939179505644,-3165.3829023635676,1510.0,2569.666544529152,-2313.2045167704214,1586.7074622117075,350.0,1320.0,600.0
t220,-0.0,1600.0,1200.0,-244.42881188389882,-904.6551096861072,1000.0,-1300.0,-631.1562843593638,3250.0,-2723.1412037803784,1510.0,3088.1866810797947,-2337.4964339445296,2580.0,350.0,1320.0,600.0
t221,-0.0,-1600.0,1200.0,760.0,1092.4238148103564,1000.0,813.7613425980442,-538.1421621550812,-3250.0,3165.3829023635676,1510.0,-3780.202771685742,-2338.406335501002,1589.6656597274928,350.0,1320.0,600.0
t222,-0.0,1600.0,-1200.0,-144.22514141416835,-867.7934535766094,1000.0,-1300.0,-493.4445058328365,-3250.0,3165.3829023635676,1510.0,-918.1658602151151,-1998.1283165770737,2580.0,350.0,1320.0,600.0
t223,-0.0,1600.0,-1200.0,72.9095939396039,-913.3186279409922,1000.0,-1300.0,-696.457971411636,-2677.7257813956953,3165.3829023635676,1510.0,-176.90191788957836,-1424.355552059889,2580.0,350.0,1320.0,600.0
t224,-0.0,1600.0,-1200.0,760.0,649.1211842523342,1000.0,151.58853233061672,-747.7280510536409,-3250.0,2048.900181525862,1510.0,1126.8238794253407,-594.6011494955986,2013.1760983814158,350.0,1320.0,600.0
t225,-0.0,-1600.0,27.437697704120637,289.9978644738396,156.5428288686469,1000.0,-484.1725041097436,-777.4854719644667,-3250.0,3165.3829023635676,1510.0,187.56599260760117,-297.4276648565352,2580.0,350.0,1320.0,600.0
t226,-0.0,-1600.0,452.2212575466933,286.3184294911373,1020.2965455369956,1000.0,326.86961201985423,-688.0723037568562,-3250.0,3165.3829023635676,1510.0,184.8327755465225,263.4461681250457,2580.0,350.0,1320.0,600.0
t227,-0.0,-1600.0,-1200.0,374.53852289788585,-180.22802455375236,1000.0,-851.4531946104294,-721.1978913474338,-1129.6173030260773,3165.3829023635676,1510.0,1155.2331497536939,305.0449336489564,2580.0,350.0,1320.0,600.0
t228,-0.0,-1600.0,-1200.0,475.4250518720136,530.1470117067471,1000.0,-184.40464523068624,-678.7581218293697,-3250.0,3165.3829023635676,1510.0,1789.0179908562322,239.75965243251125,2580.0,350.0,1320.0,600.0
t229,-0.0,-1600.0,-628.5416899233078,487.42701942228706,1930.0,1000.0,1300.0,-741.5419642981441,-1305.144198741989,3165.3829023635676,1510.0,1346.5433075607384,307.76167069376095,2580.0,350.0,1320.0,600.0
t230,-0.0,-1600.0,-715.5335065593124,385.68545671226184,-387.391646026387,1000.0,-1072.7158495603767,-888.0892625504283,-490.1199575415576,3165.3829023635676,1510.0,1686.9821531699827,496.4688374604367,2580.0,350.0,1320.0,600.0
t231,-0.0,-1600.0,-1200.0,586.4457685345128,967.4316198105973,1000.0,342.9072085574727,-639.4858731004463,-2715.7975999305004,3165.3829023635676,1510.0,1762.4067340744728,123.80301707773616,2571.4078597089274,350.0,1320.0,600.0
t232,-0.0,-1600.0,-717.363195171388,471.02512036676166,796.3609828465092,1000.0,181.96151757699818,-579.5113237219506,-3250.0,3165.3829023635676,1510.0,1047.3502361626097,129.95922122195367,2580.0,350.0,1320.0,600.0
t233,-0.0,-123.37609264178771,157.73813207730245,450.7950896840639,301.6578777092097,1000.0,-310.58035938181257,-688.6357837005021,3250.0,-3165.3829023635676,1510.0,6950.0,296.33064561205066,2580.0,350.0,1320.0,600.0
t234,-0.0,-218.60347911984854,-1200.0,467.0468684161215,-635.7023023410494,1000.0,-1300.0,-841.7222130747141,-3250.0,3165.3829023635676,1510.0,2049.3875511454803,288.95011470612786,2580.0,350.0,1320.0,600.0
t235,-0.0,553.0880420707019,-1200.0,651.2549812474284,870.8543887613321,1000.0,271.2522688933293,-768.4948748626869,-3250.0,3165.3829023635676,1510.0,2741.372826892711,445.9176352393502,2580.0,350.0,1320.0,600.0
t236,-0.0,-1600.0,-355.09778417703797,504.20390999403605,-679.600684805285,1000.0,-1300.0,-892.2595443198561,-2801.202800263219,3165.3829023635676,1510.0,1054.1583203859154,152.4274211192074,2580.0,350.0,1320.0,600.0
t237,-0.0,-1600.0,1200.0,760.0,-741.9640368203286,1000.0,-1300.0,-767.3084511775346,-2886.6921771305674,3165.3829023635676,1510.0,-1269.6316981919679,-207.8514536979352,2360.1216393803256,350.0,1320.0,600.0
t238,-0.0,1600.0,1200.0,760.0,-766.447009118184,1000.0,-1300.0,-890.5807614838907,-2793.9147221258686,3165.3829023635676,1510.0,-1256.4947958696196,-66.83315839598704,2300.2226546657057,350.0,1320.0,600.0
t239,-0.0,-459.7882551808551,1200.0,760.0,-845.0277925167662,1000.0,-1300.0,-876.5073142681899,-3250.0,728.2019093640204,1510.0,-176.8846592984805,-977.826932676502,1996.3442975367086,350.0,1320.0,600.0
t240,-0.0,1600.0,1200.0,760.0,-789.3871376239745,1000.0,-1300.0,-801.2688963736306,-3250.0,757.9633862041064,1510.0,-707.3958741959764,-1372.9558245474552,1902.4813946272668,350.0,1320.0,600.0
t241,-0.0,-1600.0,1200.0,491.9619403573043,-85.95506649244538,1000.0,-434.38496822472075,-423.71251693281096,-2186.179922330011,3165.3829023635676,1510.0,-3118.8445901043556,-1295.2632683112786,2028.5368388227675,350.0,1320.0,600.0
t242,-0.0,-909.5078891831724,1200.0,760.0,-477.28128271616,1000.0,-951.1633086612012,-509.1824202648383,-3250.0,827.128079793788,1510.0,-1075.1028145000762,-2068.3584542171725,1614.366602068671,350.0,1264.6448398400719,600.0
t243,-0.0,1600.0,1200.0,760.0,-889.3694990471761,1000.0,-1300.0,-594.6954083642534,-3250.0,719.4449030022591,1510.0,-549.9836423401612,-1697.309428248398,1710.5208418287411,350.0,1320.0,600.0
t244,-0.0,1600.0,435.4601887781823,760.0,-1018.5039223418923,1000.0,-1300.0,-641.0824406199013,3250.0,-2740.8045835594444,1510.0,2644.9527636955886,-1694.478959298246,1600.6543965745848,350.0,1320.0,600.0
t245,-0.0,1600.0,1200.0,760.0,1047.3337902633627,1000.0,758.750344382283,-689.4954156244551,-2056.556194219066,3165.3829023635676,1510.0,-2425.1158825299917,-992.0559169074628,1589.145847678432,350.0,1320.0,600.0
t246,-0.0,-1600.0,1200.0,760.0,-756.2795059621992,1000.0,-1073.1923256362572,-624.4782697484325,-3250.0,3165.3829023635676,1510.0,-2358.108609542265,31.506281845702922,1589.2762641052161,350.0,1320.0,600.0
t247,-0.0,-1391.8724323920565,1200.0,760.0,-1005.2039699058107,1000.0,-1300.0,-660.6473321399124,-3250.0,3165.3829023635676,1510.0,-2600.209692385513,-205.6546268431726,1546.9071574461277,350.0,1320.0,600.0
t248,-0.0,-1038.3150658916954,-1200.0,-760.0,534.6508670780606,1000.0,216.91130270887118,-547.9879463003826,3250.0,-1389.0283363177625,1510.0,4677.661906127763,-66.63466882334085,1929.9105319801797,350.0,298.86279778425563,600.0
t249,-0.0,-1600.0,-1200.0,-760.0,620.5232221217058,1000.0,218.5703581816448,-536.6042241043532,-1814.557088064115,3165.3829023635676,1510.0,1038.8466900759524,137.92792745484445,2580.0,350.0,872.7173459854954,600.0
t250,-0.0,-1600.0,-1200.0,-760.0,-30.56654133535403,1000.0,-546.9913964874858,-472.8174564476803,-3250.0,3165.3829023635676,1510.0,1272.6464650725106,-17.94118013914771,2580.0,350.0,793.332471672849,600.0
t251,-0.0,-1600.0,-1200.0,-760.0,500.6351581558431,1000.0,-50.09111931035157,-493.75867898361844,-2835.9524513526026,3165.3829023635676,1510.0,304.6459433172007,-1095.1868203259949,2580.0,350.0,668.2815619926333,600.0
t252,-0.0,-1600.0,-1200.0,-760.0,184.23970989569466,1000.0,-366.82423136619855,-436.4397618436347,-3250.0,3165.3829023635676,1510.0,344.43412586488694,-1067.32450531528,2580.0,350.0,667.7571813538021,440.78315602079965
t253,-0.0,-1600.0,-1200.0,-760.0,-266.78164022610576,1000.0,-806.5550339720728,-368.25418564013074,-3250.0,2509.6487416258356,1510.0,1118.4399120672765,-876.3757121450979,2580.0,350.0,525.5768257673861,-102.63462721280666
t254,-0.0,-1600.0,-1200.0,-760.0,-107.99258901563189,1000.0,-590.1121685187803,-442.6586818592192,-3250.0,2749.9895969243034,1510.0,1701.8363623583423,70.40709703882928,2580.0,350.0,605.5045897577311,-600.0
t255,-0.0,-1600.0,-1200.0,-760.0,-466.3741707722959,1000.0,-1083.6128888645112,-453.10599913311745,-3250.0,3165.3829023635676,1510.0,984.2164381923373,-211.16788117291537,2580.0,350.0,356.44084775162014,-600.0
t256,-0.0,-1600.0,-1200.0,-401.1326464447957,591.4641718905215,1000.0,2.096410554301782,-509.18147226533966,-3106.108349494325,3165.3829023635676,1510.0,787.6524474971916,-597.877585702477,2580.0,350.0,749.5348033379543,208.65436475368108
t257,-0.0,-1600.0,526.959690832113,210.43473156143565,400.7516073462041,1000.0,-96.23010707352647,-602.9417422394173,-2663.0824912041116,3165.3829023635676,1510.0,-594.0543707034059,266.15404427550106,2580.0,350.0,1320.0,600.0
t258,-0.0,-854.8986403344593,1200.0,760.0,691.7769687836701,1000.0,178.4821722366779,-656.6511223928666,-3250.0,3165.3829023635676,1510.0,404.52581028151275,863.4284307857173,2097.236466784715,350.0,1320.0,600.0
t259,-0.0,1600.0,-1200.0,321.56332939770175,1042.5345891903926,1000.0,480.6985222372392,-693.7592125191826,-1392.8702261167427,3165.3829023635676,1510.0,2520.866829112056,1074.9334185521325,2580.0,350.0,1320.0,600.0
t260,-0.0,-1600.0,-638.189365561789,528.6374301407844,409.50563081199806,1000.0,-102.51880588743516,-592.0116384402703,3250.0,-2231.942300639292,1510.0,6950.0,577.5523044684616,2580.0,350.0,1320.0,600.0
t261,-0.0,-1405.8383322891348,-44.04375692441863,305.57159539087274,-511.75584835310985,1000.0,-1043.9555069573287,-654.3671578878235,3250.0,-3165.3829023635676,1510.0,6950.0,200.7591642917306,2580.0,350.0,1320.0,600.0
t262,-0.0,-255.86681538232415,-1200.0,284.2504857378467,751.6605833062097,1000.0,128.22329890138622,-604.1730116004114,1928.3412454023567,-1461.9200584990238,1510.0,6950.0,508.83058235699224,2580.0,350.0,1320.0,600.0
t263,-0.0,1158.6827367222531,-1200.0,267.59820133222803,1139.7665768475522,1000.0,566.7165146196916,-524.1320959260537,-3250.0,3165.3829023635676,1510.0,1623.2583062488206,-706.9556536404151,2580.0,350.0,1320.0,600.0
t264,-0.0,-1600.0,1200.0,760.0,-931.3567307510687,1000.0,-1300.0,-473.06606866873693,-3250.0,237.82777966536284,1510.0,-25.737370545580674,-1060.632447620687,1825.3175203490664,350.0,1320.0,600.0
t265,-0.0,-535.1267364059291,-0.0,-0.0,1170.3240134388448,-0.0,1016.065472192622,-560.1532968633994,2086.8118863955424,3165.3829023635676,-1510.0,2634.55350978339,3186.6956873324393,2013.4067693041925,-0.0,356.85795844292136,-600.0
t266,-0.0,-0.0,-0.0,269.7627792007123,535.626421678246,-0.0,419.751662437202,-504.7999793977758,62.00831248877419,3165.3829023635676,-0.0,1206.1828675285662,2305.1661884651235,1588.0672270270336,-0.0,289.0641845945359,-600.0
t267,-0.0,-0.0,-0.0,733.265820955041,-0.0,345.8411052795237,-89.64341727550473,-440.4557879726507,-0.0,2708.161318834114,-0.0,1137.0589389156416,1906.864579579699,1510.4367388261849,-0.0,694.4270050176333,-0.0
t268,-0.0,-0.0,-0.0,653.0679385492163,-0.0,602.1792240944408,-68.31759256444266,-436.34082779806306,-0.0,2203.8486186442938,545.9201119111453,1213.9379089098186,1418.3075723966645,1654.2507925468103,-0.0,877.0877228381344,-0.0
t269,-0.0,-0.0,-0.0,238.54104566652472,-0.0,803.3061064350142,-53.94204131001912,-503.9803418332225,-0.0,2355.649017950499,516.1101971037293,1239.4339185223666,1815.3187806550204,1415.650216948163,-0.0,237.95171068619095,-0.0
t270,-0.0,-1141.4704024647524,-0.0,-0.0,1008.964219955465,-0.0,944.4145917804245,-570.0161383604826,1233.030354835554,3165.3829023635676,-477.6776649915714,1333.8096594385759,1918.984736734282,2220.7298543377037,-0.0,791.6383271592264,-600.0
t271,-0.0,-1600.0,-0.0,-0.0,1339.5704967719346,-0.0,1300.0,-629.4766199806649,2593.5262493065065,3165.3829023635676,-1510.0,2512.247466483549,2655.7624038199524,2580.0,40.397966310828835,1139.8081273865214,-600.0
t272,-0.0,-1600.0,-681.1991281754072,-0.0,1234.3980076068412,-0.0,1112.1405567350598,-568.003534243306,3017.808638873775,3165.3829023635676,-1510.0,2497.5910187664963,2773.620701251834,2047.4859151909254,-0.0,423.01386145833237,-600.0
t273,-0.0,-1600.0,-741.6505429771668,128.71181537361613,752.0045751373185,1000.0,495.69994247852713,-483.5280547187923,-0.0,2552.7393846197747,1510.0,4012.013016653688,2823.8383895486622,2580.0,350.0,1320.0,600.0
t274,-0.0,-1600.0,-734.4484071470582,102.45879276262465,456.31172735906586,1000.0,117.65768252509669,-479.5925317993387,-0.0,2526.4256012493643,1510.0,5342.86177273962,3574.4899467955984,2580.0,350.0,1209.636244305953,-0.0
t275,-0.0,-1037.3981423057387,-0.0,268.714732393498,1568.1035216689163,1000.0,1225.1475040358325,-412.31395030114186,-0.0,3165.3829023635676,1510.0,4683.33830839128,4489.716132427841,2580.0,350.0,1320.0,-0.0
t276,-0.0,-1211.903668513602,-0.0,470.3138720073263,748.389959744206,1000.0,381.44580768371856,-337.3516304031224,-0.0,2275.8629075892472,1510.0,5170.644739729342,3981.2196253969314,2580.0,350.0,1320.0,-600.0
t277,-0.0,-1600.0,-0.0,271.6418214166545,709.3111679709132,1000.0,300.33091968040753,-285.0282206812461,-0.0,2230.251506445238,1510.0,3540.651917172272,2340.9883843154644,2580.0,350.0,1320.0,-600.0
t278,-0.0,-759.954517472179,-0.0,255.49081812854456,743.9303681144899,1000.0,402.11707309531073,-334.77475140064416,-0.0,2441.538483383757,1510.0,4428.47348545168,3486.7496978708464,2580.0,350.0,1320.0,-145.4157400017671
t279,-0.0,-1600.0,-282.693660723003,-0.0,715.8827991266276,1000.0,333.23000161241646,-389.94000966886625,-0.0,2411.164877365188,1335.2282908805353,4223.69443641962,3053.551366638464,2580.0,350.0,1048.906464082002,-0.0
t280,-0.0,-1600.0,-1200.0,-98.482435446056,1537.638414032182,1000.0,1234.292376997487,-463.51691268843916,-0.0,2846.897717919384,1510.0,3011.0273108447223,1237.4141083863924,2501.5320196107564,-0.0,394.46937245632,600.0
t281,-0.0,-1600.0,-1200.0,362.74491728267697,1610.2443491524455,30.440271170216462,1300.0,-534.9149954105445,3153.426939026422,3165.3829023635676,-1510.0,6417.240257422666,5157.178227380719,2580.0,350.0,1320.0,-600.0
t282,-0.0,-1600.0,-1200.0,524.9190357545441,1302.0694052197423,-0.0,1022.5555027362387,-574.6128541764941,3250.0,3165.3829023635676,-1510.0,6028.771780646842,4802.384384468034,2580.0,350.0,1320.0,-600.0
t283,-0.0,-1600.0,-1200.0,618.5490844011855,906.8512037566011,-0.0,606.7508975651115,-625.1734398873632,2892.0548315644987,3165.3829023635676,-1510.0,5884.985069723878,4686.158372368541,2580.0,350.0,1320.0,-600.0
t284,-0.0,-1600.0,-1200.0,605.6277549894551,1623.0369214242119,-0.0,1300.0,-561.1109203124382,3250.0,3165.3829023635676,-1510.0,5646.9429358394655,4412.567337370603,2580.0,350.0,1320.0,-600.0
t285,-0.0,-1600.0,-1061.5260990259717,585.013867598878,1650.7104490104362,-0.0,1300.0,-485.67389960400243,3250.0,3165.3829023635676,-1510.0,4875.8033794059265,3722.4842938395527,2580.0,350.0,1320.0,-600.0
t286,-0.0,-1600.0,-1200.0,538.544594443491,1642.6570552881997,-0.0,1300.0,-565.9189019461537,3250.0,3165.3829023635676,-1510.0,3941.517070493853,2840.5917295680124,2580.0,350.0,1320.0,-600.0
t287,-0.0,-1600.0,-734.7530242992015,481.59100369515005,707.6446553538703,-0.0,372.237492928824,-499.57737685481845,1069.2403232765648,3165.3829023635676,-1510.0,4163.987915384268,3127.7277497571563,2580.0,350.0,1320.0,-600.0
t288,-0.0,-1600.0,-0.0,-0.0,803.7704024512215,-0.0,584.2016434054159,-483.1142228348716,1487.0826119261467,3165.3829023635676,-1510.0,939.8774925841307,1376.1378047271637,2032.6491393114763,-0.0,47.33096061805984,-600.0
