time,node_0_coord_0,node_0_coord_1,node_1_coord_0,node_1_coord_1,node_2_coord_0,node_2_coord_1
0.0,0.6894137976242853,-0.7243677350940344,0.9868491083539974,0.1616441689047899,-0.8288355951220819,0.5594922307401815
0.02003338898163606,0.6833472335375602,-0.7300935272783569,0.9849788109073806,0.17267525047274984,-0.8272395835946267,0.5618493315641272
0.04006677796327212,0.6761023830586702,-0.7368076870006194,0.9828643368273778,0.18433039739994503,-0.8261323836761758,0.5634760728338225
0.060100166944908176,0.6674493381190779,-0.7446552091162212,0.9804559560495915,0.19673870499216825,-0.8255920065146733,0.5642675240697288
0.08013355592654424,0.6571204712076966,-0.7537855704090736,0.9776905956843478,0.21005022987381125,-0.8256992581440366,0.5641105699692035
0.1001669449081803,0.6448110689173584,-0.7643419951471264,0.9744896600089421,0.22443240105575724,-0.8265343626391495,0.5628862651188234
0.12020033388981635,0.6301861598765196,-0.776444076336813,0.9707576679611809,0.2400615548243376,-0.828171330361362,0.5604750195926279
0.14023372287145242,0.6128979699083232,-0.7901620580355196,0.9663829270221574,0.2571070560536942,-0.8306693848666086,0.5567659949040271
0.16026711185308848,0.5926196191189664,-0.8054824560147182,0.961242202354586,0.2757053291724691,-0.8340611011335228,0.5516720761910551
0.18030050083472454,0.5691001813567464,-0.8222681957723839,0.9552119848146841,0.2959223971941941,-0.8383378812801435,0.5451509857145133
0.2003338898163606,0.5422418522383374,-0.8402224546072763,0.9481888169636764,0.31770736153097573,-0.8434351648272784,0.5372309771729389
0.22036727879799667,0.5121891004702143,-0.8588727023626251,0.9401189559478923,0.34084651471225835,-0.8492221357886274,0.5280357595722325
0.2404006677796327,0.4794032515179936,-0.8775947309957385,0.9310324371376435,0.364936429425812,-0.8555023035843252,0.5177990028827795
0.2604340567612688,0.4446830388849009,-0.8956879989203772,0.9210696676501954,0.3893978256901807,-0.8620299901318274,0.5068572736385845
0.28046744574290483,0.40909807484218497,-0.9124904203745626,0.9104850678491387,0.41354194806185457,-0.8685420659806617,0.4956154558226911
0.3005008347245409,0.37383668773286105,-0.9274945454384039,0.899618343901673,0.4366770389297914,-0.8747964197487503,0.4844906854160635
0.32053422370617696,0.3400157050689292,-0.9404197563491796,0.8888394987327073,0.4582186653202716,-0.8806041283427323,0.47385268704854444
0.340567612687813,0.30852110208080213,-0.9512174961024448,0.8784878943214989,0.47776460551080885,-0.8858454480447496,0.4639804325006557
0.3606010016694491,0.2799276344010877,-0.9600211025756722,0.8688271674455983,0.49511549453677683,-0.8904680802004804,0.45504570982060044
0.3806343906510851,0.25450173788149755,-0.967072316373699,0.860026508625728,0.5102493557272387,-0.8944734303970834,0.4471211048671158
0.4006677796327212,0.2322594437792013,-0.9726538693208748,0.8521653899412474,0.523272537329429,-0.8978987071272952,0.4402021260146223
0.42070116861435725,0.2130439413623269,-0.9770426183636532,0.8452518219010741,0.5343681856681468,-0.90080064288886,0.43423288891538
0.44073455759599334,0.19659773542744743,-0.9804842319177146,0.8392444717580095,0.5437542797146477,-0.9032433879584936,0.42912863119249006
0.4607679465776294,0.1826180598119452,-0.9831839315034,0.8340725554016248,0.5516547584791677,-0.9052907796221196,0.4247924250360645
0.4808013355592654,0.17079414138581409,-0.9853067338572181,0.8296510750723424,0.558282270604627,-0.9070020738062354,0.42112615461634156
0.5008347245409015,0.16082946088121158,-0.9869822102318487,0.8258912461593643,0.5638294508829513,-0.908430028792267,0.41803693953056353
0.5208681135225376,0.15245331651401542,-0.9883106721977124,0.8227069709243855,0.5684656893981767,-0.9096204087086813,0.4154403832681585
0.5409015025041736,0.14542546865897285,-0.9893692089449714,0.8200184405960178,0.5723371009580163,-0.9106122589319041,0.41326179823211917
0.5609348914858097,0.13953667256166985,-0.9902169033334443,0.8177538164889301,0.5755681503604804,-0.9114385432572739,0.4114362427774494
0.5809682804674458,0.13460698274037744,-0.9908990658290017,0.8158497138899123,0.5782639919280168,-0.9121269069781182,0.40990792326169806
0.6010016694490818,0.130482989437473,-0.9914505473985515,0.8142509819850026,0.5805129958524111,-0.912700441609076,0.4086292988438046
0.6210350584307178,0.12703469484087715,-0.9918982734237857,0.8129101122665864,0.5823891735011563,-0.9131783888580194,0.40756009386928543
0.6410684474123539,0.12415240498920978,-0.9922631600854545,0.8117864770554393,0.5839543781084753,-0.9135767617269267,0.40666632566030836
0.66110183639399,0.12174383171567164,-0.9925615537227077,0.8108455191758732,0.5852602361835106,-0.9139088785739409,0.40591940290270634
0.681135225375626,0.11973149279010083,-0.9928063094526497,0.8100579630715827,0.5863498072602505,-0.9141858149736342,0.40529531910228705
0.7011686143572621,0.11805043350346309,-0.9930075999638076,0.8093990833573108,0.5872589921507168,-0.9144167824135478,0.40477394681916634
0.7212020033388982,0.11664625894767244,-0.99317352396324,0.8088480464439026,0.5880177189181376,-0.9146094440509932,0.40433842859032193
0.7412353923205343,0.11547345188954233,-0.9933105659025329,0.8083873297073058,0.5886509366042095,-0.9147701771300563,0.4039746564021333
0.7612687813021702,0.11449394471827654,-0.9934239452759857,0.8080022160952265,0.5891794453147733,-0.9149042907064132,0.4036708297966844
0.7813021702838063,0.11367591285133566,-0.9935178837165423,0.807680358659301,0.5896205883728597,-0.915016206173669,0.40341708246123836
0.8013355592654424,0.1129927586287917,-0.9935958106429408,0.8074114079997672,0.5899888289027836,-0.9151096069411532,0.4032051677077973
0.8213689482470784,0.11242225759684368,-0.993660522726441,0.8071866952056636,0.590296229939218,-0.9151875625773159,0.40302819415750585
0.8414023372287145,0.11194584233918797,-0.9937143084419209,0.8069989630686658,0.5905528541964967,-0.9152526318385441,0.4028804039583732
0.8614357262103506,0.11154800223209788,-0.9937590460512475,0.8068421388474329,0.5907670970609515,-0.9153069482506019,0.40275698685960565
0.8814691151919867,0.11121578137888044,-0.993796281125841,0.8067111428427625,0.5909459636900228,-0.9153522911603194,0.40265392466386934
0.9015025041736227,0.11093835933594175,-0.9938272882342304,0.8066017276037218,0.5910952994370573,-0.9153901447059131,0.4025678613046281
0.9215358931552587,0.11070669944953086,-0.9938531204904013,0.8065103423891974,0.5912199824171139,-0.9154217470159968,0.4024959938562235
0.9415692821368948,0.11051325420808443,-0.9938746495659271,0.8064340191425884,0.5913240843707295,-0.9154481312529904,0.40243598120054125
0.9616026711185308,0.11035171950047315,-0.9938925980245297,0.8063702770738691,0.5914110044958577,-0.9154701597210096,0.40238586784295505
0.9816360601001669,0.11021683261419467,-0.9939075652269955,0.8063170440177185,0.5914835792433434,-0.9154885518228343,0.40234402128144625
1.001669449081803,0.11010419846906003,-0.9939200490394625,0.8062725886057135,0.5915441765830615,-0.9155039080401823,0.40230907812564864
1.021702838063439,0.1100101447781535,-0.9939304635884167,0.8062354636259021,0.5915947744683364,-0.9155167298821029,0.4022798991810821
1.0417362270450752,0.10993160782417559,-0.9939391530695507,0.8062044612954381,0.59163702265303,-0.9155274355940609,0.402255534025011
1.0617696160267112,0.10986602749277936,-0.9939464041910504,0.806178572081015,0.591672299421659,-0.9155363745641132,0.4022351884519155
1.0818030050083471,0.1098112657408905,-0.9939524557638165,0.8061569526907542,0.5917017556289376,-0.9155438385044061,0.40221819918509083
1.1018363939899833,0.1097655391977953,-0.9939575065391034,0.8061388995861518,0.591726351077317,-0.91555007068353,0.40220401297135944
1.1218697829716193,0.1097273555011729,-0.993961722530696,0.8061238239367498,0.5917468888529325,-0.915555274637628,0.40219216683343384
1.1419031719532553,0.10969547226931363,-0.9939652417282915,0.8061112354785263,0.5917640374510181,-0.9155596197837895,0.4021822753431483
1.1619365609348915,0.10966884803496654,-0.9939681796574039,0.8061007231854034,0.5917783572125547,-0.9155632481237819,0.40217401540117426
1.1819699499165275,0.1096466172523161,-0.9939706322246649,0.8060919454282915,0.5917903137940851,-0.9155662776605809,0.40216711848376036
1.2020033388981637,0.10962805306365953,-0.9939726798970787,0.8060846152955451,0.5918002982162544,-0.9155688074807107,0.4021613590925529
1.2220367278797997,0.10961255252033505,-0.993974389373115,0.8060784947702292,0.5918086348252264,-0.9155709197732026,0.4021565501697068
1.2420701168614356,0.1095996084626351,-0.9939758167202805,0.8060733836377708,0.5918155964281377,-0.9155726836657843,0.40215253437446785
1.2621035058430718,0.1095888004060752,-0.9939770083986358,0.806069115893103,0.5918214092004327,-0.9155741564690607,0.4021491812557869
1.2821368948247078,0.10957977542671354,-0.9939780033868675,0.8060655521985962,0.5918262629720249,-0.9155753862834111,0.40214638132241154
1.3021702838063438,0.10957223892733443,-0.9939788342092389,0.8060625762406664,0.5918303161962193,-0.9155764132583184,0.4021440431782621
1.32220367278798,0.1095659466208504,-0.9939795278275855,0.8060600915668189,0.5918337002637186,-0.9155772706857579,0.4021420910353933
1.342237061769616,0.109560691560586,-0.9939801070766597,0.8060580164659426,0.591836526479722,-0.9155779867681694,0.40214046069036125
1.362270450751252,0.10955630389772736,-0.993980590693555,0.8060562838734001,0.591838886195173,-0.9155785846518502,0.402139099448948
1.3823038397328882,0.10955264045134962,-0.993980994470861,0.8060548372535362,0.5918408564172225,-0.9155790838485984,0.4021379628904069
1.4023372287145242,0.10954958056921997,-0.9939813317141861,0.806053628965597,0.5918425020357289,-0.9155795007998907,0.40213701358332365
1.4223706176961604,0.10954702609205307,-0.993981613247197,0.8060526202499686,0.5918438758428121,-0.9155798488818918,0.4021362210745179
1.4424040066777963,0.10954489327424871,-0.993981848303372,0.8060517780382254,0.5918450228783473,-0.9155801395065123,0.4021355593825422
1.4624373956594323,0.10954311156535443,-0.9939820446605994,0.8060510744720465,0.591845981085391,-0.9155803822874871,0.40213500661963925
1.4824707846410685,0.10954162421484642,-0.993982208574893,0.8060504871421528,0.591846780985038,-0.915580584958013,0.4021345451793674
1.5025041736227045,0.10954038265933232,-0.993982345399476,0.8060499968720636,0.5918474486951654,-0.9155807541356233,0.40213415999528224
1.5225375626043405,0.10953934532597377,-0.9939824597167508,0.8060495872456189,0.5918480065739862,-0.9155808954852479,0.40213383816970766
1.5425709515859767,0.10953847906055111,-0.9939825551809781,0.8060492451709202,0.5918484724520486,-0.9155810135246301,0.4021335694167799
1.5626043405676127,0.10953775624401473,-0.9939826348362428,0.8060489597417627,0.5918488611830234,-0.9155811120172558,0.4021333451678817
1.5826377295492486,0.10953715269388058,-0.9939827013478008,0.8060487214089521,0.5918491857723591,-0.9155811942583224,0.40213315792056625
1.6026711185308848,0.10953664812571651,-0.9939827569512182,0.8060485221625385,0.591849457129093,-0.9155812630118562,0.4021330013817295
1.6227045075125208,0.10953622693420842,-0.9939828033663239,0.806048355840255,0.5918496836458009,-0.9155813204042851,0.40213287070993026
1.6427378964941568,0.10953587566036675,-0.9939828420763904,0.8060482171273768,0.5918498725607557,-0.9155813682695705,0.40213276172960943
1.662771285475793,0.10953558237959249,-0.993982874395577,0.8060481013150792,0.5918500302870281,-0.9155814082325917,0.40213267074124237
1.682804674457429,0.109535336980886,-0.9939829014381567,0.8060480044106926,0.5918501622623261,-0.9155814416711,0.4021325946079608
1.7028380634390652,0.10953513202478996,-0.993982924023972,0.8060479234764908,0.5918502724875939,-0.9155814695988134,0.4021325310217239
1.7228714524207012,0.10953496120744344,-0.9939829428477189,0.806047856023177,0.5918503643530509,-0.9155814928747106,0.4021324780268018
1.7429048414023371,0.10953481881555917,-0.9939829585390093,0.8060477997946618,0.5918504409313052,-0.9155815122772972,0.4021324338506861
1.7629382303839733,0.10953469973159136,-0.9939829716618017,0.8060477527701047,0.5918505049745741,-0.9155815285039015,0.40213239690569313
1.7829716193656093,0.10953459992425826,-0.9939829826603421,0.8060477133576123,0.5918505586508804,-0.9155815421038344,0.4021323659411452
1.8030050083472453,0.1095345166165793,-0.9939829918406501,0.8060476804605954,0.591850603453683,-0.9155815534554927,0.40213234009550297
1.8230383973288815,0.1095344472984152,-0.9939829994793402,0.8060476530878368,0.5918506407329336,-0.9155815629009132,0.40213231859001275
1.8430717863105175,0.10953438963129802,-0.993983005834109,0.8060476303159098,0.5918506717462595,-0.91558157075874,0.40213230069918077
1.8631051752921535,0.10953434144843106,-0.9939830111437356,0.8060476112891779,0.5918506976589631,-0.9155815773242253,0.40213228575077303
1.8831385642737897,0.1095343008934125,-0.9939830156127923,0.8060475952745753,0.5918507194694163,-0.9155815828503259,0.4021322731688536
1.9031719532554257,0.10953426690153496,-0.993983019358607,0.8060475818516636,0.5918507377502177,-0.9155815874821208,0.4021322626231041
1.9232053422370616,0.10953423860827696,-0.9939830224764478,0.8060475706790559,0.5918507529663062,-0.9155815913374115,0.40213225384531265
1.9432387312186978,0.10953421516722515,-0.9939830250595875,0.8060475614225155,0.5918507655728823,-0.9155815945315314,0.40213224657288527
1.9632721202003338,0.10953419575182538,-0.9939830271991106,0.8060475537556481,0.5918507760144662,-0.9155815971771089,0.4021322405493892
1.98330550918197,0.10953417955538276,-0.9939830289839133,0.8060475473599013,0.5918507847248978,-0.9155815993840652,0.4021322355245527
2.003338898163606,0.10953416582052791,-0.9939830304974561,0.8060475419362008,0.59185079211149,-0.9155816012556013,0.4021322312634071
2.023372287145242,0.10953415418100737,-0.9939830317800988,0.8060475373399183,0.5918507983712133,-0.9155816028416234,0.40213222765232476
2.043405676126878,0.1095341444454406,-0.9939830328529311,0.8060475334954803,0.591850803606992,-0.9155816041682092,0.40213222463193116
2.0634390651085144,0.1095341363968661,-0.9939830337398614,0.8060475303172117,0.5918508079355078,-0.9155816052649224,0.4021322221349155
2.0834724540901504,0.10953412980220699,-0.9939830344665741,0.8060475277130736,0.5918508114821092,-0.9155816061635225,0.40213222008896726
2.1035058430717863,0.10953412441227107,-0.9939830350605297,0.8060475255846639,0.5918508143808116,-0.9155816068979649,0.40213221841677615
2.1235392320534223,0.10953411996175082,-0.9939830355509641,0.806047523827216,0.5918508167742971,-0.9155816075044007,0.40213221703603247
2.1435726210350583,0.10953411616922332,-0.9939830359688898,0.8060475223296003,0.5918508188139148,-0.9155816080211773,0.40213221585942655
2.1636060100166943,0.10953411282897486,-0.9939830363369757,0.8060475210105833,0.5918508206102973,-0.9155816084763255,0.4021322148231371
2.1836393989983307,0.10953410996261846,-0.9939830366528402,0.8060475198786995,0.5918508221518209,-0.9155816088669004,0.40213221393386944
2.2036727879799667,0.10953410755905993,-0.9939830369177054,0.806047518929568,0.5918508234444525,-0.9155816091944136,0.40213221318818176
2.2237061769616027,0.10953410559182844,-0.9939830371344888,0.8060475181527361,0.5918508245024278,-0.915581609462472,0.4021322125778615
2.2437395659432386,0.10953410402041043,-0.9939830373076546,0.8060475175322053,0.5918508253475349,-0.9155816096765963,0.4021322120903397
2.2637729549248746,0.10953410279024967,-0.9939830374432147,0.8060475170464321,0.5918508260091141,-0.9155816098442202,0.4021322117086907
2.2838063439065106,0.10953410183274723,-0.9939830375487287,0.8060475166683279,0.591850826524058,-0.9155816099746912,0.402132211411632
2.303839732888147,0.10953410106526153,-0.9939830376333034,0.8060475163652585,0.591850826936811,-0.9155816100792702,0.4021322111735248
2.323873121869783,0.10953410039110827,-0.9939830377075931,0.8060475160990449,0.59185082729937,-0.9155816101711315,0.4021322109643733
2.343906510851419,0.10953409971432017,-0.9939830377821732,0.8060475158317908,0.591850827663346,-0.9155816102633518,0.4021322107544044
2.363939899833055,0.10953409907426505,-0.9939830378527055,0.8060475155790421,0.591850828007567,-0.915581610350567,0.40213221055583165
2.383973288814691,0.10953409850671807,-0.9939830379152476,0.8060475153549257,0.5918508283127932,-0.9155816104279019,0.40213221037975405
2.4040066777963274,0.1095340980264461,-0.9939830379681721,0.8060475151652731,0.5918508285710831,-0.9155816104933446,0.4021322102307529
2.4240400667779634,0.10953409764166805,-0.9939830380105735,0.8060475150133297,0.5918508287780163,-0.9155816105457751,0.4021322101113781
2.4440734557595993,0.10953409735405484,-0.9939830380422677,0.8060475148997552,0.5918508289326944,-0.9155816105849659,0.4021322100221481
2.4641068447412353,0.10953409715872946,-0.993983038063792,0.806047514822624,0.5918508290377402,-0.9155816106115813,0.4021322099615497
2.4841402337228713,0.10953409704426688,-0.9939830380764054,0.8060475147774243,0.5918508290992981,-0.9155816106271781,0.4021322099260385
2.5041736227045073,0.10953409699269415,-0.9939830380820887,0.806047514757059,0.5918508291270339,-0.9155816106342055,0.4021322099100384
2.5242070116861437,0.1095340969794903,-0.9939830380835436,0.806047514751845,0.5918508291341349,-0.9155816106360046,0.402132209905942
2.5442404006677797,0.10953409697358646,-0.9939830380841942,0.8060475147495136,0.59185082913731,-0.9155816106368091,0.40213220990411036
2.5642737896494157,0.10953409693736571,-0.9939830380881857,0.8060475147352105,0.5918508291567894,-0.9155816106417446,0.4021322098928732
2.5843071786310516,0.10953409683191528,-0.9939830380998059,0.8060475146935696,0.5918508292135005,-0.9155816106561134,0.40213220986015785
2.6043405676126876,0.10953409669027893,-0.9939830381154139,0.8060475146376395,0.5918508292896725,-0.9155816106754131,0.40213220981621617
2.624373956594324,0.1095340965418435,-0.993983038131771,0.8060475145790243,0.5918508293695008,-0.9155816106956391,0.40213220977016506
2.64440734557596,0.10953409640036732,-0.9939830381473613,0.8060475145231574,0.5918508294455866,-0.915581610714917,0.40213220972627306
2.664440734557596,0.1095340962769013,-0.9939830381609669,0.8060475144744024,0.5918508295119865,-0.9155816107317407,0.40213220968796853
2.684474123539232,0.10953409617978893,-0.9939830381716684,0.8060475144360542,0.5918508295642135,-0.9155816107449734,0.4021322096578401
2.704507512520868,0.10953409611466622,-0.9939830381788447,0.8060475144103381,0.5918508295992364,-0.9155816107538471,0.4021322096376362
2.724540901502504,0.10953409608446181,-0.9939830381821732,0.8060475143984108,0.5918508296154803,-0.9155816107579628,0.4021322096282655
2.7445742904841404,0.10953409608939686,-0.9939830381816294,0.8060475144003596,0.5918508296128262,-0.9155816107572904,0.40213220962979657
2.7646076794657763,0.10953409612698517,-0.9939830381774872,0.8060475144152026,0.5918508295926113,-0.9155816107521685,0.40213220964145807
2.7846410684474123,0.10953409619203305,-0.9939830381703192,0.8060475144408892,0.5918508295576286,-0.915581610743305,0.40213220966163876
2.8046744574290483,0.10953409627663943,-0.9939830381609958,0.806047514474299,0.5918508295121274,-0.9155816107317764,0.40213220968788727
2.8247078464106843,0.10953409637019576,-0.9939830381506861,0.8060475145112431,0.5918508294618129,-0.9155816107190282,0.4021322097169125
2.8447412353923207,0.10953409645938612,-0.9939830381408576,0.8060475145464631,0.5918508294138464,-0.9155816107068749,0.40213220974458325
2.8647746243739567,0.10953409652818714,-0.9939830381332759,0.8060475145736317,0.5918508293768453,-0.9155816106975,0.4021322097659283
2.8848080133555927,0.109534096557868,-0.9939830381300052,0.8060475145853522,0.591850829360883,-0.9155816106934557,0.40213220977513653
2.9048414023372287,0.10953409652699037,-0.9939830381334078,0.806047514573159,0.5918508293774889,-0.9155816106976631,0.40213220976555697
2.9248747913188646,0.10953409642211577,-0.9939830381449647,0.8060475145317456,0.5918508294338904,-0.9155816107119534,0.40213220973302033
2.9449081803005006,0.10953409626309325,-0.9939830381624886,0.8060475144689498,0.5918508295194126,-0.9155816107336221,0.40213220968368474
2.964941569282137,0.10953409607432689,-0.99398303818329,0.8060475143944086,0.5918508296209309,-0.9155816107593437,0.4021322096251213
2.984974958263773,0.10953409587720507,-0.9939830382050123,0.806047514316568,0.5918508297269429,-0.9155816107862039,0.4021322095639656
3.005008347245409,0.10953409569010052,-0.9939830382256307,0.806047514242683,0.5918508298275676,-0.9155816108116991,0.4021322095059177
3.025041736227045,0.10953409552837019,-0.9939830382434529,0.8060475141788179,0.5918508299145461,-0.9155816108337368,0.402132209455742
3.045075125208681,0.10953409540435542,-0.993983038257119,0.8060475141298462,0.5918508299812412,-0.9155816108506352,0.40213220941726735
3.065108514190317,0.1095340953273818,-0.9939830382656013,0.8060475140994504,0.5918508300226375,-0.9155816108611238,0.4021322093933868
3.0851419031719534,0.10953409530375925,-0.9939830382682044,0.8060475140901222,0.5918508300353417,-0.9155816108643426,0.4021322093860581
3.1051752921535893,0.10953409533678199,-0.9939830382645654,0.8060475141031624,0.5918508300175821,-0.9155816108598429,0.4021322093963031
3.1252086811352253,0.10953409542672853,-0.9939830382546535,0.806047514138681,0.5918508299692089,-0.9155816108475866,0.4021322094242084
3.1452420701168613,0.1095340955708617,-0.9939830382387704,0.8060475141955972,0.5918508298916941,-0.9155816108279468,0.4021322094689247
3.1652754590984973,0.10953409576342864,-0.9939830382175502,0.8060475142716392,0.5918508297881317,-0.9155816108017073,0.40213220952866724
3.1853088480801337,0.10953409599566077,-0.9939830381919588,0.8060475143633444,0.5918508296632375,-0.915581610770063,0.40213220960071566
3.2053422370617697,0.10953409625577384,-0.9939830381632951,0.8060475144660595,0.5918508295233489,-0.9155816107346195,0.4021322096814139
3.2253756260434057,0.10953409652896788,-0.9939830381331899,0.80604751457394,0.5918508293764253,-0.9155816106973936,0.4021322097661704
3.2454090150250416,0.10953409679742725,-0.9939830381036064,0.8060475146799508,0.5918508292320481,-0.9155816106608129,0.402132209849458
3.2654424040066776,0.10953409704032058,-0.9939830380768403,0.8060475147758661,0.5918508291014203,-0.9155816106277158,0.40213220992481397
3.2854757929883136,0.10953409723380085,-0.9939830380555194,0.8060475148522688,0.5918508289973667,-0.9155816106013519,0.4021322099848399
3.30550918196995,0.1095340973510053,-0.9939830380426037,0.8060475148985512,0.5918508289343343,-0.9155816105853815,0.40213221002120175
3.325542570951586,0.10953409736205552,-0.993983038041386,0.8060475149029147,0.5918508289283915,-0.9155816105838757,0.40213221002463
3.345575959933222,0.10953409723436065,-0.9939830380554576,0.8060475148524898,0.5918508289970656,-0.9155816106012756,0.40213220998501353
3.365609348914858,0.10953409698460273,-0.9939830380829803,0.8060475147538638,0.5918508291313853,-0.9155816106353081,0.4021322099075279
3.385642737896494,0.10953409667185558,-0.993983038117444,0.8060475146303644,0.5918508292995804,-0.9155816106779235,0.4021322098105003
3.4056761268781304,0.10953409633698556,-0.9939830381543457,0.8060475144981288,0.5918508294796734,-0.9155816107235535,0.40213220970660923
3.4257095158597664,0.10953409601467515,-0.9939830381898634,0.806047514370853,0.5918508296530116,-0.915581610767472,0.4021322096066147
3.4457429048414023,0.10953409573342304,-0.9939830382208567,0.8060475142597904,0.5918508298042688,-0.9155816108057959,0.40213220951935824
3.4657762938230383,0.10953409551554412,-0.9939830382448663,0.8060475141737531,0.591850829921444,-0.9155816108354845,0.4021322094517628
3.4858096828046743,0.10953409537716942,-0.9939830382601148,0.8060475141191108,0.5918508299958618,-0.9155816108543396,0.40213220940883304
3.5058430717863103,0.10953409532824615,-0.9939830382655059,0.8060475140997917,0.5918508300221726,-0.915581610861006,0.40213220939365496
3.5258764607679467,0.1095340953725377,-0.9939830382606252,0.8060475141172818,0.5918508299983527,-0.9155816108549708,0.4021322094073961
3.5459098497495827,0.10953409550762365,-0.9939830382457391,0.8060475141706254,0.5918508299257036,-0.9155816108365638,0.4021322094493055
3.5659432387312187,0.10953409572489974,-0.9939830382217959,0.8060475142564247,0.5918508298088526,-0.9155816108069573,0.4021322095167139
3.5859766277128546,0.10953409600957788,-0.9939830381904251,0.8060475143688401,0.5918508296557529,-0.9155816107681666,0.40213220960503326
3.6060100166944906,0.10953409634068619,-0.993983038153938,0.8060475144995902,0.5918508294776831,-0.9155816107230492,0.40213220970775726
3.626043405676127,0.10953409669106891,-0.9939830381153267,0.8060475146379514,0.5918508292892475,-0.9155816106753055,0.40213220981646103
3.646076794657763,0.1095340970273865,-0.9939830380782656,0.8060475147707586,0.5918508291083762,-0.9155816106294783,0.4021322099208012
3.666110183639399,0.10953409731011561,-0.9939830380471096,0.8060475148824044,0.5918508289563246,-0.9155816105909532,0.4021322100085159
3.686143572621035,0.109534097493549,-0.9939830380268958,0.8060475149548397,0.5918508288576743,-0.9155816105659582,0.4021322100654248
3.706176961602671,0.10953409752579568,-0.9939830380233423,0.8060475149675734,0.591850828840332,-0.9155816105615643,0.40213221007542915
3.726210350584307,0.10953409735481585,-0.9939830380421837,0.8060475149000559,0.5918508289322849,-0.9155816105848622,0.40213221002238386
3.7462437395659434,0.10953409704535967,-0.993983038076285,0.806047514777856,0.5918508290987102,-0.9155816106270293,0.40213220992637727
3.7662771285475793,0.10953409667276312,-0.993983038117344,0.8060475146307228,0.5918508292990924,-0.9155816106777999,0.40213220981078185
3.7863105175292153,0.10953409628312134,-0.9939830381602814,0.8060475144768586,0.5918508295086414,-0.9155816107308931,0.4021322096898982
3.8063439065108513,0.10953409591533551,-0.9939830382008104,0.8060475143316251,0.5918508297064364,-0.9155816107810082,0.40213220957579526
3.8263772954924873,0.10953409560111292,-0.9939830382354368,0.806047514207543,0.591850829875425,-0.9155816108238247,0.4021322094783099
3.8464106844741233,0.10953409536496687,-0.9939830382614594,0.8060475141142922,0.5918508300024242,-0.9155816108560023,0.4021322094050473
3.8664440734557597,0.10953409522421675,-0.9939830382769697,0.8060475140587119,0.5918508300781196,-0.9155816108751812,0.40213220936138055
3.8864774624373957,0.109534095188988,-0.9939830382808518,0.8060475140448006,0.5918508300970655,-0.9155816108799815,0.4021322093504511
3.9065108514190316,0.10953409526221215,-0.9939830382727827,0.8060475140737158,0.5918508300576857,-0.9155816108700039,0.40213220937316835
3.9265442404006676,0.10953409543962676,-0.9939830382532321,0.8060475141437743,0.5918508299622722,-0.915581610845829,0.40213220942821
3.9465776293823036,0.10953409570977547,-0.9939830382234625,0.8060475142504523,0.5918508298169864,-0.9155816108090181,0.4021322095120217
3.96661101836394,0.10953409605400798,-0.993983038185529,0.8060475143863849,0.5918508296318584,-0.9155816107621124,0.4021322096188174
3.986644407345576,0.10953409644648003,-0.9939830381422797,0.8060475145413667,0.5918508294207872,-0.9155816107086335,0.40213220974057906
4.006677796327212,0.10953409685415347,-0.9939830380973552,0.8060475147023513,0.5918508292015408,-0.9155816106530833,0.4021322098670569
4.026711185308848,0.10953409723679616,-0.9939830380551891,0.8060475148534516,0.5918508289957557,-0.9155816106009438,0.40213220998576904
4.046744574290484,0.10953409754698207,-0.9939830380210075,0.8060475149759396,0.5918508288289379,-0.9155816105586774,0.40213221008200206
4.06677796327212,0.10953409773009119,-0.9939830380008294,0.8060475150482469,0.591850828730462,-0.9155816105337266,0.40213221013881034
4.086811352253756,0.10953409772430962,-0.9939830380014665,0.8060475150459638,0.5918508287335713,-0.9155816105345144,0.40213221013701667
4.106844741235392,0.10953409747970953,-0.9939830380284207,0.8060475149493747,0.5918508288651172,-0.915581610567844,0.4021322100611312
4.126878130217029,0.10953409708882793,-0.9939830380714947,0.806047514795021,0.591850829075333,-0.9155816106211061,0.402132209939863
4.146911519198665,0.10953409662804442,-0.9939830381222717,0.8060475146130639,0.5918508293231421,-0.9155816106838932,0.4021322097969082
4.166944908180301,0.10953409615257373,-0.9939830381746673,0.8060475144253071,0.5918508295788499,-0.9155816107486817,0.40213220964939683
4.186978297161937,0.10953409570892307,-0.9939830382235563,0.8060475142501156,0.591850829817445,-0.9155816108091342,0.40213220951175743
4.207011686143573,0.10953409533489215,-0.9939830382647734,0.8060475141024159,0.5918508300185986,-0.9155816108601003,0.40213220939571703
4.227045075125209,0.10953409505957322,-0.9939830382951128,0.8060475139936963,0.591850830166665,-0.9155816108976157,0.4021322093103013
4.247078464106845,0.109534094903351,-0.993983038312328,0.8060475139320064,0.5918508302506812,-0.9155816109189028,0.40213220926183446
4.267111853088481,0.10953409487790272,-0.9939830383151324,0.8060475139219572,0.5918508302643672,-0.9155816109223703,0.40213220925393933
4.287145242070117,0.10953409498619812,-0.9939830383031985,0.8060475139647215,0.591850830206126,-0.9155816109076139,0.4021322092875372
4.307178631051753,0.10953409522249945,-0.9939830382771587,0.8060475140580337,0.5918508300790434,-0.9155816108754151,0.402132209360848
4.327212020033389,0.10953409557236146,-0.9939830382386049,0.8060475141961894,0.5918508298908878,-0.9155816108277424,0.40213220946939016
4.3472454090150245,0.1095340960126314,-0.9939830381900885,0.8060475143700458,0.5918508296541108,-0.9155816107677505,0.4021322096059807
4.367278797996661,0.10953409651144902,-0.9939830381351201,0.8060475145670221,0.591850829385847,-0.9155816106997807,0.40213220976073527
4.387312186978297,0.10953409702824658,-0.9939830380781706,0.8060475147710983,0.5918508291079135,-0.915581610629361,0.40213220992106796
4.407345575959933,0.10953409751374887,-0.9939830380246696,0.8060475149628165,0.5918508288468107,-0.9155816105632057,0.4021322100716916
4.427378964941569,0.10953409790997314,-0.9939830379810068,0.8060475151192799,0.5918508286337215,-0.9155816105092156,0.40213221019461726
4.447412353923205,0.10953409815022917,-0.9939830379545312,0.8060475152141537,0.591850828504512,-0.9155816104764779,0.40213221026915497
4.467445742904841,0.10953409815911924,-0.9939830379535516,0.8060475152176643,0.5918508284997309,-0.9155816104752665,0.40213221027191304
4.487479131886477,0.10953409787156862,-0.9939830379852389,0.8060475151041144,0.5918508286543754,-0.9155816105144486,0.40213221018270257
4.507512520868113,0.10953409741238385,-0.9939830380358398,0.8060475149227887,0.5918508289013247,-0.9155816105770179,0.4021322100402438
4.527545909849749,0.10953409687989764,-0.9939830380945183,0.8060475147125172,0.5918508291876955,-0.9155816106495753,0.4021322098750438
4.547579298831385,0.10953409633643726,-0.993983038154406,0.8060475144979122,0.5918508294799681,-0.9155816107236281,0.40213220970643915
4.567612687813021,0.10953409583415613,-0.993983038209756,0.8060475142995683,0.5918508297500947,-0.9155816107920698,0.4021322095506101
4.587646076794658,0.10953409541503377,-0.993983038255942,0.8060475141340627,0.5918508299754984,-0.91558161084918,0.40213220942058037
4.607679465776294,0.1095340951108758,-0.9939830382894593,0.8060475140139549,0.5918508301390745,-0.9155816108906251,0.40213220932621757
4.62771285475793,0.10953409494331401,-0.9939830383079242,0.8060475139477871,0.591850830229189,-0.9155816109134574,0.4021322092742327
4.647746243739566,0.1095340949238063,-0.9939830383100738,0.8060475139400838,0.5918508302396803,-0.9155816109161155,0.4021322092681806
4.667779632721202,0.10953409505363663,-0.993983038295767,0.806047513991352,0.5918508301698576,-0.9155816108984246,0.4021322093084595
4.687813021702838,0.1095340953239152,-0.993983038265983,0.8060475140980813,0.591850830024502,-0.915581610861596,0.4021322093923115
4.707846410684474,0.10953409571557822,-0.9939830382228229,0.8060475142527436,0.5918508298138658,-0.9155816108082274,0.40213220951382206
4.72787979966611,0.10953409619938809,-0.9939830381695084,0.8060475144437934,0.5918508295536731,-0.9155816107423027,0.4021322096639206
4.747913188647746,0.10953409673593331,-0.9939830381103826,0.8060475146556677,0.5918508292651193,-0.9155816106691922,0.40213220983037984
4.767946577629382,0.1095340972756285,-0.9939830380509097,0.806047514868786,0.5918508289748716,-0.9155816105956525,0.40213220999781635
4.787979966611018,0.10953409775871441,-0.9939830379976751,0.80604751505955,0.5918508287150682,-0.9155816105298265,0.40213221014769024
4.808013355592655,0.1095340981152579,-0.9939830379583849,0.806047515200344,0.5918508285233194,-0.9155816104812432,0.40213221025830526
4.828046744574291,0.10953409826515197,-0.993983037941867,0.8060475152595351,0.5918508284427064,-0.9155816104608184,0.40213221030480883
4.848080133555927,0.10953409811811575,-0.9939830379580701,0.8060475152014726,0.5918508285217824,-0.9155816104808538,0.40213221025919194
4.868113522537563,0.10953409771761947,-0.9939830380022037,0.8060475150433222,0.5918508287371691,-0.915581610535426,0.4021322101349408
4.888146911519199,0.10953409723691405,-0.993983038055176,0.8060475148534981,0.5918508289956922,-0.9155816106009277,0.40213220998580546
4.908180300500835,0.10953409673493653,-0.9939830381104925,0.8060475146552741,0.5918508292656555,-0.915581610669328,0.40213220983007064
4.928213689482471,0.10953409626094285,-0.9939830381627253,0.8060475144681005,0.5918508295205691,-0.9155816107339151,0.40213220968301755
4.948247078464107,0.10953409585473352,-0.9939830382074883,0.8060475143076941,0.5918508297390283,-0.9155816107892658,0.4021322095569941
4.968280467445743,0.10953409554665357,-0.9939830382414379,0.8060475141860375,0.5918508299047135,-0.9155816108312452,0.40213220946141454
4.988313856427379,0.10953409535759258,-0.9939830382622719,0.80604751411138,0.5918508300063904,-0.915581610857007,0.40213220940275973
5.0083472454090145,0.10953409529898463,-0.9939830382687302,0.8060475140882365,0.5918508300379097,-0.915581610864993,0.40213220938457706
5.028380634390651,0.1095340953728084,-0.9939830382605951,0.8060475141173884,0.5918508299982074,-0.9155816108549336,0.4021322094074803
5.048414023372287,0.10953409557158704,-0.9939830382386903,0.8060475141958834,0.5918508298913042,-0.9155816108278477,0.4021322094691499
5.068447412353923,0.10953409587838829,-0.9939830382048815,0.806047514317035,0.5918508297263066,-0.9155816107860425,0.40213220956433277
5.088480801335559,0.1095340962668244,-0.993983038162077,0.8060475144704231,0.591850829517406,-0.9155816107331136,0.4021322096848422
5.108514190317195,0.10953409670105217,-0.9939830381142264,0.8060475146418937,0.5918508292838784,-0.9155816106739451,0.4021322098195582
5.128547579298831,0.10953409713577295,-0.9939830380663214,0.806047514813559,0.5918508290500858,-0.9155816106147093,0.4021322099544271
5.148580968280467,0.10953409751623258,-0.9939830380243958,0.8060475149637972,0.5918508288454748,-0.9155816105628674,0.4021322100724619
5.168614357262103,0.10953409777822148,-0.9939830379955253,0.806047515067253,0.5918508287045773,-0.9155816105271684,0.40213221015374206
5.188647746243739,0.10953409784807462,-0.9939830379878277,0.8060475150948371,0.5918508286670103,-0.91558161051765,0.4021322101754135
5.208681135225375,0.10953409765139123,-0.9939830380095017,0.8060475150171695,0.5918508287727865,-0.9155816105444504,0.4021322101143939
5.228714524207011,0.10953409730382256,-0.9939830380478027,0.8060475148799194,0.5918508289597088,-0.9155816105918106,0.40213221000656324
5.248747913188648,0.10953409690791814,-0.9939830380914303,0.8060475147235822,0.591850829172626,-0.9155816106457573,0.40213220988373677
5.268781302170284,0.10953409650835205,-0.9939830381354613,0.806047514565799,0.5918508293875123,-0.9155816107002027,0.40213220975977426
5.28881469115192,0.10953409614221105,-0.993983038175809,0.806047514421215,0.5918508295844228,-0.9155816107500937,0.4021322096461817
5.308848080133556,0.10953409583899452,-0.9939830382092226,0.806047514301479,0.5918508297474925,-0.9155816107914104,0.402132209552111
5.328881469115192,0.10953409562061454,-0.9939830382332875,0.8060475142152437,0.5918508298649371,-0.9155816108211673,0.4021322094843602
5.348914858096828,0.10953409550139581,-0.993983038246425,0.8060475141681659,0.5918508299290529,-0.9155816108374122,0.40213220944737343
5.368948247078464,0.1095340954880757,-0.9939830382478928,0.806047514162906,0.5918508299362164,-0.9155816108392272,0.40213220944324096
5.3889816360601,0.10953409557980427,-0.9939830382377847,0.8060475141991283,0.5918508298868849,-0.9155816108267281,0.4021322094716991
5.409015025041736,0.1095340957681442,-0.99398303821703,0.8060475142735012,0.5918508297855958,-0.9155816108010646,0.4021322095301302
5.429048414023372,0.10953409603707083,-0.9939830381873951,0.8060475143796966,0.5918508296409671,-0.9155816107644202,0.4021322096135627
5.449081803005008,0.10953409636297218,-0.9939830381514817,0.8060475145083905,0.5918508294656977,-0.9155816107200124,0.4021322097146713
5.469115191986645,0.10953409671464891,-0.9939830381127279,0.8060475146472628,0.5918508292765661,-0.9155816106720923,0.40213220982377645
5.489148580968281,0.10953409705331435,-0.993983038075408,0.8060475147809971,0.591850829094432,-0.9155816106259452,0.40213220992884496
5.509181969949917,0.1095340973325945,-0.9939830380446321,0.806047514891281,0.5918508289442352,-0.9155816105878901,0.4021322100154896
5.529215358931553,0.109534097498528,-0.9939830380263467,0.8060475149568058,0.5918508288549963,-0.9155816105652798,0.40213221006696925
5.549248747913189,0.10953409748956612,-0.9939830380273342,0.8060475149532669,0.591850828859816,-0.9155816105665009,0.4021322100641889
5.569282136894825,0.10953409726898856,-0.9939830380516413,0.8060475148661639,0.5918508289784425,-0.9155816105965571,0.40213220999575633
5.589315525876461,0.10953409694912959,-0.9939830380868889,0.8060475147398559,0.5918508291504625,-0.9155816106401415,0.40213220989652243
5.609348914858097,0.10953409658819797,-0.9939830381266626,0.806047514597329,0.5918508293445713,-0.9155816106893226,0.402132209784546
5.629382303839733,0.10953409622671702,-0.9939830381664967,0.8060475144545852,0.5918508295389756,-0.9155816107385787,0.40213220967239915
5.649415692821369,0.10953409589839333,-0.993983038202677,0.8060475143249347,0.5918508297155479,-0.9155816107833166,0.40213220957053913
5.6694490818030046,0.10953409563011668,-0.9939830382322403,0.8060475142189959,0.591850829859827,-0.9155816108198723,0.40213220948730827
5.689482470784641,0.1095340954419601,-0.9939830382529746,0.8060475141446954,0.5918508299610175,-0.9155816108455108,0.4021322094289341
5.709515859766277,0.10953409534717987,-0.9939830382634192,0.806047514107268,0.5918508300119902,-0.9155816108584258,0.40213220939952915
5.729549248747913,0.10953409535221542,-0.9939830382628643,0.8060475141092566,0.5918508300092822,-0.9155816108577396,0.4021322094010914
5.749582637729549,0.10953409545668952,-0.9939830382513515,0.8060475141505119,0.591850829953096,-0.9155816108435039,0.40213220943350375
5.769616026711185,0.10953409565340808,-0.9939830382296737,0.8060475142281933,0.5918508298473009,-0.9155816108166986,0.4021322094945342
5.789649415692821,0.10953409592836026,-0.9939830381993747,0.8060475143367682,0.5918508296994317,-0.9155816107792333,0.40213220957983614
5.809682804674457,0.1095340962607185,-0.9939830381627498,0.8060475144680119,0.5918508295206896,-0.9155816107339456,0.4021322096829478
5.829716193656093,0.10953409662283838,-0.9939830381228452,0.8060475146110081,0.5918508293259417,-0.9155816106846025,0.40213220979529285
5.849749582637729,0.10953409698025879,-0.9939830380834584,0.8060475147521485,0.5918508291337211,-0.9155816106358999,0.4021322099061799
5.869782971619365,0.1095340972917018,-0.9939830380491383,0.806047514875133,0.5918508289662272,-0.9155816105934622,0.4021322100028028
5.889816360601001,0.10953409750907273,-0.9939830380251847,0.8060475149609698,0.5918508288493253,-0.9155816105638429,0.4021322100702406
5.909849749582638,0.1095340975774601,-0.9939830380176486,0.8060475149879751,0.5918508288125466,-0.9155816105545244,0.4021322100914572
5.929883138564274,0.10953409743638069,-0.9939830380331952,0.8060475149322648,0.591850828888419,-0.9155816105737481,0.4021322100476884
5.94991652754591,0.10953409712267288,-0.9939830380677649,0.8060475148083859,0.5918508290571309,-0.9155816106164943,0.40213220995036286
5.969949916527546,0.10953409672483241,-0.9939830381116058,0.8060475146512841,0.5918508292710893,-0.9155816106707048,0.40213220982693576
5.989983305509182,0.10953409629562635,-0.9939830381589031,0.8060475144817966,0.5918508295019161,-0.915581610729189,0.4021322096937777
6.010016694490818,0.10953409587999158,-0.9939830382047048,0.8060475143176681,0.5918508297254443,-0.9155816107858241,0.40213220956483003
6.030050083472454,0.10953409551503476,-0.9939830382449221,0.8060475141735517,0.5918508299217179,-0.9155816108355537,0.4021322094516048
6.05008347245409,0.10953409523003246,-0.9939830382763285,0.8060475140610082,0.591850830074992,-0.9155816108743885,0.40213220936318494
6.070116861435726,0.109534095046431,-0.9939830382965608,0.8060475139885065,0.5918508301737327,-0.9155816108994064,0.40213220930622395
6.090150250417362,0.10953409497784652,-0.9939830383041186,0.8060475139614234,0.5918508302106175,-0.9155816109087518,0.40213220928494614
6.110183639398998,0.10953409503006505,-0.9939830382983643,0.8060475139820438,0.5918508301825344,-0.9155816109016364,0.4021322093011465
6.130217028380634,0.10953409520104233,-0.9939830382795231,0.8060475140495603,0.5918508300905828,-0.9155816108783388,0.402132209354191
6.150250417362271,0.10953409548090404,-0.9939830382486831,0.8060475141600739,0.5918508299400733,-0.9155816108402044,0.402132209441016
6.170283806343907,0.10953409585194558,-0.9939830382077953,0.806047514306593,0.5918508297405274,-0.9155816107896456,0.402132209556129
6.190317195325543,0.10953409628863224,-0.9939830381596737,0.8060475144790347,0.5918508295056776,-0.915581610730142,0.40213220969160784
6.210350584307179,0.10953409675759909,-0.9939830381079949,0.8060475146642232,0.5918508292534674,-0.9155816106662399,0.40213220983710135
6.230383973288815,0.10953409721765106,-0.9939830380572985,0.8060475148458914,0.5918508290060517,-0.9155816106035525,0.4021322099798291
6.250417362270451,0.10953409761976285,-0.9939830380129869,0.8060475150046799,0.5918508287897962,-0.9155816105487601,0.4021322101045814
6.270450751252087,0.10953409790707902,-0.9939830379813256,0.806047515118137,0.5918508286352777,-0.91558161050961,0.40213221019371914
6.290484140233723,0.10953409801491394,-0.9939830379694424,0.8060475151607195,0.5918508285772841,-0.9155816104949162,0.40213221022717416
6.310517529215359,0.1095340978707518,-0.9939830379853287,0.8060475151037919,0.5918508286548144,-0.91558161051456,0.4021322101824489
6.330550918196995,0.10953409749176028,-0.9939830380270924,0.8060475149541333,0.5918508288586359,-0.9155816105662019,0.40213221006486954
6.3505843071786305,0.10953409700175036,-0.9939830380810901,0.8060475147606351,0.591850829122163,-0.9155816106329715,0.40213220991284754
6.370617696160267,0.10953409646751396,-0.9939830381399615,0.8060475145496725,0.5918508294094751,-0.9155816107057674,0.4021322097471046
6.390651085141903,0.10953409594595873,-0.9939830381974354,0.8060475143437176,0.5918508296899673,-0.9155816107768353,0.4021322095852959
6.410684474123539,0.1095340954841296,-0.9939830382483276,0.8060475141613476,0.5918508299383387,-0.9155816108397649,0.4021322094420168
6.430717863105175,0.10953409511920867,-0.9939830382885408,0.8060475140172453,0.591850830134593,-0.9155816108894895,0.4021322093288027
6.450751252086811,0.10953409487851531,-0.9939830383150645,0.8060475139221988,0.5918508302640377,-0.9155816109222867,0.40213220925412935
6.470784641068447,0.1095340947795061,-0.993983038325975,0.8060475138831014,0.5918508303172849,-0.915581610935778,0.4021322092234125
6.490818030050083,0.10953409482977484,-0.9939830383204356,0.8060475139029518,0.5918508302902503,-0.9155816109289282,0.402132209239008
6.510851419031719,0.10953409502705255,-0.9939830382986962,0.8060475139808541,0.5918508301841545,-0.9155816109020468,0.40213220930021193
6.530884808013355,0.10953409535920752,-0.9939830382620936,0.8060475141120175,0.5918508300055217,-0.9155816108567869,0.4021322094032606
6.550918196994991,0.10953409580424521,-0.9939830382130517,0.8060475142877568,0.5918508297661806,-0.9155816107961454,0.4021322095413303
6.570951585976627,0.10953409633030835,-0.993983038155081,0.8060475144954918,0.5918508294832642,-0.9155816107244632,0.40213220970453756
6.590984974958264,0.10953409689567686,-0.9939830380927791,0.8060475147187481,0.5918508291792093,-0.9155816106474252,0.40213220987993903
6.6110183639399,0.10953409744876794,-0.99398303803183,0.8060475149371562,0.5918508288817572,-0.9155816105720601,0.4021322100515315
6.631051752921536,0.10953409792813595,-0.993983037979005,0.806047515126452,0.5918508286239533,-0.9155816105067407,0.4021322102002519
6.651085141903172,0.10953409826247254,-0.9939830379421621,0.806047515258477,0.5918508284441473,-0.9155816104611835,0.4021322103039774
6.671118530884808,0.10953409837060654,-0.993983037930246,0.8060475153011776,0.5918508283859929,-0.9155816104464489,0.40213221033752516
6.691151919866444,0.1095340981625995,-0.9939830379531678,0.8060475152190385,0.5918508284978589,-0.9155816104747924,0.4021322102729925
6.71118530884808,0.10953409771962086,-0.9939830380019827,0.8060475150441123,0.5918508287360926,-0.9155816105351533,0.4021322101355616
6.731218697829716,0.10953409719233437,-0.9939830380600883,0.8060475148358941,0.591850829019667,-0.9155816106070022,0.40213220997197485
6.751252086811352,0.10953409664464522,-0.993983038120442,0.8060475146196192,0.591850829314214,-0.9155816106816311,0.40213220980205827
6.771285475792988,0.10953409613015219,-0.9939830381771376,0.806047514416453,0.5918508295909081,-0.9155816107517368,0.40213220964244056
6.791318864774624,0.10953409569214763,-0.9939830382254045,0.806047514243491,0.5918508298264668,-0.91558161081142,0.4021322095065529
6.811352253756261,0.10953409536361751,-0.9939830382616076,0.806047514113759,0.5918508300031501,-0.9155816108561861,0.4021322094046288
6.831385642737897,0.10953409516724137,-0.9939830382832476,0.8060475140362127,0.591850830108761,-0.9155816108829445,0.4021322093437045
6.851419031719533,0.10953409511539236,-0.9939830382889613,0.8060475140157383,0.5918508301366454,-0.9155816108900096,0.40213220932761873
6.871452420701169,0.10953409521013725,-0.9939830382785206,0.8060475140531517,0.5918508300856916,-0.9155816108770994,0.40213220935701266
6.891485809682805,0.10953409544323636,-0.9939830382528337,0.8060475141451993,0.591850829960331,-0.915581610845337,0.40213220942933
6.911519198664441,0.10953409579614364,-0.9939830382139444,0.8060475142845576,0.5918508297705377,-0.9155816107972493,0.40213220953881684
6.931552587646077,0.10953409624000661,-0.993983038165032,0.8060475144598329,0.5918508295318284,-0.9155816107367678,0.40213220967652213
6.951585976627713,0.10953409673566641,-0.9939830381104117,0.8060475146555621,0.5918508292652628,-0.9155816106692285,0.40213220983029696
6.971619365609349,0.10953409723365776,-0.9939830380555345,0.806047514852212,0.5918508289974433,-0.9155816106013713,0.40213220998479515
6.991652754590985,0.10953409767420898,-0.993983038006987,0.8060475150261797,0.5918508287605151,-0.9155816105413411,0.40213221012147293
7.0116861435726205,0.10953409798724198,-0.9939830379724915,0.8060475151497921,0.5918508285921661,-0.9155816104986868,0.40213221021858914
7.031719532554257,0.10953409809237229,-0.9939830379609065,0.8060475151913067,0.5918508285356271,-0.9155816104843616,0.40213221025120505
7.051752921535893,0.10953409790189905,-0.9939830379818961,0.8060475151160914,0.5918508286380635,-0.9155816105103157,0.40213221019211215
7.071786310517529,0.10953409752053483,-0.9939830380239214,0.8060475149654959,0.591850828843161,-0.915581610562281,0.4021322100737967
7.091819699499165,0.10953409708338517,-0.9939830380720941,0.8060475147928714,0.5918508290782598,-0.9155816106218477,0.4021322099381742
7.111853088480801,0.10953409664004184,-0.9939830381209492,0.8060475146178012,0.5918508293166898,-0.9155816106822583,0.40213220980063025
7.131886477462437,0.1095340962316964,-0.9939830381659477,0.8060475144565512,0.5918508295362978,-0.9155816107379001,0.4021322096739441
7.151919866444073,0.10953409589114023,-0.993983038203476,0.8060475143220702,0.5918508297194487,-0.9155816107843048,0.40213220956828905
7.171953255425709,0.10953409564276446,-0.9939830382308463,0.80604751422399,0.5918508298530251,-0.9155816108181489,0.4021322094912323
7.191986644407345,0.10953409550256007,-0.9939830382462964,0.8060475141686253,0.591850829928427,-0.9155816108372533,0.4021322094477349
7.212020033388981,0.10953409547811778,-0.9939830382489899,0.8060475141589734,0.591850829941572,-0.9155816108405839,0.4021322094401519
7.232053422370617,0.1095340955686281,-0.9939830382390159,0.8060475141947147,0.5918508298928955,-0.9155816108282508,0.402132209468232
7.252086811352254,0.10953409576488135,-0.9939830382173893,0.8060475142722123,0.5918508297873506,-0.915581610801509,0.4021322095291181
7.27212020033389,0.10953409604926766,-0.9939830381860508,0.8060475143845126,0.5918508296344077,-0.9155816107627581,0.4021322096173468
7.292153589315526,0.10953409639577691,-0.9939830381478665,0.8060475145213444,0.5918508294480551,-0.9155816107155423,0.4021322097248487
7.312186978297162,0.10953409676999877,-0.9939830381066282,0.8060475146691195,0.5918508292467988,-0.9155816106645502,0.4021322098409483
7.332220367278798,0.10953409712912275,-0.9939830380670538,0.8060475148109327,0.591850829053662,-0.9155816106156155,0.40213220995236376
7.352253756260434,0.1095340974219381,-0.9939830380347864,0.8060475149265615,0.591850828896186,-0.9155816105757161,0.40213221004320754
7.37228714524207,0.10953409758883391,-0.993983038016395,0.8060475149924664,0.5918508288064295,-0.9155816105529746,0.40213221009498573
7.392320534223706,0.10953409756179898,-0.9939830380193742,0.8060475149817906,0.5918508288209688,-0.9155816105566584,0.40213221008659833
7.412353923205342,0.10953409731583534,-0.9939830380464786,0.806047514884663,0.591850828953248,-0.9155816105901738,0.40213221001029
7.432387312186978,0.10953409698596203,-0.9939830380828297,0.8060475147544005,0.5918508291306538,-0.9155816106351229,0.4021322099079493
7.452420701168614,0.1095340966255176,-0.9939830381225496,0.8060475146120658,0.5918508293245007,-0.9155816106842375,0.40213220979612413
7.472454090150251,0.10953409627280514,-0.9939830381614175,0.8060475144727844,0.5918508295141894,-0.9155816107322986,0.4021322096866978
7.492487479131887,0.10953409595933063,-0.9939830381959616,0.8060475143489977,0.5918508296827759,-0.9155816107750131,0.40213220958944473
7.512520868113523,0.10953409570980287,-0.9939830382234588,0.8060475142504625,0.5918508298169719,-0.9155816108090141,0.40213220951203066
7.532554257095159,0.10953409554213343,-0.9939830382419355,0.8060475141842521,0.5918508299071445,-0.915581610831861,0.4021322094600125
7.552587646076795,0.10953409546743677,-0.9939830382501669,0.8060475141547554,0.5918508299473163,-0.9155816108420393,0.4021322094368384
7.572621035058431,0.1095340954900301,-0.9939830382476771,0.8060475141636773,0.5918508299351657,-0.9155816108389606,0.4021322094438478
7.592654424040067,0.1095340956074335,-0.9939830382347395,0.8060475142100383,0.5918508298720261,-0.9155816108229631,0.4021322094802713
7.612687813021703,0.10953409581036985,-0.9939830382123765,0.8060475142901751,0.5918508297628869,-0.9155816107953108,0.4021322095432307
7.632721202003339,0.10953409608276488,-0.9939830381823594,0.8060475143977403,0.5918508296163929,-0.9155816107581938,0.40213220962773916
7.652754590984975,0.10953409640174708,-0.9939830381472085,0.8060475145237019,0.5918508294448444,-0.9155816107147289,0.40213220972670094
7.6727879799666105,0.10953409673764783,-0.9939830381101932,0.8060475146563446,0.591850829264197,-0.9155816106689586,0.4021322098309116
7.6928213689482465,0.10953409705400129,-0.993983038075332,0.8060475147812683,0.5918508290940622,-0.9155816106258517,0.4021322099290578
7.712854757929883,0.10953409730754445,-0.9939830380473922,0.8060475148813891,0.5918508289577067,-0.9155816105913036,0.4021322100077176
7.732888146911519,0.10953409744821711,-0.9939830380318905,0.8060475149369389,0.5918508288820529,-0.9155816105721354,0.4021322100513602
7.752921535893155,0.10953409741916194,-0.9939830380350922,0.8060475149254653,0.5918508288976788,-0.9155816105760946,0.40213221004234606
7.772954924874791,0.10953409719158198,-0.993983038060171,0.8060475148355971,0.5918508290200712,-0.9155816106071049,0.4021322099717411
7.792988313856427,0.10953409686206621,-0.9939830380964827,0.8060475147054758,0.5918508291972848,-0.9155816106520052,0.40213220986951137
7.813021702838063,0.10953409648595079,-0.9939830381379294,0.8060475145569529,0.5918508293995596,-0.9155816107032552,0.40213220975282443
7.833055091819699,0.10953409610621045,-0.9939830381797757,0.8060475144069985,0.5918508296037839,-0.9155816107549991,0.40213220963501295
7.853088480801335,0.10953409575880003,-0.9939830382180594,0.8060475142698108,0.5918508297906212,-0.9155816108023377,0.40213220952723155
7.873121869782971,0.10953409547265446,-0.9939830382495919,0.8060475141568157,0.5918508299445102,-0.9155816108413283,0.40213220943845707
7.893155258764607,0.10953409526968871,-0.9939830382719581,0.8060475140766673,0.5918508300536651,-0.9155816108689847,0.4021322093754885
7.913188647746243,0.10953409516479792,-0.9939830382835168,0.8060475140352473,0.5918508301100754,-0.9155816108832773,0.40213220934294697
7.93322203672788,0.10953409516585733,-0.9939830382834,0.8060475140356658,0.5918508301095057,-0.915581610883133,0.40213220934327565
7.953255425709516,0.1095340952737222,-0.9939830382715136,0.8060475140782601,0.591850830051496,-0.9155816108684351,0.4021322093767399
7.973288814691152,0.10953409548222794,-0.9939830382485368,0.8060475141605962,0.5918508299393616,-0.9155816108400239,0.40213220944142714
7.993322203672788,0.10953409577819008,-0.9939830382159227,0.8060475142774677,0.5918508297801932,-0.9155816107996956,0.40213220953324713
8.013355592654424,0.10953409614140419,-0.9939830381758975,0.8060475144208961,0.5918508295848567,-0.9155816107502036,0.4021322096459315
8.03338898163606,0.10953409654464599,-0.9939830381314614,0.8060475145801308,0.5918508293679933,-0.9155816106952572,0.40213220977103414
8.053422370617696,0.10953409695367125,-0.993983038086388,0.8060475147416494,0.5918508291480196,-0.9155816106395229,0.4021322098979311
8.073455759599332,0.10953409732721588,-0.9939830380452245,0.806047514889157,0.5918508289471273,-0.9155816105886232,0.4021322100138204
8.093489148580968,0.10953409761699583,-0.9939830380132915,0.8060475150035873,0.5918508287912837,-0.9155816105491374,0.4021322101037224
8.113522537562604,0.10953409776770721,-0.9939830379966835,0.8060475150631012,0.5918508287102311,-0.9155816105286013,0.40213221015047945
8.13355592654424,0.10953409771702621,-0.9939830380022685,0.8060475150430879,0.5918508287374874,-0.9155816105355071,0.4021322101347561
8.153589315525876,0.10953409743047206,-0.9939830380338459,0.8060475149299317,0.5918508288915961,-0.9155816105745535,0.40213221004585487
8.173622704507512,0.10953409700910922,-0.9939830380802789,0.8060475147635411,0.5918508291182051,-0.9155816106319689,0.4021322099151303
8.193656093489148,0.10953409652316454,-0.9939830381338286,0.806047514571648,0.5918508293795461,-0.9155816106981843,0.4021322097643698
8.213689482470784,0.10953409602893888,-0.9939830381882908,0.8060475143764849,0.5918508296453406,-0.9155816107655281,0.4021322096110402
8.23372287145242,0.10953409557370916,-0.9939830382384558,0.8060475141967208,0.5918508298901632,-0.9155816108275584,0.4021322094698087
8.253756260434058,0.10953409519572822,-0.9939830382801083,0.8060475140474612,0.5918508300934413,-0.9155816108790625,0.4021322093525431
8.273789649415694,0.10953409492422495,-0.9939830383100271,0.8060475139402482,0.5918508302394558,-0.9155816109160579,0.40213220926831134
8.29382303839733,0.10953409477940414,-0.993983038325986,0.8060475138830604,0.5918508303173404,-0.9155816109357914,0.40213220922338183
8.313856427378965,0.10953409477244663,-0.9939830383267526,0.8060475138803129,0.5918508303210822,-0.9155816109367395,0.4021322092212233
8.333889816360601,0.10953409490550924,-0.9939830383120896,0.8060475139328577,0.5918508302495211,-0.9155816109186082,0.4021322092625049
8.353923205342237,0.10953409517172473,-0.9939830382827534,0.8060475140379826,0.5918508301063503,-0.9155816108823334,0.40213220934509614
8.373956594323873,0.1095340955552019,-0.9939830382404953,0.8060475141894126,0.5918508299001163,-0.9155816108300803,0.4021322094640669
8.39398998330551,0.10953409603102549,-0.9939830381880609,0.8060475143773089,0.5918508296442184,-0.9155816107652439,0.4021322096116874
8.414023372287145,0.10953409656525624,-0.9939830381291901,0.8060475145882695,0.591850829356909,-0.9155816106924489,0.40213220977742825
8.434056761268781,0.1095340971149309,-0.9939830380686175,0.8060475148053288,0.591850829061294,-0.9155816106175495,0.4021322099479605
8.454090150250417,0.10953409762806215,-0.993983038012072,0.8060475150079575,0.591850828785332,-0.9155816105476297,0.4021322101071554
8.474123539232053,0.10953409804363871,-0.9939830379662766,0.8060475151720631,0.5918508285618349,-0.9155816104910026,0.40213221023608475
8.49415692821369,0.10953409829162525,-0.9939830379389492,0.8060475152699896,0.5918508284284677,-0.9155816104572116,0.4021322103130206
8.514190317195325,0.10953409829296243,-0.9939830379388018,0.8060475152705177,0.5918508284277486,-0.9155816104570295,0.4021322103134355
8.534223706176961,0.1095340979812908,-0.9939830379731471,0.8060475151474427,0.5918508285953656,-0.9155816104994983,0.4021322102167418
8.554257095158597,0.10953409749240638,-0.9939830380270208,0.8060475149543888,0.5918508288582877,-0.9155816105661143,0.4021322100650692
8.574290484140233,0.10953409692883011,-0.9939830380891252,0.80604751473184,0.591850829161379,-0.9155816106429079,0.40213220989022413
8.59432387312187,0.10953409635591821,-0.9939830381522585,0.8060475145056047,0.591850829469491,-0.9155816107209737,0.4021322097124827
8.614357262103505,0.10953409582827019,-0.9939830382104038,0.8060475142972436,0.59185082975326,-0.9155816107928717,0.402132209548784
8.634390651085141,0.10953409538972887,-0.9939830382587298,0.8060475141240696,0.5918508299891075,-0.9155816108526279,0.40213220941273
8.654424040066777,0.10953409507338037,-0.9939830382935905,0.8060475139991478,0.5918508301592397,-0.915581610895734,0.4021322093145853
8.674457429048413,0.10953409490155411,-0.9939830383125252,0.8060475139312959,0.5918508302516479,-0.9155816109191472,0.4021322092612776
8.694490818030049,0.1095340948858228,-0.9939830383142588,0.8060475139250838,0.5918508302601082,-0.9155816109212909,0.4021322092563971
8.714524207011687,0.10953409502700248,-0.9939830382987012,0.8060475139808337,0.5918508301841817,-0.9155816109020535,0.402132209300197
8.734557595993323,0.10953409531515247,-0.9939830382669479,0.8060475140946203,0.5918508300292147,-0.9155816108627898,0.40213220938959326
8.754590984974959,0.10953409572957538,-0.9939830382212796,0.8060475142582704,0.5918508298063381,-0.91558161080632,0.40213220951816475
8.774624373956595,0.10953409623881716,-0.9939830381651626,0.8060475144593631,0.5918508295324679,-0.91558161073693,0.4021322096761531
8.79465776293823,0.109534096800667,-0.9939830381032484,0.80604751468123,0.5918508292303052,-0.9155816106603716,0.4021322098504626
8.814691151919867,0.10953409736215747,-0.9939830380413738,0.806047514902955,0.5918508289283356,-0.9155816105838621,0.4021322100246607
8.834724540901503,0.10953409785956437,-0.993983037986561,0.8060475150993743,0.5918508286608303,-0.9155816105160848,0.4021322101789773
8.854757929883139,0.10953409821840684,-0.9939830379470175,0.8060475152410764,0.5918508284678448,-0.9155816104671883,0.4021322102903054
8.874791318864775,0.10953409835344732,-0.9939830379321365,0.8060475152944021,0.5918508283952201,-0.9155816104487876,0.40213221033220065
8.89482470784641,0.10953409816899753,-0.9939830379524622,0.8060475152215653,0.5918508284944171,-0.915581610473921,0.40213221027497653
8.914858096828047,0.10953409774653106,-0.9939830379990169,0.8060475150547389,0.5918508287216195,-0.9155816105314868,0.40213221014390965
8.934891485809683,0.10953409725427113,-0.9939830380532625,0.8060475148603521,0.5918508289863569,-0.9155816105985628,0.40213220999118987
8.954924874791319,0.10953409674951153,-0.9939830381088856,0.8060475146610293,0.5918508292578166,-0.915581610667342,0.4021322098345922
8.974958263772955,0.1095340962800127,-0.993983038160623,0.8060475144756305,0.5918508295103131,-0.9155816107313165,0.4021322096889339
8.99499165275459,0.10953409588400159,-0.9939830382042623,0.8060475143192509,0.5918508297232878,-0.9155816107852776,0.40213220956607454
9.015025041736227,0.10953409559017178,-0.9939830382366415,0.8060475142032215,0.5918508298813095,-0.9155816108253152,0.4021322094749161
9.035058430717863,0.10953409541768341,-0.9939830382556492,0.8060475141351081,0.5918508299740738,-0.9155816108488186,0.402132209421403
9.055091819699499,0.1095340953761632,-0.9939830382602246,0.8060475141187124,0.5918508299964034,-0.9155816108544763,0.4021322094085216
9.075125208681134,0.10953409546570447,-0.9939830382503574,0.806047514154071,0.591850829948248,-0.9155816108422753,0.4021322094363011
9.09515859766277,0.10953409567686712,-0.9939830382270879,0.8060475142374564,0.5918508298346847,-0.915581610813502,0.4021322095018126
9.115191986644406,0.1095340959906776,-0.9939830381925069,0.806047514361376,0.5918508296659174,-0.9155816107707417,0.40213220959916984
9.135225375626042,0.109534096378629,-0.9939830381497557,0.8060475145145728,0.5918508294572771,-0.915581610717879,0.4021322097195287
9.15525876460768,0.10953409680268093,-0.9939830381030264,0.8060475146820253,0.5918508292292219,-0.9155816106600971,0.4021322098510874
9.175292153589316,0.10953409721525965,-0.9939830380575614,0.8060475148449471,0.5918508290073371,-0.9155816106038787,0.40213220997908666
9.195325542570952,0.10953409755925794,-0.9939830380196537,0.8060475149807874,0.5918508288223348,-0.915581610557005,0.4021322100858094
9.215358931552588,0.1095340977680352,-0.9939830379966471,0.8060475150632308,0.5918508287100543,-0.9155816105285567,0.40213221015058087
9.235392320534224,0.10953409776541741,-0.9939830379969355,0.8060475150621971,0.5918508287114622,-0.9155816105289134,0.40213221014976874
9.25542570951586,0.10953409750885472,-0.993983038025208,0.8060475149608839,0.5918508288494416,-0.915581610563873,0.4021322100701722
9.275459098497496,0.1095340971566501,-0.99398303806402,0.806047514821803,0.5918508290388573,-0.9155816106118648,0.40213220996090354
9.295492487479132,0.10953409677416198,-0.9939830381061691,0.8060475146707635,0.5918508292445595,-0.9155816106639831,0.40213220984223963
9.315525876460768,0.10953409640127072,-0.9939830381472606,0.8060475145235138,0.5918508294451004,-0.9155816107147937,0.4021322097265531
9.335559265442404,0.10953409607063519,-0.9939830381836957,0.8060475143929502,0.5918508296229162,-0.9155816107598466,0.4021322096239761
9.35559265442404,0.10953409580769277,-0.9939830382126712,0.8060475142891177,0.5918508297643267,-0.9155816107956755,0.4021322095424003
9.375626043405676,0.10953409563065934,-0.9939830382321798,0.8060475142192095,0.5918508298595353,-0.9155816108197983,0.4021322094874771
9.395659432387312,0.10953409555052926,-0.9939830382410099,0.8060475141875673,0.5918508299026293,-0.9155816108307169,0.40213220946261735
9.415692821368948,0.10953409557107542,-0.9939830382387458,0.8060475141956807,0.5918508298915796,-0.9155816108279172,0.40213220946899164
9.435726210350584,0.10953409568884918,-0.9939830382257674,0.8060475142421879,0.5918508298282408,-0.9155816108118693,0.40213220950553
9.45575959933222,0.10953409589318042,-0.9939830382032507,0.8060475143228756,0.5918508297183515,-0.9155816107840268,0.40213220956892215
9.475792988313856,0.10953409616617751,-0.9939830381731672,0.8060475144306786,0.5918508295715336,-0.9155816107468279,0.4021322096536173
9.495826377295492,0.10953409648272734,-0.9939830381382843,0.8060475145556799,0.591850829401293,-0.9155816107036944,0.40213220975182434
9.515859766277128,0.10953409681049528,-0.9939830381021652,0.806047514685111,0.5918508292250193,-0.9155816106590323,0.4021322098535117
9.535893155258764,0.10953409710992518,-0.9939830380691689,0.8060475148033519,0.5918508290639859,-0.9155816106182316,0.40213220994640747
9.5559265442404,0.10953409733423944,-0.9939830380444501,0.8060475148919307,0.5918508289433497,-0.9155816105876663,0.40213221001599914
9.575959933222036,0.10953409742943891,-0.9939830380339594,0.8060475149295236,0.5918508288921513,-0.9155816105746943,0.402132210045534
9.595993322203674,0.10953409733433553,-0.9939830380444394,0.8060475148919686,0.591850828943298,-0.9155816105876532,0.40213221001602895
9.61602671118531,0.10953409707569599,-0.9939830380729409,0.8060475147898353,0.5918508290823944,-0.9155816106228958,0.4021322099357881
9.636060100166945,0.10953409675047275,-0.9939830381087795,0.8060475146614089,0.5918508292572995,-0.9155816106672111,0.4021322098348902
9.656093489148581,0.10953409640141798,-0.9939830381472443,0.8060475145235718,0.5918508294450212,-0.9155816107147737,0.40213220972659874
9.676126878130217,0.10953409606479773,-0.9939830381843389,0.8060475143906449,0.5918508296260556,-0.915581610760642,0.402132209622165
9.696160267111853,0.10953409577039197,-0.9939830382167816,0.806047514274388,0.5918508297843871,-0.9155816108007582,0.402132209530828
9.71619365609349,0.10953409554149462,-0.9939830382420054,0.8060475141839996,0.591850829907488,-0.915581610831948,0.4021322094598144
9.736227045075125,0.10953409539491349,-0.9939830382581583,0.8060475141261165,0.5918508299863194,-0.9155816108519212,0.4021322094143388
9.756260434056761,0.1095340953409703,-0.9939830382641026,0.8060475141048151,0.5918508300153301,-0.9155816108592717,0.40213220939760336
9.776293823038397,0.10953409538350072,-0.9939830382594159,0.8060475141216098,0.5918508299924572,-0.9155816108534764,0.4021322094107981
9.796327212020033,0.10953409551985431,-0.99398303824439,0.8060475141754541,0.5918508299191262,-0.9155816108348968,0.4021322094531007
9.81636060100167,0.10953409574089457,-0.9939830382200321,0.8060475142627399,0.5918508298002507,-0.9155816108047775,0.40213220952167666
9.836393989983305,0.10953409603099891,-0.9939830381880634,0.8060475143772983,0.5918508296442326,-0.9155816107652475,0.40213220961167917
9.856427378964941,0.10953409636805864,-0.9939830381509204,0.8060475145103987,0.5918508294629619,-0.9155816107193193,0.4021322097162493
9.876460767946577,0.10953409672347901,-0.993983038111754,0.8060475146507494,0.5918508292718168,-0.9155816106708893,0.4021322098265156
9.896494156928213,0.1095340970621792,-0.9939830380744302,0.8060475147844977,0.5918508290896637,-0.9155816106247376,0.4021322099315946
9.91652754590985,0.10953409734259227,-0.9939830380435296,0.8060475148952291,0.5918508289388575,-0.9155816105865282,0.4021322100185905
9.936560934891485,0.10953409751666524,-0.9939830380243472,0.8060475149639682,0.5918508288452411,-0.9155816105628087,0.40213221007259525
9.956594323873121,0.10953409752985901,-0.9939830380228933,0.8060475149691783,0.5918508288381454,-0.915581610561011,0.4021322100766885
9.976627712854757,0.10953409733175812,-0.9939830380447235,0.8060475148909508,0.5918508289446841,-0.9155816105880044,0.4021322100152293
9.996661101836393,0.10953409698814366,-0.9939830380825888,0.806047514755262,0.5918508291294801,-0.9155816106348257,0.4021322099086257
10.016694490818029,0.1095340965710058,-0.9939830381285563,0.8060475145905398,0.5918508293538168,-0.9155816106916654,0.402132209779212
10.036727879799667,0.109534096132335,-0.9939830381768965,0.8060475144173145,0.5918508295897341,-0.9155816107514393,0.4021322096431179
10.056761268781303,0.10953409571621278,-0.9939830382227519,0.8060475142529934,0.5918508298135247,-0.9155816108081406,0.40213220951401935
10.076794657762939,0.10953409535881162,-0.9939830382621365,0.8060475141118604,0.5918508300057351,-0.9155816108568405,0.40213220940313854
10.096828046744575,0.10953409508839494,-0.9939830382919357,0.8060475140050765,0.5918508301511652,-0.9155816108936878,0.4021322093192439
10.11686143572621,0.10953409492531722,-0.9939830383099064,0.8060475139406792,0.5918508302388684,-0.915581610915909,0.4021322092686504
10.136894824707847,0.10953409488202388,-0.9939830383146772,0.8060475139235832,0.5918508302621516,-0.9155816109218082,0.402132209255219
10.156928213689483,0.10953409496305132,-0.9939830383057482,0.8060475139555798,0.591850830218575,-0.9155816109107673,0.4021322092803571
10.176961602671119,0.10953409516502693,-0.993983038283491,0.8060475140353374,0.5918508301099525,-0.9155816108832459,0.4021322093430184
10.196994991652755,0.10953409547666908,-0.9939830382491489,0.8060475141584007,0.5918508299423513,-0.915581610840781,0.40213220943970285
10.21702838063439,0.10953409587878714,-0.9939830382048367,0.8060475143171918,0.5918508297260922,-0.915581610785988,0.4021322095644567
10.237061769616027,0.10953409634428143,-0.9939830381535405,0.8060475145010094,0.5918508294757492,-0.9155816107225592,0.4021322097088726
10.257095158597663,0.1095340968381433,-0.9939830380991184,0.8060475146960289,0.5918508292101502,-0.915581610655265,0.4021322098620892
10.277128547579299,0.10953409731745505,-0.9939830380462996,0.8060475148853028,0.5918508289523762,-0.9155816105899534,0.4021322100107918
10.297161936560935,0.10953409773138996,-0.9939830380006851,0.8060475150487602,0.5918508287297619,-0.9155816105335501,0.40213221013921174
10.31719532554257,0.1095340980212123,-0.9939830379687475,0.8060475151632072,0.5918508285738955,-0.9155816104940585,0.4021322102291268
10.337228714524207,0.10953409812027734,-0.9939830379578308,0.8060475152023266,0.5918508285206182,-0.9155816104805599,0.4021322102598609
10.357262103505843,0.10953409795405897,-0.9939830379761476,0.8060475151366893,0.5918508286100106,-0.915581610503209,0.40213221020829304
10.377295492487479,0.10953409754669878,-0.9939830380210376,0.8060475149758282,0.5918508288290889,-0.9155816105587163,0.4021322100819128
10.397328881469114,0.10953409702283463,-0.9939830380787659,0.8060475147689611,0.5918508291108231,-0.9155816106300987,0.4021322099193882
10.41736227045075,0.1095340964533423,-0.9939830381415223,0.8060475145440762,0.5918508294170962,-0.9155816107076985,0.40213220974270775
10.437395659432386,0.10953409589860727,-0.9939830382026525,0.8060475143250186,0.5918508297154328,-0.9155816107832874,0.40213220957060564
10.457429048414022,0.10953409540852473,-0.9939830382566582,0.8060475141314916,0.5918508299789992,-0.9155816108500666,0.4021322094185615
10.477462437395658,0.1095340950224996,-0.9939830382991971,0.8060475139790554,0.5918508301866036,-0.9155816109026669,0.4021322092988003
10.497495826377296,0.1095340947694465,-0.9939830383270828,0.8060475138791281,0.5918508303226956,-0.9155816109371482,0.4021322092202926
10.517529215358932,0.10953409466778981,-0.993983038338285,0.8060475138389852,0.5918508303773665,-0.9155816109510001,0.4021322091887544
10.537562604340568,0.10953409472546359,-0.9939830383319296,0.8060475138617598,0.5918508303463496,-0.9155816109431414,0.4021322092066473
10.557595993322204,0.10953409493991165,-0.993983038308298,0.8060475139464425,0.5918508302310194,-0.9155816109139204,0.40213220927317805
10.57762938230384,0.1095340952980875,-0.9939830382688281,0.8060475140878813,0.5918508300383925,-0.9155816108651149,0.4021322093842993
10.597662771285476,0.10953409577645437,-0.9939830382161133,0.806047514276782,0.5918508297811267,-0.915581610799932,0.40213220953270873
10.617696160267112,0.10953409634098522,-0.9939830381539037,0.8060475144997078,0.5918508294775219,-0.9155816107230084,0.40213220970784996
10.637729549248748,0.10953409694716272,-0.9939830380871046,0.8060475147390792,0.5918508291515195,-0.9155816106404098,0.4021322098959117
10.657762938230384,0.10953409753997927,-0.9939830380217779,0.8060475149731745,0.5918508288327028,-0.9155816105596318,0.40213221007982825
10.67779632721202,0.10953409805393696,-0.9939830379651413,0.8060475151761296,0.5918508285562962,-0.9155816104895994,0.40213221023927953
10.697829716193656,0.10953409841304765,-0.9939830379255683,0.8060475153179376,0.5918508283631665,-0.9155816104406664,0.40213221035069074
10.717863105175292,0.10953409853083287,-0.9939830379125887,0.8060475153644494,0.5918508282998216,-0.9155816104246169,0.4021322103872327
10.737896494156928,0.10953409831126547,-0.9939830379367844,0.8060475152777452,0.5918508284179049,-0.9155816104545355,0.40213221031911367
10.757929883138564,0.10953409784351964,-0.9939830379883287,0.8060475150930386,0.5918508286694587,-0.9155816105182711,0.40213221017399925
10.7779632721202,0.1095340972925462,-0.9939830380490444,0.8060475148754666,0.5918508289657723,-0.9155816105933474,0.40213221000306415
10.797996661101836,0.10953409672389466,-0.9939830381117082,0.8060475146509136,0.5918508292715932,-0.9155816106708325,0.40213220982664455
10.818030050083472,0.10953409619238766,-0.9939830381702787,0.8060475144410285,0.5918508295574377,-0.9155816107432564,0.4021322096617488
10.838063439065108,0.10953409574212104,-0.9939830382198968,0.8060475142632242,0.5918508297995911,-0.9155816108046103,0.4021322095220572
10.858096828046744,0.10953409540646385,-0.9939830382568853,0.8060475141306777,0.5918508299801076,-0.9155816108503474,0.4021322094179222
10.87813021702838,0.10953409520805826,-0.993983038278749,0.8060475140523299,0.5918508300868102,-0.9155816108773823,0.40213220935636845
10.898163606010016,0.1095340951588197,-0.9939830382841749,0.8060475140328862,0.5918508301132906,-0.9155816108840916,0.4021322093410926
10.918196994991652,0.10953409525993671,-0.9939830382730321,0.806047514072816,0.5918508300589099,-0.9155816108703133,0.40213220937246336
10.93823038397329,0.10953409550187103,-0.9939830382463716,0.8060475141683526,0.5918508299287976,-0.915581610837347,0.40213220944752154
10.958263772954925,0.1095340958643576,-0.9939830382064266,0.8060475143114938,0.5918508297338523,-0.9155816107879542,0.4021322095599801
10.978297161936561,0.1095340963164045,-0.9939830381566124,0.8060475144900011,0.5918508294907414,-0.9155816107263577,0.402132209700224
10.998330550918197,0.10953409681629303,-0.993983038101526,0.8060475146874004,0.5918508292219012,-0.9155816106582423,0.40213220985531045
11.018363939899833,0.10953409731157764,-0.9939830380469471,0.8060475148829818,0.5918508289555372,-0.9155816105907542,0.40213221000896854
11.03839732888147,0.10953409773908598,-0.9939830379998369,0.8060475150517991,0.5918508287256231,-0.9155816105325013,0.40213221014159956
11.058430717863105,0.10953409802491887,-0.9939830379683389,0.8060475151646707,0.5918508285719022,-0.9155816104935534,0.4021322102302769
11.078464106844741,0.1095340980844503,-0.9939830379617787,0.8060475151881789,0.5918508285398861,-0.9155816104854415,0.40213221024874607
11.098497495826377,0.10953409783955402,-0.9939830379887656,0.8060475150914727,0.5918508286715914,-0.9155816105188115,0.40213221017276896
11.118530884808013,0.10953409744889887,-0.9939830380318148,0.806047514937208,0.5918508288816858,-0.9155816105720426,0.40213221005157135
11.13856427378965,0.10953409701806764,-0.9939830380792911,0.8060475147670786,0.5918508291133869,-0.9155816106307483,0.40213220991790943
11.158597662771285,0.1095340965927241,-0.9939830381261627,0.806047514599116,0.5918508293421367,-0.915581610688706,0.40213220978595
11.178631051752921,0.10953409621038362,-0.9939830381682956,0.8060475144481348,0.5918508295477595,-0.9155816107408042,0.40213220966733193
11.198664440734557,0.10953409590041326,-0.9939830382024534,0.8060475143257316,0.5918508297144616,-0.9155816107830412,0.40213220957116613
11.218697829716193,0.10953409568403162,-0.9939830382262981,0.8060475142402854,0.5918508298308316,-0.9155816108125256,0.40213220950403544
11.23873121869783,0.10953409557430901,-0.9939830382383892,0.8060475141969574,0.5918508298898405,-0.9155816108274766,0.4021322094699949
11.258764607679465,0.10953409557616735,-0.9939830382381843,0.8060475141976913,0.5918508298888411,-0.9155816108272233,0.40213220947057143
11.278797996661101,0.10953409568638016,-0.9939830382260392,0.8060475142412128,0.5918508298295686,-0.9155816108122056,0.4021322095047641
11.298831385642737,0.1095340958935726,-0.9939830382032072,0.8060475143230303,0.5918508297181404,-0.9155816107839733,0.40213220956904383
11.318864774624373,0.1095340961782215,-0.9939830381718396,0.8060475144354344,0.5918508295650562,-0.9155816107451867,0.40213220965735386
11.338898163606009,0.10953409651265526,-0.993983038134986,0.8060475145674979,0.5918508293851977,-0.9155816106996163,0.40213220976110925
11.358931552587645,0.10953409686105396,-0.9939830380965935,0.806047514705076,0.5918508291978288,-0.915581610652143,0.4021322098691972
11.378964941569283,0.10953409717944929,-0.9939830380615072,0.8060475148308061,0.5918508290265958,-0.9155816106087582,0.4021322099679767
11.398998330550919,0.10953409741572454,-0.9939830380354704,0.806047514924108,0.5918508288995269,-0.9155816105765631,0.40213221004127925
11.419031719532555,0.10953409750961467,-0.9939830380251239,0.806047514961184,0.5918508288490327,-0.9155816105637694,0.4021322100704079
11.43906510851419,0.10953409739349325,-0.9939830380379202,0.8060475149153291,0.5918508289114829,-0.9155816105795922,0.40213221003438215
11.459098497495827,0.10953409712174214,-0.9939830380678664,0.8060475148080182,0.5918508290576308,-0.9155816106166214,0.4021322099500736
11.479131886477463,0.10953409679649695,-0.9939830381037075,0.8060475146795831,0.5918508292325476,-0.9155816106609397,0.4021322098491689
11.499165275459099,0.10953409645753455,-0.9939830381410601,0.8060475145457314,0.5918508294148417,-0.9155816107071271,0.4021322097440086
11.519198664440735,0.1095340961382622,-0.993983038176243,0.8060475144196549,0.5918508295865464,-0.9155816107506315,0.40213220964495694
11.53923205342237,0.10953409586571745,-0.9939830382062768,0.8060475143120306,0.5918508297331211,-0.9155816107877688,0.4021322095604022
11.559265442404007,0.10953409566056821,-0.9939830382288836,0.8060475142310198,0.5918508298434505,-0.9155816108157226,0.4021322094967563
11.579298831385643,0.10953409553711273,-0.993983038242488,0.8060475141822689,0.5918508299098448,-0.9155816108325449,0.40213220945845524
11.599332220367279,0.10953409550327954,-0.9939830382462164,0.8060475141689086,0.5918508299280403,-0.915581610837155,0.40213220944795874
11.619365609348915,0.10953409556062758,-0.9939830382398968,0.8060475141915546,0.5918508298971985,-0.9155816108293406,0.4021322094657505
11.63939899833055,0.10953409570434607,-0.9939830382240593,0.8060475142483072,0.5918508298199067,-0.9155816108097574,0.40213220951033796
11.659432387312187,0.10953409592325457,-0.9939830381999363,0.8060475143347513,0.5918508297021775,-0.9155816107799287,0.4021322095782525
11.679465776293823,0.10953409619980299,-0.9939830381694614,0.8060475144439566,0.5918508295534497,-0.915581610742246,0.40213220966404933
11.699499165275459,0.10953409651007155,-0.9939830381352707,0.8060475145664776,0.5918508293865872,-0.9155816106999684,0.4021322097603076
11.719532554257095,0.10953409682377084,-0.9939830381007019,0.8060475146903534,0.5918508292178796,-0.9155816106572234,0.4021322098576302
11.73956594323873,0.10953409710424172,-0.9939830380697948,0.8060475148011077,0.5918508290670422,-0.9155816106190061,0.40213220994464394
11.759599332220366,0.10953409730845547,-0.993983038047291,0.806047514881749,0.591850828957216,-0.9155816105911797,0.4021322100079996
11.779632721202002,0.10953409738701361,-0.9939830380386342,0.8060475149127706,0.5918508289149673,-0.9155816105804753,0.4021322100323716
11.799666110183638,0.10953409728462057,-0.9939830380499176,0.806047514872337,0.5918508289700344,-0.9155816105944276,0.402132210000605
11.819699499165276,0.10953409709918364,-0.9939830380703523,0.8060475147991103,0.5918508290697624,-0.9155816106196953,0.40213220994307475
11.839732888146912,0.10953409693934318,-0.9939830380879662,0.8060475147359915,0.5918508291557246,-0.9155816106414754,0.4021322098934855
11.859766277128548,0.10953409680532952,-0.9939830381027341,0.8060475146830712,0.5918508292277973,-0.9155816106597363,0.4021322098519089
11.879799666110184,0.10953409669634333,-0.9939830381147441,0.806047514640034,0.5918508292864101,-0.9155816106745869,0.40213220981809683
11.89983305509182,0.10953409661055559,-0.9939830381241976,0.8060475146061575,0.5918508293325467,-0.9155816106862764,0.4021322097914819
11.919866444073456,0.10953409654510761,-0.9939830381314099,0.806047514580313,0.5918508293677447,-0.9155816106951944,0.40213220977117725
11.939899833055092,0.10953409649611108,-0.9939830381368091,0.8060475145609649,0.5918508293940951,-0.9155816107018707,0.40213220975597647
11.959933222036728,0.10953409645864795,-0.9939830381409375,0.8060475145461712,0.5918508294142427,-0.9155816107069755,0.4021322097443539
11.979966611018364,0.10953409642677055,-0.9939830381444502,0.8060475145335831,0.5918508294313864,-0.9155816107113192,0.4021322097344642
12.0,0.10953409639350149,-0.9939830381481164,0.8060475145204457,0.5918508294492786,-0.9155816107158524,0.4021322097241427
