Region,Resource,Zone,Cluster,CapRes_1,CapRes_2,CapRes_3,AnnualSum
NENG_Rest,NENG_Rest_conventional_hydroelectric_1,1,1,5.0184401273718216e7,0.0,0.0,5.0184401273718216e7
NY_Z_A,NY_Z_A_conventional_hydroelectric_1,2,1,0.0,1.7358732374918458e8,0.0,1.7358732374918458e8
NY_Z_B,NY_Z_B_conventional_hydroelectric_1,3,1,0.0,0.0,0.0,0.0
NY_Z_C&E,NY_Z_C&E_conventional_hydroelectric_1,4,1,0.0,3.1049426181653887e6,0.0,3.1049426181653887e6
NY_Z_D,NY_Z_D_conventional_hydroelectric_1,5,1,0.0,8.312938461600363e7,0.0,8.312938461600363e7
NY_Z_F,NY_Z_F_conventional_hydroelectric_1,6,1,0.0,1.3071985951368969e7,0.0,1.3071985951368969e7
PJM_EMAC,PJM_EMAC_conventional_hydroelectric_1,10,1,0.0,0.0,1.4489931164090423e7,1.4489931164090423e7
PJM_Rest,PJM_Rest_conventional_hydroelectric_1,11,1,0.0,0.0,4.152692072346923e7,4.152692072346923e7
NENG_Rest,NENG_Rest_conventional_steam_coal_1,1,1,6.603968867899553e7,0.0,0.0,6.603968867899553e7
NENG_Rest,NENG_Rest_natural_gas_fired_combined_cycle_1,1,1,1.7073774077990152e7,0.0,0.0,1.7073774077990152e7
NENG_Rest,NENG_Rest_natural_gas_fired_combined_cycle_2,1,2,1.5851485365043004e9,0.0,0.0,1.5851485365043004e9
NENG_Rest,NENG_Rest_natural_gas_fired_combustion_turbine_1,1,1,1.4070373852794206e8,0.0,0.0,1.4070373852794206e8
NENG_Rest,NENG_Rest_natural_gas_fired_combustion_turbine_2,1,2,0.0,0.0,0.0,0.0
NENG_Rest,NENG_Rest_nuclear_1,1,1,6.762996223344651e7,0.0,0.0,6.762996223344651e7
NY_Z_A,NY_Z_A_natural_gas_fired_combined_cycle_1,2,1,0.0,0.0,0.0,0.0
NY_Z_A,NY_Z_A_natural_gas_fired_combustion_turbine_1,2,1,0.0,6.357508401586032e6,0.0,6.357508401586032e6
NY_Z_A,NY_Z_A_natural_gas_steam_turbine_1,2,1,0.0,6.086976129178116e6,0.0,6.086976129178116e6
NY_Z_B,NY_Z_B_natural_gas_fired_combined_cycle_1,3,1,0.0,1.922247409481175e-9,0.0,1.922247409481175e-9
NY_Z_B,NY_Z_B_natural_gas_fired_combustion_turbine_1,3,1,0.0,0.0,0.0,0.0
NY_Z_B,NY_Z_B_natural_gas_steam_turbine_1,3,1,0.0,-1.922247409481175e-9,0.0,-1.922247409481175e-9
NY_Z_B,NY_Z_B_nuclear_1,3,1,0.0,0.0,0.0,0.0
NY_Z_C&E,NY_Z_C&E_natural_gas_fired_combined_cycle_1,4,1,0.0,2.3917758203583878e8,0.0,2.3917758203583878e8
NY_Z_C&E,NY_Z_C&E_natural_gas_steam_turbine_1,4,1,0.0,1.922247409481175e-9,0.0,1.922247409481175e-9
NY_Z_C&E,NY_Z_C&E_nuclear_1,4,1,0.0,3.65218567750687e8,0.0,3.65218567750687e8
NY_Z_D,NY_Z_D_natural_gas_fired_combined_cycle_1,5,1,0.0,3.787451813710828e7,0.0,3.787451813710828e7
NY_Z_D,NY_Z_D_natural_gas_fired_combined_cycle_2,5,2,0.0,1.922247409481175e-9,0.0,1.922247409481175e-9
NY_Z_F,NY_Z_F_natural_gas_fired_combined_cycle_1,6,1,0.0,4.7340442348661274e8,0.0,4.7340442348661274e8
NY_Z_F,NY_Z_F_natural_gas_fired_combined_cycle_2,6,2,0.0,7.6889896379247e-9,0.0,7.6889896379247e-9
NY_Z_F,NY_Z_F_natural_gas_fired_combustion_turbine_1,6,1,0.0,0.0,0.0,0.0
NY_Z_G-I,NY_Z_G-I_natural_gas_fired_combined_cycle_1,7,1,0.0,1.0097617067625475e8,0.0,1.0097617067625475e8
NY_Z_G-I,NY_Z_G-I_natural_gas_fired_combined_cycle_2,7,2,0.0,0.0,0.0,0.0
NY_Z_G-I,NY_Z_G-I_natural_gas_fired_combustion_turbine_1,7,1,0.0,1.1335302213891689e7,0.0,1.1335302213891689e7
NY_Z_G-I,NY_Z_G-I_natural_gas_fired_combustion_turbine_2,7,2,0.0,3.3546001778581617e6,0.0,3.3546001778581617e6
NY_Z_J,NY_Z_J_natural_gas_fired_combined_cycle_1,8,1,0.0,1.0234235865191475e8,0.0,1.0234235865191475e8
NY_Z_J,NY_Z_J_natural_gas_fired_combined_cycle_2,8,2,0.0,3.825867396392752e8,0.0,3.825867396392752e8
NY_Z_J,NY_Z_J_natural_gas_fired_combustion_turbine_1,8,1,0.0,0.0,0.0,0.0
NY_Z_J,NY_Z_J_natural_gas_fired_combustion_turbine_2,8,2,0.0,2.1926640678661615e8,0.0,2.1926640678661615e8
NY_Z_K,NY_Z_K_natural_gas_fired_combined_cycle_1,9,1,0.0,2.977207657849119e7,0.0,2.977207657849119e7
NY_Z_K,NY_Z_K_natural_gas_fired_combined_cycle_2,9,2,0.0,7.140699330206951e7,0.0,7.140699330206951e7
NY_Z_K,NY_Z_K_natural_gas_fired_combustion_turbine_1,9,1,0.0,0.0,0.0,0.0
NY_Z_K,NY_Z_K_natural_gas_fired_combustion_turbine_2,9,2,0.0,-1.53779792758494e-8,0.0,-1.53779792758494e-8
PJM_EMAC,PJM_EMAC_conventional_steam_coal_1,10,1,0.0,0.0,0.0,0.0
PJM_EMAC,PJM_EMAC_natural_gas_fired_combined_cycle_1,10,1,0.0,0.0,2.451641078378287e8,2.451641078378287e8
PJM_EMAC,PJM_EMAC_natural_gas_fired_combined_cycle_2,10,2,0.0,0.0,1.485141006140904e9,1.485141006140904e9
PJM_EMAC,PJM_EMAC_natural_gas_fired_combined_cycle_3,10,3,0.0,0.0,0.0,0.0
PJM_EMAC,PJM_EMAC_natural_gas_fired_combustion_turbine_1,10,1,0.0,0.0,0.0,0.0
PJM_EMAC,PJM_EMAC_natural_gas_fired_combustion_turbine_2,10,2,0.0,0.0,-5.6919246730839853e-8,-5.6919246730839853e-8
PJM_EMAC,PJM_EMAC_natural_gas_steam_turbine_1,10,1,0.0,0.0,1.9107955635126835e8,1.9107955635126835e8
PJM_EMAC,PJM_EMAC_nuclear_1,10,1,0.0,0.0,4.3683194790117013e8,4.3683194790117013e8
PJM_EMAC,PJM_EMAC_nuclear_2,10,2,0.0,0.0,0.0,0.0
PJM_Rest,PJM_Rest_conventional_steam_coal_1,11,1,0.0,0.0,3.7053863188788204e9,3.7053863188788204e9
PJM_Rest,PJM_Rest_natural_gas_fired_combined_cycle_1,11,1,0.0,0.0,2.6709332195596194e8,2.6709332195596194e8
PJM_Rest,PJM_Rest_natural_gas_fired_combined_cycle_2,11,2,0.0,0.0,3.034893087212061e9,3.034893087212061e9
PJM_Rest,PJM_Rest_natural_gas_fired_combustion_turbine_1,11,1,0.0,0.0,7.695251620906574e7,7.695251620906574e7
PJM_Rest,PJM_Rest_natural_gas_fired_combustion_turbine_2,11,2,0.0,0.0,0.0,0.0
PJM_Rest,PJM_Rest_natural_gas_fired_combustion_turbine_3,11,3,0.0,0.0,0.0,0.0
PJM_Rest,PJM_Rest_natural_gas_fired_combustion_turbine_4,11,4,0.0,0.0,0.0,0.0
PJM_Rest,PJM_Rest_nuclear_1,11,1,0.0,0.0,3.711194055951203e8,3.711194055951203e8
NENG_Rest,NENG_Rest_naturalgas_ccavgcf_moderate_0,1,0,0.0,0.0,0.0,0.0
NENG_Rest,NENG_Rest_naturalgas_ctavgcf_moderate_0,1,0,0.0,0.0,0.0,0.0
NENG_Rest,NENG_Rest_nuclear_nuclear_moderate_0,1,0,0.0,0.0,0.0,0.0
NENG_Rest,NENG_Rest_naturalgas_ccs100_moderate_0,1,0,0.0,0.0,0.0,0.0
NY_Z_A,NY_Z_A_naturalgas_ccavgcf_moderate_0,2,0,0.0,0.0,0.0,0.0
NY_Z_A,NY_Z_A_naturalgas_ctavgcf_moderate_0,2,0,0.0,0.0,0.0,0.0
NY_Z_A,NY_Z_A_nuclear_nuclear_moderate_0,2,0,0.0,0.0,0.0,0.0
NY_Z_A,NY_Z_A_naturalgas_ccs100_moderate_0,2,0,0.0,0.0,0.0,0.0
NY_Z_B,NY_Z_B_naturalgas_ccavgcf_moderate_0,3,0,0.0,0.0,0.0,0.0
NY_Z_B,NY_Z_B_naturalgas_ctavgcf_moderate_0,3,0,0.0,0.0,0.0,0.0
NY_Z_B,NY_Z_B_nuclear_nuclear_moderate_0,3,0,0.0,0.0,0.0,0.0
NY_Z_B,NY_Z_B_naturalgas_ccs100_moderate_0,3,0,0.0,0.0,0.0,0.0
NY_Z_C&E,NY_Z_C&E_naturalgas_ccavgcf_moderate_0,4,0,0.0,0.0,0.0,0.0
NY_Z_C&E,NY_Z_C&E_naturalgas_ctavgcf_moderate_0,4,0,0.0,0.0,0.0,0.0
NY_Z_C&E,NY_Z_C&E_nuclear_nuclear_moderate_0,4,0,0.0,0.0,0.0,0.0
NY_Z_C&E,NY_Z_C&E_naturalgas_ccs100_moderate_0,4,0,0.0,0.0,0.0,0.0
NY_Z_D,NY_Z_D_naturalgas_ccavgcf_moderate_0,5,0,0.0,0.0,0.0,0.0
NY_Z_D,NY_Z_D_naturalgas_ctavgcf_moderate_0,5,0,0.0,0.0,0.0,0.0
NY_Z_D,NY_Z_D_nuclear_nuclear_moderate_0,5,0,0.0,0.0,0.0,0.0
NY_Z_D,NY_Z_D_naturalgas_ccs100_moderate_0,5,0,0.0,0.0,0.0,0.0
NY_Z_F,NY_Z_F_naturalgas_ccavgcf_moderate_0,6,0,0.0,0.0,0.0,0.0
NY_Z_F,NY_Z_F_naturalgas_ctavgcf_moderate_0,6,0,0.0,0.0,0.0,0.0
NY_Z_F,NY_Z_F_nuclear_nuclear_moderate_0,6,0,0.0,0.0,0.0,0.0
NY_Z_F,NY_Z_F_naturalgas_ccs100_moderate_0,6,0,0.0,0.0,0.0,0.0
NY_Z_G-I,NY_Z_G-I_naturalgas_ccavgcf_moderate_0,7,0,0.0,0.0,0.0,0.0
NY_Z_G-I,NY_Z_G-I_naturalgas_ctavgcf_moderate_0,7,0,0.0,0.0,0.0,0.0
NY_Z_G-I,NY_Z_G-I_nuclear_nuclear_moderate_0,7,0,0.0,0.0,0.0,0.0
NY_Z_G-I,NY_Z_G-I_naturalgas_ccs100_moderate_0,7,0,0.0,0.0,0.0,0.0
NY_Z_J,NY_Z_J_naturalgas_ccavgcf_moderate_0,8,0,0.0,0.0,0.0,0.0
NY_Z_J,NY_Z_J_naturalgas_ctavgcf_moderate_0,8,0,0.0,0.0,0.0,0.0
NY_Z_J,NY_Z_J_nuclear_nuclear_moderate_0,8,0,0.0,0.0,0.0,0.0
NY_Z_J,NY_Z_J_naturalgas_ccs100_moderate_0,8,0,0.0,0.0,0.0,0.0
NY_Z_K,NY_Z_K_naturalgas_ccavgcf_moderate_0,9,0,0.0,0.0,0.0,0.0
NY_Z_K,NY_Z_K_naturalgas_ctavgcf_moderate_0,9,0,0.0,0.0,0.0,0.0
NY_Z_K,NY_Z_K_nuclear_nuclear_moderate_0,9,0,0.0,0.0,0.0,0.0
NY_Z_K,NY_Z_K_naturalgas_ccs100_moderate_0,9,0,0.0,0.0,0.0,0.0
PJM_EMAC,PJM_EMAC_naturalgas_ccavgcf_moderate_0,10,0,0.0,0.0,4.858222552805685e8,4.858222552805685e8
PJM_EMAC,PJM_EMAC_naturalgas_ctavgcf_moderate_0,10,0,0.0,0.0,0.0,0.0
PJM_EMAC,PJM_EMAC_nuclear_nuclear_moderate_0,10,0,0.0,0.0,0.0,0.0
PJM_EMAC,PJM_EMAC_naturalgas_ccs100_moderate_0,10,0,0.0,0.0,0.0,0.0
PJM_Rest,PJM_Rest_naturalgas_ccccsavgcf_moderate_0,11,0,0.0,0.0,0.0,0.0
PJM_Rest,PJM_Rest_naturalgas_ccavgcf_moderate_0,11,0,0.0,0.0,2.9270044493775477e9,2.9270044493775477e9
PJM_Rest,PJM_Rest_naturalgas_ctavgcf_moderate_0,11,0,0.0,0.0,0.0,0.0
PJM_Rest,PJM_Rest_nuclear_nuclear_moderate_0,11,0,0.0,0.0,0.0,0.0
PJM_Rest,PJM_Rest_naturalgas_ccs100_moderate_0,11,0,0.0,0.0,0.0,0.0
NENG_Rest,NENG_Rest_offshore_wind_turbine_1,1,1,3.800192229183618e6,0.0,0.0,3.800192229183618e6
NENG_Rest,NENG_Rest_onshore_wind_turbine_1,1,1,9.23312901144864e6,0.0,0.0,9.23312901144864e6
NENG_Rest,NENG_Rest_solar_photovoltaic_1,1,1,1.1477803367991421e7,0.0,0.0,1.1477803367991421e7
NY_Z_A,NY_Z_A_onshore_wind_turbine_1,2,1,0.0,1.0207978847834283e6,0.0,1.0207978847834283e6
NY_Z_A,NY_Z_A_solar_photovoltaic_1,2,1,0.0,59361.16389812865,0.0,59361.16389812865
NY_Z_B,NY_Z_B_onshore_wind_turbine_1,3,1,0.0,0.0,0.0,0.0
NY_Z_B,NY_Z_B_solar_photovoltaic_1,3,1,0.0,35564.26327336831,0.0,35564.26327336831
NY_Z_C&E,NY_Z_C&E_onshore_wind_turbine_1,4,1,0.0,2.6347821494890433e7,0.0,2.6347821494890433e7
NY_Z_C&E,NY_Z_C&E_solar_photovoltaic_1,4,1,0.0,715904.6847857083,0.0,715904.6847857083
NY_Z_D,NY_Z_D_onshore_wind_turbine_1,5,1,0.0,5.851481378202323e6,0.0,5.851481378202323e6
NY_Z_D,NY_Z_D_solar_photovoltaic_1,5,1,0.0,28207.818583033095,0.0,28207.818583033095
NY_Z_F,NY_Z_F_solar_photovoltaic_1,6,1,0.0,139419.86388376183,0.0,139419.86388376183
NY_Z_G-I,NY_Z_G-I_solar_photovoltaic_1,7,1,0.0,102691.96724768837,0.0,102691.96724768837
PJM_EMAC,PJM_EMAC_solar_photovoltaic_1,10,1,0.0,0.0,1.0852243783556094e7,1.0852243783556094e7
PJM_Rest,PJM_Rest_onshore_wind_turbine_1,11,1,0.0,0.0,8.119937705026811e7,8.119937705026811e7
PJM_Rest,PJM_Rest_solar_photovoltaic_1,11,1,0.0,0.0,1.3055336167596338e7,1.3055336167596338e7
NENG_Rest,NENG_Rest_offshorewind_class3_advanced_fixed_1_0,1,0,2.476012683023147e8,0.0,0.0,2.476012683023147e8
NENG_Rest,NENG_Rest_offshorewind_class3_advanced_fixed_1_1,1,1,9.785991902855846e7,0.0,0.0,9.785991902855846e7
NENG_Rest,NENG_Rest_offshorewind_class3_advanced_fixed_1_2,1,2,0.0,0.0,0.0,0.0
NENG_Rest,NENG_Rest_offshorewind_class3_advanced_fixed_1_3,1,3,5.616730626339657e7,0.0,0.0,5.616730626339657e7
NENG_Rest,NENG_Rest_offshorewind_class3_advanced_fixed_1_4,1,4,0.0,0.0,0.0,0.0
NENG_Rest,NENG_Rest_offshorewind_class3_advanced_fixed_1_5,1,5,0.0,0.0,0.0,0.0
NENG_Rest,NENG_Rest_offshorewind_class3_advanced_fixed_0_0,1,0,0.0,0.0,0.0,0.0
NENG_Rest,NENG_Rest_offshorewind_class3_advanced_fixed_0_1,1,1,0.0,0.0,0.0,0.0
NENG_Rest,NENG_Rest_offshorewind_class3_advanced_fixed_0_2,1,2,0.0,0.0,0.0,0.0
NENG_Rest,NENG_Rest_offshorewind_class3_advanced_fixed_0_3,1,3,0.0,0.0,0.0,0.0
NENG_Rest,NENG_Rest_offshorewind_class3_advanced_fixed_0_4,1,4,0.0,0.0,0.0,0.0
NENG_Rest,NENG_Rest_offshorewind_class3_advanced_fixed_0_5,1,5,0.0,0.0,0.0,0.0
NENG_Rest,NENG_Rest_offshorewind_class12_advanced_floating_0_0,1,0,0.0,0.0,0.0,0.0
NENG_Rest,NENG_Rest_offshorewind_class12_advanced_floating_0_1,1,1,0.0,0.0,0.0,0.0
NENG_Rest,NENG_Rest_offshorewind_class12_advanced_floating_0_2,1,2,0.0,0.0,0.0,0.0
NENG_Rest,NENG_Rest_offshorewind_class12_advanced_floating_0_3,1,3,0.0,0.0,0.0,0.0
NENG_Rest,NENG_Rest_offshorewind_class12_advanced_floating_0_4,1,4,0.0,0.0,0.0,0.0
NENG_Rest,NENG_Rest_offshorewind_class12_advanced_floating_0_5,1,5,0.0,0.0,0.0,0.0
NENG_Rest,NENG_Rest_offshorewind_class12_advanced_floating_1_0,1,0,0.0,0.0,0.0,0.0
NENG_Rest,NENG_Rest_offshorewind_class12_advanced_floating_1_1,1,1,0.0,0.0,0.0,0.0
NENG_Rest,NENG_Rest_offshorewind_class12_advanced_floating_1_2,1,2,0.0,0.0,0.0,0.0
NENG_Rest,NENG_Rest_offshorewind_class12_advanced_floating_1_3,1,3,0.0,0.0,0.0,0.0
NENG_Rest,NENG_Rest_offshorewind_class12_advanced_floating_1_4,1,4,0.0,0.0,0.0,0.0
NENG_Rest,NENG_Rest_offshorewind_class12_advanced_floating_1_5,1,5,0.0,0.0,0.0,0.0
NENG_Rest,NENG_Rest_landbasedwind_class1_advanced_1,1,1,992721.5097055148,0.0,0.0,992721.5097055148
NENG_Rest,NENG_Rest_landbasedwind_class1_advanced_2,1,2,1.5181106869965076e8,0.0,0.0,1.5181106869965076e8
NENG_Rest,NENG_Rest_landbasedwind_class1_advanced_3,1,3,0.0,0.0,0.0,0.0
NENG_Rest,NENG_Rest_landbasedwind_class1_advanced_4,1,4,0.0,0.0,0.0,0.0
NENG_Rest,NENG_Rest_landbasedwind_class1_advanced_5,1,5,0.0,0.0,0.0,0.0
NENG_Rest,NENG_Rest_landbasedwind_class1_advanced_6,1,6,0.0,0.0,0.0,0.0
NENG_Rest,NENG_Rest_utilitypv_class1_advanced_1,1,1,0.0,0.0,0.0,0.0
NENG_Rest,NENG_Rest_utilitypv_class1_advanced_2,1,2,7.864756219901738e7,0.0,0.0,7.864756219901738e7
NENG_Rest,NENG_Rest_utilitypv_class1_advanced_3,1,3,0.0,0.0,0.0,0.0
NENG_Rest,NENG_Rest_utilitypv_class1_advanced_4,1,4,0.0,0.0,0.0,0.0
NENG_Rest,NENG_Rest_utilitypv_class1_advanced_5,1,5,0.0,0.0,0.0,0.0
NENG_Rest,NENG_Rest_utilitypv_class1_advanced_6,1,6,0.0,0.0,0.0,0.0
NY_Z_A,NY_Z_A_landbasedwind_class1_advanced_1,2,1,0.0,0.0,0.0,0.0
NY_Z_A,NY_Z_A_landbasedwind_class1_advanced_2,2,2,0.0,0.0,0.0,0.0
NY_Z_A,NY_Z_A_landbasedwind_class1_advanced_3,2,3,0.0,0.0,0.0,0.0
NY_Z_A,NY_Z_A_landbasedwind_class1_advanced_4,2,4,0.0,0.0,0.0,0.0
NY_Z_A,NY_Z_A_landbasedwind_class1_advanced_5,2,5,0.0,0.0,0.0,0.0
NY_Z_A,NY_Z_A_landbasedwind_class1_advanced_6,2,6,0.0,0.0,0.0,0.0
NY_Z_A,NY_Z_A_utilitypv_class1_advanced_1,2,1,0.0,0.0,0.0,0.0
NY_Z_A,NY_Z_A_utilitypv_class1_advanced_2,2,2,0.0,0.0,0.0,0.0
NY_Z_A,NY_Z_A_utilitypv_class1_advanced_3,2,3,0.0,0.0,0.0,0.0
NY_Z_A,NY_Z_A_utilitypv_class1_advanced_4,2,4,0.0,0.0,0.0,0.0
NY_Z_A,NY_Z_A_utilitypv_class1_advanced_5,2,5,0.0,0.0,0.0,0.0
NY_Z_A,NY_Z_A_utilitypv_class1_advanced_6,2,6,0.0,0.0,0.0,0.0
NY_Z_B,NY_Z_B_landbasedwind_class1_advanced_1,3,1,0.0,0.0,0.0,0.0
NY_Z_B,NY_Z_B_landbasedwind_class1_advanced_2,3,2,0.0,0.0,0.0,0.0
NY_Z_B,NY_Z_B_landbasedwind_class1_advanced_3,3,3,0.0,0.0,0.0,0.0
NY_Z_B,NY_Z_B_landbasedwind_class1_advanced_4,3,4,0.0,0.0,0.0,0.0
NY_Z_B,NY_Z_B_landbasedwind_class1_advanced_5,3,5,0.0,0.0,0.0,0.0
NY_Z_B,NY_Z_B_landbasedwind_class1_advanced_6,3,6,0.0,0.0,0.0,0.0
NY_Z_B,NY_Z_B_utilitypv_class1_advanced_1,3,1,0.0,1.1427903357210709e8,0.0,1.1427903357210709e8
NY_Z_B,NY_Z_B_utilitypv_class1_advanced_2,3,2,0.0,0.0,0.0,0.0
NY_Z_B,NY_Z_B_utilitypv_class1_advanced_3,3,3,0.0,0.0,0.0,0.0
NY_Z_B,NY_Z_B_utilitypv_class1_advanced_4,3,4,0.0,0.0,0.0,0.0
NY_Z_B,NY_Z_B_utilitypv_class1_advanced_5,3,5,0.0,0.0,0.0,0.0
NY_Z_B,NY_Z_B_utilitypv_class1_advanced_6,3,6,0.0,0.0,0.0,0.0
NY_Z_C&E,NY_Z_C&E_landbasedwind_class1_advanced_1,4,1,0.0,0.0,0.0,0.0
NY_Z_C&E,NY_Z_C&E_landbasedwind_class1_advanced_2,4,2,0.0,0.0,0.0,0.0
NY_Z_C&E,NY_Z_C&E_landbasedwind_class1_advanced_3,4,3,0.0,0.0,0.0,0.0
NY_Z_C&E,NY_Z_C&E_landbasedwind_class1_advanced_4,4,4,0.0,0.0,0.0,0.0
NY_Z_C&E,NY_Z_C&E_landbasedwind_class1_advanced_5,4,5,0.0,0.0,0.0,0.0
NY_Z_C&E,NY_Z_C&E_landbasedwind_class1_advanced_6,4,6,0.0,0.0,0.0,0.0
NY_Z_C&E,NY_Z_C&E_utilitypv_class1_advanced_1,4,1,0.0,4.5031306698044485e8,0.0,4.5031306698044485e8
NY_Z_C&E,NY_Z_C&E_utilitypv_class1_advanced_2,4,2,0.0,0.0,0.0,0.0
NY_Z_C&E,NY_Z_C&E_utilitypv_class1_advanced_3,4,3,0.0,0.0,0.0,0.0
NY_Z_C&E,NY_Z_C&E_utilitypv_class1_advanced_4,4,4,0.0,0.0,0.0,0.0
NY_Z_C&E,NY_Z_C&E_utilitypv_class1_advanced_5,4,5,0.0,0.0,0.0,0.0
NY_Z_C&E,NY_Z_C&E_utilitypv_class1_advanced_6,4,6,0.0,0.0,0.0,0.0
NY_Z_D,NY_Z_D_landbasedwind_class1_advanced_1,5,1,0.0,0.0,0.0,0.0
NY_Z_D,NY_Z_D_landbasedwind_class1_advanced_2,5,2,0.0,4.1281073849819966e7,0.0,4.1281073849819966e7
NY_Z_D,NY_Z_D_landbasedwind_class1_advanced_3,5,3,0.0,0.0,0.0,0.0
NY_Z_D,NY_Z_D_landbasedwind_class1_advanced_4,5,4,0.0,0.0,0.0,0.0
NY_Z_D,NY_Z_D_landbasedwind_class1_advanced_5,5,5,0.0,0.0,0.0,0.0
NY_Z_D,NY_Z_D_landbasedwind_class1_advanced_6,5,6,0.0,0.0,0.0,0.0
NY_Z_D,NY_Z_D_utilitypv_class1_advanced_1,5,1,0.0,0.0,0.0,0.0
NY_Z_D,NY_Z_D_utilitypv_class1_advanced_2,5,2,0.0,0.0,0.0,0.0
NY_Z_D,NY_Z_D_utilitypv_class1_advanced_3,5,3,0.0,0.0,0.0,0.0
NY_Z_D,NY_Z_D_utilitypv_class1_advanced_4,5,4,0.0,0.0,0.0,0.0
NY_Z_D,NY_Z_D_utilitypv_class1_advanced_5,5,5,0.0,0.0,0.0,0.0
NY_Z_D,NY_Z_D_utilitypv_class1_advanced_6,5,6,0.0,0.0,0.0,0.0
NY_Z_F,NY_Z_F_landbasedwind_class1_advanced_1,6,1,0.0,0.0,0.0,0.0
NY_Z_F,NY_Z_F_landbasedwind_class1_advanced_2,6,2,0.0,0.0,0.0,0.0
NY_Z_F,NY_Z_F_landbasedwind_class1_advanced_3,6,3,0.0,0.0,0.0,0.0
NY_Z_F,NY_Z_F_landbasedwind_class1_advanced_4,6,4,0.0,0.0,0.0,0.0
NY_Z_F,NY_Z_F_landbasedwind_class1_advanced_5,6,5,0.0,0.0,0.0,0.0
NY_Z_F,NY_Z_F_landbasedwind_class1_advanced_6,6,6,0.0,0.0,0.0,0.0
NY_Z_F,NY_Z_F_utilitypv_class1_advanced_1,6,1,0.0,7.184271619691013e7,0.0,7.184271619691013e7
NY_Z_F,NY_Z_F_utilitypv_class1_advanced_2,6,2,0.0,0.0,0.0,0.0
NY_Z_F,NY_Z_F_utilitypv_class1_advanced_3,6,3,0.0,0.0,0.0,0.0
NY_Z_F,NY_Z_F_utilitypv_class1_advanced_4,6,4,0.0,0.0,0.0,0.0
NY_Z_F,NY_Z_F_utilitypv_class1_advanced_5,6,5,0.0,0.0,0.0,0.0
NY_Z_F,NY_Z_F_utilitypv_class1_advanced_6,6,6,0.0,0.0,0.0,0.0
NY_Z_G-I,NY_Z_G-I_landbasedwind_class1_advanced_1,7,1,0.0,0.0,0.0,0.0
NY_Z_G-I,NY_Z_G-I_landbasedwind_class1_advanced_2,7,2,0.0,801648.4623300151,0.0,801648.4623300151
NY_Z_G-I,NY_Z_G-I_landbasedwind_class1_advanced_3,7,3,0.0,0.0,0.0,0.0
NY_Z_G-I,NY_Z_G-I_landbasedwind_class1_advanced_4,7,4,0.0,0.0,0.0,0.0
NY_Z_G-I,NY_Z_G-I_landbasedwind_class1_advanced_5,7,5,0.0,0.0,0.0,0.0
NY_Z_G-I,NY_Z_G-I_landbasedwind_class1_advanced_6,7,6,0.0,0.0,0.0,0.0
NY_Z_G-I,NY_Z_G-I_utilitypv_class1_advanced_1,7,1,0.0,1.696801002129149e7,0.0,1.696801002129149e7
NY_Z_G-I,NY_Z_G-I_utilitypv_class1_advanced_2,7,2,0.0,2.552564421934126e7,0.0,2.552564421934126e7
NY_Z_G-I,NY_Z_G-I_utilitypv_class1_advanced_3,7,3,0.0,0.0,0.0,0.0
NY_Z_G-I,NY_Z_G-I_utilitypv_class1_advanced_4,7,4,0.0,0.0,0.0,0.0
NY_Z_G-I,NY_Z_G-I_utilitypv_class1_advanced_5,7,5,0.0,0.0,0.0,0.0
NY_Z_G-I,NY_Z_G-I_utilitypv_class1_advanced_6,7,6,0.0,0.0,0.0,0.0
NY_Z_J,NY_Z_J_offshorewind_class3_advanced_fixed_1_0,8,0,0.0,9.80906032830949e6,0.0,9.80906032830949e6
NY_Z_J,NY_Z_J_offshorewind_class3_advanced_fixed_1_1,8,1,0.0,2.2953622598552454e7,0.0,2.2953622598552454e7
NY_Z_J,NY_Z_J_offshorewind_class3_advanced_fixed_1_2,8,2,0.0,3.2291328236361444e7,0.0,3.2291328236361444e7
NY_Z_J,NY_Z_J_offshorewind_class3_advanced_fixed_1_3,8,3,0.0,1.3649303354522694e7,0.0,1.3649303354522694e7
NY_Z_J,NY_Z_J_offshorewind_class3_advanced_fixed_1_4,8,4,0.0,4.25109555456616e7,0.0,4.25109555456616e7
NY_Z_J,NY_Z_J_offshorewind_class3_advanced_fixed_1_5,8,5,0.0,1.2185466931566073e7,0.0,1.2185466931566073e7
NY_Z_J,NY_Z_J_offshorewind_class3_advanced_fixed_0_0,8,0,0.0,1.0717526679402241e7,0.0,1.0717526679402241e7
NY_Z_J,NY_Z_J_offshorewind_class3_advanced_fixed_0_1,8,1,0.0,3.2530061395372474e6,0.0,3.2530061395372474e6
NY_Z_J,NY_Z_J_offshorewind_class3_advanced_fixed_0_2,8,2,0.0,1.1088608270752735e7,0.0,1.1088608270752735e7
NY_Z_J,NY_Z_J_offshorewind_class3_advanced_fixed_0_3,8,3,0.0,6.765342849423605e6,0.0,6.765342849423605e6
NY_Z_J,NY_Z_J_offshorewind_class3_advanced_fixed_0_4,8,4,0.0,1.430881906075587e7,0.0,1.430881906075587e7
NY_Z_J,NY_Z_J_offshorewind_class3_advanced_fixed_0_5,8,5,0.0,3.5105063539950848e6,0.0,3.5105063539950848e6
NY_Z_J,NY_Z_J_offshorewind_class12_advanced_floating_0_0,8,0,0.0,0.0,0.0,0.0
NY_Z_J,NY_Z_J_offshorewind_class12_advanced_floating_0_1,8,1,0.0,0.0,0.0,0.0
NY_Z_J,NY_Z_J_offshorewind_class12_advanced_floating_0_2,8,2,0.0,0.0,0.0,0.0
NY_Z_J,NY_Z_J_offshorewind_class12_advanced_floating_0_3,8,3,0.0,0.0,0.0,0.0
NY_Z_J,NY_Z_J_offshorewind_class12_advanced_floating_0_4,8,4,0.0,0.0,0.0,0.0
NY_Z_J,NY_Z_J_offshorewind_class12_advanced_floating_0_5,8,5,0.0,0.0,0.0,0.0
NY_Z_J,NY_Z_J_offshorewind_class12_advanced_floating_1_0,8,0,0.0,0.0,0.0,0.0
NY_Z_J,NY_Z_J_offshorewind_class12_advanced_floating_1_1,8,1,0.0,0.0,0.0,0.0
NY_Z_J,NY_Z_J_offshorewind_class12_advanced_floating_1_2,8,2,0.0,0.0,0.0,0.0
NY_Z_J,NY_Z_J_offshorewind_class12_advanced_floating_1_3,8,3,0.0,0.0,0.0,0.0
NY_Z_J,NY_Z_J_offshorewind_class12_advanced_floating_1_4,8,4,0.0,0.0,0.0,0.0
NY_Z_J,NY_Z_J_offshorewind_class12_advanced_floating_1_5,8,5,0.0,0.0,0.0,0.0
NY_Z_K,NY_Z_K_utilitypv_class1_advanced_1,9,1,0.0,0.0,0.0,0.0
PJM_EMAC,PJM_EMAC_offshorewind_class3_advanced_fixed_1_0,10,0,0.0,0.0,0.0,0.0
PJM_EMAC,PJM_EMAC_offshorewind_class3_advanced_fixed_1_1,10,1,0.0,0.0,0.0,0.0
PJM_EMAC,PJM_EMAC_offshorewind_class3_advanced_fixed_1_2,10,2,0.0,0.0,0.0,0.0
PJM_EMAC,PJM_EMAC_offshorewind_class3_advanced_fixed_1_3,10,3,0.0,0.0,0.0,0.0
PJM_EMAC,PJM_EMAC_offshorewind_class3_advanced_fixed_1_4,10,4,0.0,0.0,1.9391797955475184e8,1.9391797955475184e8
PJM_EMAC,PJM_EMAC_offshorewind_class3_advanced_fixed_1_5,10,5,0.0,0.0,0.0,0.0
PJM_EMAC,PJM_EMAC_offshorewind_class3_advanced_fixed_0_0,10,0,0.0,0.0,0.0,0.0
PJM_EMAC,PJM_EMAC_offshorewind_class3_advanced_fixed_0_1,10,1,0.0,0.0,0.0,0.0
PJM_EMAC,PJM_EMAC_offshorewind_class3_advanced_fixed_0_2,10,2,0.0,0.0,0.0,0.0
PJM_EMAC,PJM_EMAC_offshorewind_class3_advanced_fixed_0_3,10,3,0.0,0.0,0.0,0.0
PJM_EMAC,PJM_EMAC_offshorewind_class3_advanced_fixed_0_4,10,4,0.0,0.0,0.0,0.0
PJM_EMAC,PJM_EMAC_offshorewind_class3_advanced_fixed_0_5,10,5,0.0,0.0,0.0,0.0
PJM_EMAC,PJM_EMAC_offshorewind_class12_advanced_floating_0_0,10,0,0.0,0.0,0.0,0.0
PJM_EMAC,PJM_EMAC_offshorewind_class12_advanced_floating_0_1,10,1,0.0,0.0,0.0,0.0
PJM_EMAC,PJM_EMAC_offshorewind_class12_advanced_floating_0_2,10,2,0.0,0.0,0.0,0.0
PJM_EMAC,PJM_EMAC_offshorewind_class12_advanced_floating_0_3,10,3,0.0,0.0,0.0,0.0
PJM_EMAC,PJM_EMAC_offshorewind_class12_advanced_floating_0_4,10,4,0.0,0.0,0.0,0.0
PJM_EMAC,PJM_EMAC_offshorewind_class12_advanced_floating_0_5,10,5,0.0,0.0,0.0,0.0
PJM_EMAC,PJM_EMAC_landbasedwind_class1_advanced_1,10,1,0.0,0.0,0.0,0.0
PJM_EMAC,PJM_EMAC_landbasedwind_class1_advanced_2,10,2,0.0,0.0,0.0,0.0
PJM_EMAC,PJM_EMAC_landbasedwind_class1_advanced_3,10,3,0.0,0.0,0.0,0.0
PJM_EMAC,PJM_EMAC_landbasedwind_class1_advanced_4,10,4,0.0,0.0,0.0,0.0
PJM_EMAC,PJM_EMAC_landbasedwind_class1_advanced_5,10,5,0.0,0.0,0.0,0.0
PJM_EMAC,PJM_EMAC_landbasedwind_class1_advanced_6,10,6,0.0,0.0,0.0,0.0
PJM_EMAC,PJM_EMAC_utilitypv_class1_advanced_1,10,1,0.0,0.0,0.0,0.0
PJM_EMAC,PJM_EMAC_utilitypv_class1_advanced_2,10,2,0.0,0.0,0.0,0.0
PJM_EMAC,PJM_EMAC_utilitypv_class1_advanced_3,10,3,0.0,0.0,0.0,0.0
PJM_EMAC,PJM_EMAC_utilitypv_class1_advanced_4,10,4,0.0,0.0,0.0,0.0
PJM_EMAC,PJM_EMAC_utilitypv_class1_advanced_5,10,5,0.0,0.0,0.0,0.0
PJM_EMAC,PJM_EMAC_utilitypv_class1_advanced_6,10,6,0.0,0.0,0.0,0.0
PJM_Rest,PJM_Rest_landbasedwind_class1_advanced_1,11,1,0.0,0.0,0.0,0.0
PJM_Rest,PJM_Rest_landbasedwind_class1_advanced_2,11,2,0.0,0.0,4.627854728174362e8,4.627854728174362e8
PJM_Rest,PJM_Rest_landbasedwind_class1_advanced_3,11,3,0.0,0.0,0.0,0.0
PJM_Rest,PJM_Rest_landbasedwind_class1_advanced_4,11,4,0.0,0.0,5.815625234846674e8,5.815625234846674e8
PJM_Rest,PJM_Rest_landbasedwind_class1_advanced_5,11,5,0.0,0.0,0.0,0.0
PJM_Rest,PJM_Rest_landbasedwind_class1_advanced_6,11,6,0.0,0.0,0.0,0.0
PJM_Rest,PJM_Rest_utilitypv_class1_advanced_1,11,1,0.0,0.0,0.0,0.0
PJM_Rest,PJM_Rest_utilitypv_class1_advanced_2,11,2,0.0,0.0,9.898345340200087e8,9.898345340200087e8
PJM_Rest,PJM_Rest_utilitypv_class1_advanced_3,11,3,0.0,0.0,0.0,0.0
PJM_Rest,PJM_Rest_utilitypv_class1_advanced_4,11,4,0.0,0.0,0.0,0.0
PJM_Rest,PJM_Rest_utilitypv_class1_advanced_5,11,5,0.0,0.0,0.0,0.0
PJM_Rest,PJM_Rest_utilitypv_class1_advanced_6,11,6,0.0,0.0,0.0,0.0
NENG_Rest,NENG_Rest_hydroelectric_pumped_storage_1,1,1,2.1473484188354856e8,0.0,0.0,2.1473484188354856e8
NY_Z_A,NY_Z_A_hydroelectric_pumped_storage_1,2,1,0.0,2.296419977720638e7,0.0,2.296419977720638e7
NY_Z_F,NY_Z_F_hydroelectric_pumped_storage_1,6,1,0.0,1.1248000399789684e8,0.0,1.1248000399789684e8
PJM_EMAC,PJM_EMAC_hydroelectric_pumped_storage_1,10,1,0.0,0.0,1.815019945109832e8,1.815019945109832e8
PJM_Rest,PJM_Rest_hydroelectric_pumped_storage_1,11,1,0.0,0.0,4.496301716832228e8,4.496301716832228e8
NENG_Rest,NENG_Rest_battery_advanced_0,1,0,6.848197686957183e7,0.0,0.0,6.848197686957183e7
NY_Z_A,NY_Z_A_battery_advanced_0,2,0,0.0,0.0,0.0,0.0
NY_Z_B,NY_Z_B_battery_advanced_0,3,0,0.0,6.3834892739518e7,0.0,6.3834892739518e7
NY_Z_C&E,NY_Z_C&E_battery_advanced_0,4,0,0.0,3.2659059112148434e8,0.0,3.2659059112148434e8
NY_Z_D,NY_Z_D_battery_advanced_0,5,0,0.0,1.7206725390007567e7,0.0,1.7206725390007567e7
NY_Z_F,NY_Z_F_battery_advanced_0,6,0,0.0,0.0,0.0,0.0
NY_Z_G-I,NY_Z_G-I_battery_advanced_0,7,0,0.0,5.888736996733854e7,0.0,5.888736996733854e7
NY_Z_J,NY_Z_J_battery_advanced_0,8,0,0.0,6.139231108792002e-27,0.0,6.139231108792002e-27
NY_Z_K,NY_Z_K_battery_advanced_0,9,0,0.0,1.701731372648596e-10,0.0,1.701731372648596e-10
PJM_EMAC,PJM_EMAC_battery_advanced_0,10,0,0.0,0.0,3.638638354731408e7,3.638638354731408e7
PJM_Rest,PJM_Rest_battery_advanced_0,11,0,0.0,0.0,5.2255348564594656e7,5.2255348564594656e7
NY_Z_A,NY_Z_A_res_water_heat_1,2,1,0.0,0.0,0.0,0.0
NY_Z_B,NY_Z_B_res_water_heat_1,3,1,0.0,0.0,0.0,0.0
NY_Z_C&E,NY_Z_C&E_res_water_heat_1,4,1,-0.0,-0.0,0.0,0.0
NY_Z_D,NY_Z_D_res_water_heat_1,5,1,-0.0,-0.0,0.0,0.0
NY_Z_F,NY_Z_F_res_water_heat_1,6,1,0.0,-0.0,0.0,0.0
NY_Z_G-I,NY_Z_G-I_res_water_heat_1,7,1,-0.0,-0.0,-0.0,0.0
NY_Z_J,NY_Z_J_res_water_heat_1,8,1,-0.0,-0.0,0.0,0.0
NY_Z_K,NY_Z_K_res_water_heat_1,9,1,0.0,0.0,0.0,0.0
PJM_EMAC,PJM_EMAC_res_water_heat_1,10,1,0.0,-0.0,-0.0,0.0
PJM_Rest,PJM_Rest_res_water_heat_1,11,1,0.0,0.0,0.0,0.0
NENG_Rest,NENG_Rest_res_water_heat_1,1,1,0.0,0.0,0.0,0.0
NY_Z_A,NY_Z_A_trans_light_duty_1,2,1,0.0,0.0,0.0,0.0
NY_Z_B,NY_Z_B_trans_light_duty_1,3,1,0.0,0.0,0.0,0.0
NY_Z_C&E,NY_Z_C&E_trans_light_duty_1,4,1,0.0,0.0,0.0,0.0
NY_Z_D,NY_Z_D_trans_light_duty_1,5,1,0.0,0.0,0.0,0.0
NY_Z_F,NY_Z_F_trans_light_duty_1,6,1,0.0,0.0,0.0,0.0
NY_Z_G-I,NY_Z_G-I_trans_light_duty_1,7,1,0.0,-0.0,0.0,0.0
NY_Z_J,NY_Z_J_trans_light_duty_1,8,1,0.0,0.0,0.0,0.0
NY_Z_K,NY_Z_K_trans_light_duty_1,9,1,0.0,0.0,0.0,0.0
PJM_EMAC,PJM_EMAC_trans_light_duty_1,10,1,0.0,0.0,-0.0,0.0
PJM_Rest,PJM_Rest_trans_light_duty_1,11,1,0.0,0.0,0.0,0.0
NENG_Rest,NENG_Rest_trans_light_duty_1,1,1,-0.0,0.0,0.0,0.0
NENG_Rest,NENG_Rest_biomass_1,1,1,4.598654120341012e6,0.0,0.0,4.598654120341012e6
NENG_Rest,NENG_Rest_biomass_2,1,2,8.729904051401462e6,0.0,0.0,8.729904051401462e6
NENG_Rest,NENG_Rest_biomass_3,1,3,1.6359146624819666e7,0.0,0.0,1.6359146624819666e7
NENG_Rest,NENG_Rest_small_hydroelectric_1,1,1,1.6150547260834448e7,0.0,0.0,1.6150547260834448e7
NY_Z_A,NY_Z_A_biomass_1,2,1,0.0,3.341073564237764e6,0.0,3.341073564237764e6
NY_Z_A,NY_Z_A_small_hydroelectric_1,2,1,0.0,61713.20367538602,0.0,61713.20367538602
NY_Z_B,NY_Z_B_biomass_1,3,1,0.0,1.528507339104726e6,0.0,1.528507339104726e6
NY_Z_B,NY_Z_B_small_hydroelectric_1,3,1,0.0,3.0874520809636842e6,0.0,3.0874520809636842e6
NY_Z_C&E,NY_Z_C&E_biomass_1,4,1,0.0,1.0253173124260021e7,0.0,1.0253173124260021e7
NY_Z_C&E,NY_Z_C&E_small_hydroelectric_1,4,1,0.0,1.1175760104647508e7,0.0,1.1175760104647508e7
NY_Z_D,NY_Z_D_small_hydroelectric_1,5,1,0.0,2.7698051046998636e6,0.0,2.7698051046998636e6
NY_Z_F,NY_Z_F_small_hydroelectric_1,6,1,0.0,4.310286088666468e6,0.0,4.310286088666468e6
NY_Z_G-I,NY_Z_G-I_small_hydroelectric_1,7,1,0.0,967166.0467795595,0.0,967166.0467795595
PJM_EMAC,PJM_EMAC_biomass_1,10,1,0.0,0.0,1.9425879173140865e7,1.9425879173140865e7
PJM_EMAC,PJM_EMAC_small_hydroelectric_1,10,1,0.0,0.0,119031.52684682017,119031.52684682017
PJM_Rest,PJM_Rest_biomass_1,11,1,0.0,0.0,1.679737748089887e7,1.679737748089887e7
PJM_Rest,PJM_Rest_biomass_2,11,2,0.0,0.0,9.700422911845472e6,9.700422911845472e6
PJM_Rest,PJM_Rest_small_hydroelectric_1,11,1,0.0,0.0,6.019303617964309e6,6.019303617964309e6
NENG_Rest,NENG_Rest_distributed_generation_1,1,1,0.0,0.0,0.0,0.0
NY_Z_A,NY_Z_A_distributed_generation_1,2,1,0.0,0.0,0.0,0.0
NY_Z_B,NY_Z_B_distributed_generation_1,3,1,0.0,0.0,0.0,0.0
NY_Z_C&E,NY_Z_C&E_distributed_generation_1,4,1,0.0,0.0,0.0,0.0
NY_Z_D,NY_Z_D_distributed_generation_1,5,1,0.0,0.0,0.0,0.0
NY_Z_F,NY_Z_F_distributed_generation_1,6,1,0.0,0.0,0.0,0.0
NY_Z_G-I,NY_Z_G-I_distributed_generation_1,7,1,0.0,0.0,0.0,0.0
NY_Z_J,NY_Z_J_distributed_generation_1,8,1,0.0,0.0,0.0,0.0
NY_Z_K,NY_Z_K_distributed_generation_1,9,1,0.0,0.0,0.0,0.0
PJM_EMAC,PJM_EMAC_distributed_generation_1,10,1,0.0,0.0,0.0,0.0
PJM_Rest,PJM_Rest_distributed_generation_1,11,1,0.0,0.0,0.0,0.0
