Resource,Zone,Retrofit_Id,StartCap,RetCap,RetroCap,NewCap,EndCap,CapacityConstraintDual,StartEnergyCap,RetEnergyCap,NewEnergyCap,EndEnergyCap,StartChargeCap,RetChargeCap,NewChargeCap,EndChargeCap
NENG_Rest_conventional_hydroelectric_1,1,None,1067.6,0.0,0.0,0.0,1067.6,0.0,0.0,0.0,0.0,0.0,0.0,0.0,0.0,0.0
NY_Z_A_conventional_hydroelectric_1,2,None,2434.9,0.0,0.0,0.0,2434.9,0.0,0.0,0.0,0.0,0.0,0.0,0.0,0.0,0.0
NY_Z_B_conventional_hydroelectric_1,3,None,0.0,0.0,0.0,0.0,0.0,0.0,0.0,0.0,0.0,0.0,0.0,0.0,0.0,0.0
NY_Z_C&E_conventional_hydroelectric_1,4,None,63.3,0.0,0.0,0.0,63.3,0.0,0.0,0.0,0.0,0.0,0.0,0.0,0.0,0.0
NY_Z_D_conventional_hydroelectric_1,5,None,809.6,0.0,0.0,0.0,809.6,0.0,0.0,0.0,0.0,0.0,0.0,0.0,0.0,0.0
NY_Z_F_conventional_hydroelectric_1,6,None,274.6,0.0,0.0,0.0,274.6,0.0,0.0,0.0,0.0,0.0,0.0,0.0,0.0,0.0
PJM_EMAC_conventional_hydroelectric_1,10,None,572.0,0.0,0.0,0.0,572.0,0.0,0.0,0.0,0.0,0.0,0.0,0.0,0.0,0.0
PJM_Rest_conventional_hydroelectric_1,11,None,1507.8,0.0,0.0,0.0,1507.8,0.0,0.0,0.0,0.0,0.0,0.0,0.0,0.0,0.0
NENG_Rest_conventional_steam_coal_1,1,None,438.0,438.0,0.0,0.0,0.0,0.0,0.0,0.0,0.0,0.0,0.0,0.0,0.0,0.0
NENG_Rest_natural_gas_fired_combined_cycle_1,1,None,3721.9,3721.9,0.0,0.0,0.0,0.0,0.0,0.0,0.0,0.0,0.0,0.0,0.0,0.0
NENG_Rest_natural_gas_fired_combined_cycle_2,1,None,10513.3,10513.3,0.0,0.0,0.0,0.0,0.0,0.0,0.0,0.0,0.0,0.0,0.0,0.0
NENG_Rest_natural_gas_fired_combustion_turbine_1,1,None,933.2,933.2,0.0,0.0,0.0,0.0,0.0,0.0,0.0,0.0,0.0,0.0,0.0,0.0
NENG_Rest_natural_gas_fired_combustion_turbine_2,1,None,598.4,598.4,0.0,0.0,0.0,0.0,0.0,0.0,0.0,0.0,0.0,0.0,0.0,0.0
NENG_Rest_nuclear_1,1,None,3355.5,0.0,0.0,0.0,3355.5,0.0,0.0,0.0,0.0,0.0,0.0,0.0,0.0,0.0
NY_Z_A_natural_gas_fired_combined_cycle_1,2,None,444.8,444.8,0.0,0.0,0.0,0.0,0.0,0.0,0.0,0.0,0.0,0.0,0.0,0.0
NY_Z_A_natural_gas_fired_combustion_turbine_1,2,None,47.0,47.0,0.0,0.0,0.0,0.0,0.0,0.0,0.0,0.0,0.0,0.0,0.0,0.0
NY_Z_A_natural_gas_steam_turbine_1,2,None,45.0,45.0,0.0,0.0,0.0,0.0,0.0,0.0,0.0,0.0,0.0,0.0,0.0,0.0
NY_Z_B_natural_gas_fired_combined_cycle_1,3,None,119.1,119.1,0.0,0.0,0.0,0.0,0.0,0.0,0.0,0.0,0.0,0.0,0.0,0.0
NY_Z_B_natural_gas_fired_combustion_turbine_1,3,None,0.0,0.0,0.0,0.0,0.0,0.0,0.0,0.0,0.0,0.0,0.0,0.0,0.0,0.0
NY_Z_B_natural_gas_steam_turbine_1,3,None,119.6,119.60000000000001,0.0,0.0,-1.4210854715202004e-14,0.0,0.0,0.0,0.0,0.0,0.0,0.0,0.0,0.0
NY_Z_B_nuclear_1,3,None,581.3,7.241734118421808,0.0,0.0,574.0582658815781,0.0,0.0,0.0,0.0,0.0,0.0,0.0,0.0,0.0
NY_Z_C&E_natural_gas_fired_combined_cycle_1,4,None,1768.2,1768.2,0.0,0.0,0.0,0.0,0.0,0.0,0.0,0.0,0.0,0.0,0.0,0.0
NY_Z_C&E_natural_gas_steam_turbine_1,4,None,106.3,106.3,0.0,0.0,0.0,0.0,0.0,0.0,0.0,0.0,0.0,0.0,0.0,0.0
NY_Z_C&E_nuclear_1,4,None,2777.0,0.0,0.0,0.0,2777.0,0.0,0.0,0.0,0.0,0.0,0.0,0.0,0.0,0.0
NY_Z_D_natural_gas_fired_combined_cycle_1,5,None,280.0,280.0,0.0,0.0,0.0,0.0,0.0,0.0,0.0,0.0,0.0,0.0,0.0,0.0
NY_Z_D_natural_gas_fired_combined_cycle_2,5,None,91.0,91.0,0.0,0.0,0.0,0.0,0.0,0.0,0.0,0.0,0.0,0.0,0.0,0.0
NY_Z_F_natural_gas_fired_combined_cycle_1,6,None,3499.8,3499.8,0.0,0.0,0.0,0.0,0.0,0.0,0.0,0.0,0.0,0.0,0.0,0.0
NY_Z_F_natural_gas_fired_combined_cycle_2,6,None,293.3,293.3,0.0,0.0,0.0,0.0,0.0,0.0,0.0,0.0,0.0,0.0,0.0,0.0
NY_Z_F_natural_gas_fired_combustion_turbine_1,6,None,0.0,0.0,0.0,0.0,0.0,0.0,0.0,0.0,0.0,0.0,0.0,0.0,0.0,0.0
NY_Z_G-I_natural_gas_fired_combined_cycle_1,7,None,746.5,746.5,0.0,0.0,0.0,0.0,0.0,0.0,0.0,0.0,0.0,0.0,0.0,0.0
NY_Z_G-I_natural_gas_fired_combined_cycle_2,7,None,21.7,21.700000000000003,0.0,0.0,-3.552713678800501e-15,0.0,0.0,0.0,0.0,0.0,0.0,0.0,0.0,0.0
NY_Z_G-I_natural_gas_fired_combustion_turbine_1,7,None,83.8,83.8,0.0,0.0,0.0,0.0,0.0,0.0,0.0,0.0,0.0,0.0,0.0,0.0
NY_Z_G-I_natural_gas_fired_combustion_turbine_2,7,None,24.8,24.799999999999997,0.0,0.0,3.552713678800501e-15,0.0,0.0,0.0,0.0,0.0,0.0,0.0,0.0,0.0
NY_Z_J_natural_gas_fired_combined_cycle_1,8,None,756.6,756.6,0.0,0.0,0.0,0.0,0.0,0.0,0.0,0.0,0.0,0.0,0.0,0.0
NY_Z_J_natural_gas_fired_combined_cycle_2,8,None,2828.4,2828.4,0.0,0.0,0.0,0.0,0.0,0.0,0.0,0.0,0.0,0.0,0.0,0.0
NY_Z_J_natural_gas_fired_combustion_turbine_1,8,None,756.4,756.4,0.0,0.0,0.0,0.0,0.0,0.0,0.0,0.0,0.0,0.0,0.0,0.0
NY_Z_J_natural_gas_fired_combustion_turbine_2,8,None,1621.0,1621.0,0.0,0.0,0.0,0.0,0.0,0.0,0.0,0.0,0.0,0.0,0.0,0.0
NY_Z_K_natural_gas_fired_combined_cycle_1,9,None,220.1,220.1,0.0,0.0,0.0,0.0,0.0,0.0,0.0,0.0,0.0,0.0,0.0,0.0
NY_Z_K_natural_gas_fired_combined_cycle_2,9,None,527.9,527.9,0.0,0.0,0.0,0.0,0.0,0.0,0.0,0.0,0.0,0.0,0.0,0.0
NY_Z_K_natural_gas_fired_combustion_turbine_1,9,None,335.2,335.2,0.0,0.0,0.0,0.0,0.0,0.0,0.0,0.0,0.0,0.0,0.0,0.0
NY_Z_K_natural_gas_fired_combustion_turbine_2,9,None,533.5,533.5,0.0,0.0,0.0,0.0,0.0,0.0,0.0,0.0,0.0,0.0,0.0,0.0
PJM_EMAC_conventional_steam_coal_1,10,None,0.0,0.0,0.0,0.0,0.0,0.0,0.0,0.0,0.0,0.0,0.0,0.0,0.0,0.0
PJM_EMAC_natural_gas_fired_combined_cycle_1,10,None,1958.7,1958.7,0.0,0.0,0.0,0.0,0.0,0.0,0.0,0.0,0.0,0.0,0.0,0.0
PJM_EMAC_natural_gas_fired_combined_cycle_2,10,None,11865.3,11865.300000000001,0.0,0.0,-1.8189894035458565e-12,0.0,0.0,0.0,0.0,0.0,0.0,0.0,0.0,0.0
PJM_EMAC_natural_gas_fired_combined_cycle_3,10,None,772.2,772.2000000000002,0.0,0.0,-1.1368683772161603e-13,0.0,0.0,0.0,0.0,0.0,0.0,0.0,0.0,0.0
PJM_EMAC_natural_gas_fired_combustion_turbine_1,10,None,549.9,549.9,0.0,0.0,0.0,0.0,0.0,0.0,0.0,0.0,0.0,0.0,0.0,0.0
PJM_EMAC_natural_gas_fired_combustion_turbine_2,10,None,2932.1,2932.1,0.0,0.0,0.0,0.0,0.0,0.0,0.0,0.0,0.0,0.0,0.0,0.0
PJM_EMAC_natural_gas_steam_turbine_1,10,None,1526.6,1526.6,0.0,0.0,0.0,0.0,0.0,0.0,0.0,0.0,0.0,0.0,0.0,0.0
PJM_EMAC_nuclear_1,10,None,7347.7,0.0,0.0,0.0,7347.7,0.0,0.0,0.0,0.0,0.0,0.0,0.0,0.0,0.0
PJM_EMAC_nuclear_2,10,None,1172.0,0.0,0.0,0.0,1172.0,0.0,0.0,0.0,0.0,0.0,0.0,0.0,0.0,0.0
PJM_Rest_conventional_steam_coal_1,11,None,29603.6,29603.6,0.0,0.0,0.0,0.0,0.0,0.0,0.0,0.0,0.0,0.0,0.0,0.0
PJM_Rest_natural_gas_fired_combined_cycle_1,11,None,2133.9,2133.9,0.0,0.0,0.0,0.0,0.0,0.0,0.0,0.0,0.0,0.0,0.0,0.0
PJM_Rest_natural_gas_fired_combined_cycle_2,11,None,24246.8,24246.8,0.0,0.0,0.0,0.0,0.0,0.0,0.0,0.0,0.0,0.0,0.0,0.0
PJM_Rest_natural_gas_fired_combustion_turbine_1,11,None,614.8,614.8,0.0,0.0,0.0,0.0,0.0,0.0,0.0,0.0,0.0,0.0,0.0,0.0
PJM_Rest_natural_gas_fired_combustion_turbine_2,11,None,24327.8,24327.8,0.0,0.0,0.0,0.0,0.0,0.0,0.0,0.0,0.0,0.0,0.0,0.0
PJM_Rest_natural_gas_fired_combustion_turbine_3,11,None,834.5,834.5,0.0,0.0,0.0,0.0,0.0,0.0,0.0,0.0,0.0,0.0,0.0,0.0
PJM_Rest_natural_gas_fired_combustion_turbine_4,11,None,361.9,361.9,0.0,0.0,0.0,0.0,0.0,0.0,0.0,0.0,0.0,0.0,0.0,0.0
PJM_Rest_nuclear_1,11,None,22747.8,0.0,0.0,0.0,22747.8,0.0,0.0,0.0,0.0,0.0,0.0,0.0,0.0,0.0
NENG_Rest_naturalgas_ccavgcf_moderate_0,1,None,0.0,0.0,0.0,-0.0,0.0,0.0,0.0,0.0,0.0,0.0,0.0,0.0,0.0,0.0
NENG_Rest_naturalgas_ctavgcf_moderate_0,1,None,0.0,0.0,0.0,-0.0,0.0,0.0,0.0,0.0,0.0,0.0,0.0,0.0,0.0,0.0
NENG_Rest_nuclear_nuclear_moderate_0,1,None,0.0,0.0,0.0,-0.0,0.0,0.0,0.0,0.0,0.0,0.0,0.0,0.0,0.0,0.0
NENG_Rest_naturalgas_ccs100_moderate_0,1,None,0.0,0.0,0.0,6864.528991779474,6864.528991779474,0.0,0.0,0.0,0.0,0.0,0.0,0.0,0.0,0.0
NY_Z_A_naturalgas_ccavgcf_moderate_0,2,None,0.0,0.0,0.0,-0.0,0.0,0.0,0.0,0.0,0.0,0.0,0.0,0.0,0.0,0.0
NY_Z_A_naturalgas_ctavgcf_moderate_0,2,None,0.0,0.0,0.0,-0.0,0.0,0.0,0.0,0.0,0.0,0.0,0.0,0.0,0.0,0.0
NY_Z_A_nuclear_nuclear_moderate_0,2,None,0.0,0.0,0.0,-0.0,0.0,0.0,0.0,0.0,0.0,0.0,0.0,0.0,0.0,0.0
NY_Z_A_naturalgas_ccs100_moderate_0,2,None,0.0,0.0,0.0,-0.0,0.0,0.0,0.0,0.0,0.0,0.0,0.0,0.0,0.0,0.0
NY_Z_B_naturalgas_ccavgcf_moderate_0,3,None,0.0,0.0,0.0,-0.0,0.0,0.0,0.0,0.0,0.0,0.0,0.0,0.0,0.0,0.0
NY_Z_B_naturalgas_ctavgcf_moderate_0,3,None,0.0,0.0,0.0,-0.0,0.0,0.0,0.0,0.0,0.0,0.0,0.0,0.0,0.0,0.0
NY_Z_B_nuclear_nuclear_moderate_0,3,None,0.0,0.0,0.0,-0.0,0.0,0.0,0.0,0.0,0.0,0.0,0.0,0.0,0.0,0.0
NY_Z_B_naturalgas_ccs100_moderate_0,3,None,0.0,0.0,0.0,-0.0,0.0,0.0,0.0,0.0,0.0,0.0,0.0,0.0,0.0,0.0
NY_Z_C&E_naturalgas_ccavgcf_moderate_0,4,None,0.0,0.0,0.0,-0.0,0.0,0.0,0.0,0.0,0.0,0.0,0.0,0.0,0.0,0.0
NY_Z_C&E_naturalgas_ctavgcf_moderate_0,4,None,0.0,0.0,0.0,-0.0,0.0,0.0,0.0,0.0,0.0,0.0,0.0,0.0,0.0,0.0
NY_Z_C&E_nuclear_nuclear_moderate_0,4,None,0.0,0.0,0.0,-0.0,0.0,0.0,0.0,0.0,0.0,0.0,0.0,0.0,0.0,0.0
NY_Z_C&E_naturalgas_ccs100_moderate_0,4,None,0.0,0.0,0.0,-0.0,0.0,0.0,0.0,0.0,0.0,0.0,0.0,0.0,0.0,0.0
NY_Z_D_naturalgas_ccavgcf_moderate_0,5,None,0.0,0.0,0.0,-0.0,0.0,0.0,0.0,0.0,0.0,0.0,0.0,0.0,0.0,0.0
NY_Z_D_naturalgas_ctavgcf_moderate_0,5,None,0.0,0.0,0.0,-0.0,0.0,0.0,0.0,0.0,0.0,0.0,0.0,0.0,0.0,0.0
NY_Z_D_nuclear_nuclear_moderate_0,5,None,0.0,0.0,0.0,-0.0,0.0,0.0,0.0,0.0,0.0,0.0,0.0,0.0,0.0,0.0
NY_Z_D_naturalgas_ccs100_moderate_0,5,None,0.0,0.0,0.0,-0.0,0.0,0.0,0.0,0.0,0.0,0.0,0.0,0.0,0.0,0.0
NY_Z_F_naturalgas_ccavgcf_moderate_0,6,None,0.0,0.0,0.0,-0.0,0.0,0.0,0.0,0.0,0.0,0.0,0.0,0.0,0.0,0.0
NY_Z_F_naturalgas_ctavgcf_moderate_0,6,None,0.0,0.0,0.0,-0.0,0.0,0.0,0.0,0.0,0.0,0.0,0.0,0.0,0.0,0.0
NY_Z_F_nuclear_nuclear_moderate_0,6,None,0.0,0.0,0.0,-0.0,0.0,0.0,0.0,0.0,0.0,0.0,0.0,0.0,0.0,0.0
NY_Z_F_naturalgas_ccs100_moderate_0,6,None,0.0,0.0,0.0,-0.0,0.0,0.0,0.0,0.0,0.0,0.0,0.0,0.0,0.0,0.0
NY_Z_G-I_naturalgas_ccavgcf_moderate_0,7,None,0.0,0.0,0.0,-0.0,0.0,0.0,0.0,0.0,0.0,0.0,0.0,0.0,0.0,0.0
NY_Z_G-I_naturalgas_ctavgcf_moderate_0,7,None,0.0,0.0,0.0,-0.0,0.0,0.0,0.0,0.0,0.0,0.0,0.0,0.0,0.0,0.0
NY_Z_G-I_nuclear_nuclear_moderate_0,7,None,0.0,0.0,0.0,-0.0,0.0,0.0,0.0,0.0,0.0,0.0,0.0,0.0,0.0,0.0
NY_Z_G-I_naturalgas_ccs100_moderate_0,7,None,0.0,0.0,0.0,3970.268145318074,3970.268145318074,0.0,0.0,0.0,0.0,0.0,0.0,0.0,0.0,0.0
NY_Z_J_naturalgas_ccavgcf_moderate_0,8,None,0.0,0.0,0.0,-0.0,0.0,0.0,0.0,0.0,0.0,0.0,0.0,0.0,0.0,0.0
NY_Z_J_naturalgas_ctavgcf_moderate_0,8,None,0.0,0.0,0.0,-0.0,0.0,0.0,0.0,0.0,0.0,0.0,0.0,0.0,0.0,0.0
NY_Z_J_nuclear_nuclear_moderate_0,8,None,0.0,0.0,0.0,-0.0,0.0,0.0,0.0,0.0,0.0,0.0,0.0,0.0,0.0,0.0
NY_Z_J_naturalgas_ccs100_moderate_0,8,None,0.0,0.0,0.0,-0.0,0.0,0.0,0.0,0.0,0.0,0.0,0.0,0.0,0.0,0.0
NY_Z_K_naturalgas_ccavgcf_moderate_0,9,None,0.0,0.0,0.0,-0.0,0.0,0.0,0.0,0.0,0.0,0.0,0.0,0.0,0.0,0.0
NY_Z_K_naturalgas_ctavgcf_moderate_0,9,None,0.0,0.0,0.0,-0.0,0.0,0.0,0.0,0.0,0.0,0.0,0.0,0.0,0.0,0.0
NY_Z_K_nuclear_nuclear_moderate_0,9,None,0.0,0.0,0.0,-0.0,0.0,0.0,0.0,0.0,0.0,0.0,0.0,0.0,0.0,0.0
NY_Z_K_naturalgas_ccs100_moderate_0,9,None,0.0,0.0,0.0,1823.6457991867856,1823.6457991867856,0.0,0.0,0.0,0.0,0.0,0.0,0.0,0.0,0.0
PJM_EMAC_naturalgas_ccavgcf_moderate_0,10,None,0.0,0.0,0.0,-0.0,0.0,0.0,0.0,0.0,0.0,0.0,0.0,0.0,0.0,0.0
PJM_EMAC_naturalgas_ctavgcf_moderate_0,10,None,0.0,0.0,0.0,-0.0,0.0,0.0,0.0,0.0,0.0,0.0,0.0,0.0,0.0,0.0
PJM_EMAC_nuclear_nuclear_moderate_0,10,None,0.0,0.0,0.0,-0.0,0.0,0.0,0.0,0.0,0.0,0.0,0.0,0.0,0.0,0.0
PJM_EMAC_naturalgas_ccs100_moderate_0,10,None,0.0,0.0,0.0,14310.354257169087,14310.354257169087,0.0,0.0,0.0,0.0,0.0,0.0,0.0,0.0,0.0
PJM_Rest_naturalgas_ccccsavgcf_moderate_0,11,None,0.0,0.0,0.0,-0.0,0.0,0.0,0.0,0.0,0.0,0.0,0.0,0.0,0.0,0.0
PJM_Rest_naturalgas_ccavgcf_moderate_0,11,None,0.0,0.0,0.0,-0.0,0.0,0.0,0.0,0.0,0.0,0.0,0.0,0.0,0.0,0.0
PJM_Rest_naturalgas_ctavgcf_moderate_0,11,None,0.0,0.0,0.0,-0.0,0.0,0.0,0.0,0.0,0.0,0.0,0.0,0.0,0.0,0.0
PJM_Rest_nuclear_nuclear_moderate_0,11,None,0.0,0.0,0.0,-0.0,0.0,0.0,0.0,0.0,0.0,0.0,0.0,0.0,0.0,0.0
PJM_Rest_naturalgas_ccs100_moderate_0,11,None,0.0,0.0,0.0,34841.4515162046,34841.4515162046,0.0,0.0,0.0,0.0,0.0,0.0,0.0,0.0,0.0
NENG_Rest_offshore_wind_turbine_1,1,None,29.3,0.0,0.0,0.0,29.3,0.0,0.0,0.0,0.0,0.0,0.0,0.0,0.0,0.0
NENG_Rest_onshore_wind_turbine_1,1,None,1369.2,0.0,0.0,0.0,1369.2,0.0,0.0,0.0,0.0,0.0,0.0,0.0,0.0,0.0
NENG_Rest_solar_photovoltaic_1,1,None,627.3,0.0,0.0,0.0,627.3,0.0,0.0,0.0,0.0,0.0,0.0,0.0,0.0,0.0
NY_Z_A_onshore_wind_turbine_1,2,None,135.5,0.0,0.0,0.0,135.5,0.0,0.0,0.0,0.0,0.0,0.0,0.0,0.0,0.0
NY_Z_A_solar_photovoltaic_1,2,None,3.5,0.0,0.0,0.0,3.5,0.0,0.0,0.0,0.0,0.0,0.0,0.0,0.0,0.0
NY_Z_B_onshore_wind_turbine_1,3,None,0.0,0.0,0.0,0.0,0.0,0.0,0.0,0.0,0.0,0.0,0.0,0.0,0.0,0.0
NY_Z_B_solar_photovoltaic_1,3,None,2.0,0.0,0.0,0.0,2.0,0.0,0.0,0.0,0.0,0.0,0.0,0.0,0.0,0.0
NY_Z_C&E_onshore_wind_turbine_1,4,None,1011.1,0.0,0.0,0.0,1011.1,0.0,0.0,0.0,0.0,0.0,0.0,0.0,0.0,0.0
NY_Z_C&E_solar_photovoltaic_1,4,None,42.6,0.0,0.0,0.0,42.6,0.0,0.0,0.0,0.0,0.0,0.0,0.0,0.0,0.0
NY_Z_D_onshore_wind_turbine_1,5,None,678.5,0.0,0.0,0.0,678.5,0.0,0.0,0.0,0.0,0.0,0.0,0.0,0.0,0.0
NY_Z_D_solar_photovoltaic_1,5,None,2.0,0.0,0.0,0.0,2.0,0.0,0.0,0.0,0.0,0.0,0.0,0.0,0.0,0.0
NY_Z_F_solar_photovoltaic_1,6,None,9.1,0.0,0.0,0.0,9.1,0.0,0.0,0.0,0.0,0.0,0.0,0.0,0.0,0.0
NY_Z_G-I_solar_photovoltaic_1,7,None,6.9,0.0,0.0,0.0,6.9,0.0,0.0,0.0,0.0,0.0,0.0,0.0,0.0,0.0
PJM_EMAC_solar_photovoltaic_1,10,None,856.1,0.0,0.0,0.0,856.1,0.0,0.0,0.0,0.0,0.0,0.0,0.0,0.0,0.0
PJM_Rest_onshore_wind_turbine_1,11,None,7080.5,0.0,0.0,0.0,7080.5,0.0,0.0,0.0,0.0,0.0,0.0,0.0,0.0,0.0
PJM_Rest_solar_photovoltaic_1,11,None,776.2,0.0,0.0,0.0,776.2,0.0,0.0,0.0,0.0,0.0,0.0,0.0,0.0,0.0
NENG_Rest_offshorewind_class3_advanced_fixed_1_0,1,None,0.0,0.0,0.0,-0.0,0.0,-0.0,0.0,0.0,0.0,0.0,0.0,0.0,0.0,0.0
NENG_Rest_offshorewind_class3_advanced_fixed_1_1,1,None,0.0,0.0,0.0,-0.0,0.0,-0.0,0.0,0.0,0.0,0.0,0.0,0.0,0.0,0.0
NENG_Rest_offshorewind_class3_advanced_fixed_1_2,1,None,0.0,0.0,0.0,-0.0,0.0,-0.0,0.0,0.0,0.0,0.0,0.0,0.0,0.0,0.0
NENG_Rest_offshorewind_class3_advanced_fixed_1_3,1,None,0.0,0.0,0.0,-0.0,0.0,-0.0,0.0,0.0,0.0,0.0,0.0,0.0,0.0,0.0
NENG_Rest_offshorewind_class3_advanced_fixed_1_4,1,None,0.0,0.0,0.0,-0.0,0.0,-0.0,0.0,0.0,0.0,0.0,0.0,0.0,0.0,0.0
NENG_Rest_offshorewind_class3_advanced_fixed_1_5,1,None,0.0,0.0,0.0,-0.0,0.0,-0.0,0.0,0.0,0.0,0.0,0.0,0.0,0.0,0.0
NENG_Rest_offshorewind_class3_advanced_fixed_0_0,1,None,0.0,0.0,0.0,-0.0,0.0,-0.0,0.0,0.0,0.0,0.0,0.0,0.0,0.0,0.0
NENG_Rest_offshorewind_class3_advanced_fixed_0_1,1,None,0.0,0.0,0.0,-0.0,0.0,-0.0,0.0,0.0,0.0,0.0,0.0,0.0,0.0,0.0
NENG_Rest_offshorewind_class3_advanced_fixed_0_2,1,None,0.0,0.0,0.0,-0.0,0.0,-0.0,0.0,0.0,0.0,0.0,0.0,0.0,0.0,0.0
NENG_Rest_offshorewind_class3_advanced_fixed_0_3,1,None,0.0,0.0,0.0,-0.0,0.0,-0.0,0.0,0.0,0.0,0.0,0.0,0.0,0.0,0.0
NENG_Rest_offshorewind_class3_advanced_fixed_0_4,1,None,0.0,0.0,0.0,-0.0,0.0,-0.0,0.0,0.0,0.0,0.0,0.0,0.0,0.0,0.0
NENG_Rest_offshorewind_class3_advanced_fixed_0_5,1,None,0.0,0.0,0.0,-0.0,0.0,-0.0,0.0,0.0,0.0,0.0,0.0,0.0,0.0,0.0
NENG_Rest_offshorewind_class12_advanced_floating_0_0,1,None,0.0,0.0,0.0,-0.0,0.0,-0.0,0.0,0.0,0.0,0.0,0.0,0.0,0.0,0.0
NENG_Rest_offshorewind_class12_advanced_floating_0_1,1,None,0.0,0.0,0.0,-0.0,0.0,-0.0,0.0,0.0,0.0,0.0,0.0,0.0,0.0,0.0
NENG_Rest_offshorewind_class12_advanced_floating_0_2,1,None,0.0,0.0,0.0,-0.0,0.0,-0.0,0.0,0.0,0.0,0.0,0.0,0.0,0.0,0.0
NENG_Rest_offshorewind_class12_advanced_floating_0_3,1,None,0.0,0.0,0.0,-0.0,0.0,-0.0,0.0,0.0,0.0,0.0,0.0,0.0,0.0,0.0
NENG_Rest_offshorewind_class12_advanced_floating_0_4,1,None,0.0,0.0,0.0,-0.0,0.0,-0.0,0.0,0.0,0.0,0.0,0.0,0.0,0.0,0.0
NENG_Rest_offshorewind_class12_advanced_floating_0_5,1,None,0.0,0.0,0.0,-0.0,0.0,-0.0,0.0,0.0,0.0,0.0,0.0,0.0,0.0,0.0
NENG_Rest_offshorewind_class12_advanced_floating_1_0,1,None,0.0,0.0,0.0,-0.0,0.0,-0.0,0.0,0.0,0.0,0.0,0.0,0.0,0.0,0.0
NENG_Rest_offshorewind_class12_advanced_floating_1_1,1,None,0.0,0.0,0.0,-0.0,0.0,-0.0,0.0,0.0,0.0,0.0,0.0,0.0,0.0,0.0
NENG_Rest_offshorewind_class12_advanced_floating_1_2,1,None,0.0,0.0,0.0,-0.0,0.0,-0.0,0.0,0.0,0.0,0.0,0.0,0.0,0.0,0.0
NENG_Rest_offshorewind_class12_advanced_floating_1_3,1,None,0.0,0.0,0.0,-0.0,0.0,-0.0,0.0,0.0,0.0,0.0,0.0,0.0,0.0,0.0
NENG_Rest_offshorewind_class12_advanced_floating_1_4,1,None,0.0,0.0,0.0,-0.0,0.0,-0.0,0.0,0.0,0.0,0.0,0.0,0.0,0.0,0.0
NENG_Rest_offshorewind_class12_advanced_floating_1_5,1,None,0.0,0.0,0.0,-0.0,0.0,-0.0,0.0,0.0,0.0,0.0,0.0,0.0,0.0,0.0
NENG_Rest_landbasedwind_class1_advanced_1,1,None,0.0,0.0,0.0,-0.0,0.0,-0.0,0.0,0.0,0.0,0.0,0.0,0.0,0.0,0.0
NENG_Rest_landbasedwind_class1_advanced_2,1,None,0.0,0.0,0.0,6585.4,6585.4,28224.58540937475,0.0,0.0,0.0,0.0,0.0,0.0,0.0,0.0
NENG_Rest_landbasedwind_class1_advanced_3,1,None,0.0,0.0,0.0,-0.0,0.0,-0.0,0.0,0.0,0.0,0.0,0.0,0.0,0.0,0.0
NENG_Rest_landbasedwind_class1_advanced_4,1,None,0.0,0.0,0.0,-0.0,0.0,-0.0,0.0,0.0,0.0,0.0,0.0,0.0,0.0,0.0
NENG_Rest_landbasedwind_class1_advanced_5,1,None,0.0,0.0,0.0,-0.0,0.0,-0.0,0.0,0.0,0.0,0.0,0.0,0.0,0.0,0.0
NENG_Rest_landbasedwind_class1_advanced_6,1,None,0.0,0.0,0.0,-0.0,0.0,-0.0,0.0,0.0,0.0,0.0,0.0,0.0,0.0,0.0
NENG_Rest_utilitypv_class1_advanced_1,1,None,0.0,0.0,0.0,-0.0,0.0,-0.0,0.0,0.0,0.0,0.0,0.0,0.0,0.0,0.0
NENG_Rest_utilitypv_class1_advanced_2,1,None,0.0,0.0,0.0,4619.9838277001245,4619.9838277001245,-0.0,0.0,0.0,0.0,0.0,0.0,0.0,0.0,0.0
NENG_Rest_utilitypv_class1_advanced_3,1,None,0.0,0.0,0.0,-0.0,0.0,-0.0,0.0,0.0,0.0,0.0,0.0,0.0,0.0,0.0
NENG_Rest_utilitypv_class1_advanced_4,1,None,0.0,0.0,0.0,-0.0,0.0,-0.0,0.0,0.0,0.0,0.0,0.0,0.0,0.0,0.0
NENG_Rest_utilitypv_class1_advanced_5,1,None,0.0,0.0,0.0,-0.0,0.0,-0.0,0.0,0.0,0.0,0.0,0.0,0.0,0.0,0.0
NENG_Rest_utilitypv_class1_advanced_6,1,None,0.0,0.0,0.0,-0.0,0.0,-0.0,0.0,0.0,0.0,0.0,0.0,0.0,0.0,0.0
NY_Z_A_landbasedwind_class1_advanced_1,2,None,0.0,0.0,0.0,-0.0,0.0,-0.0,0.0,0.0,0.0,0.0,0.0,0.0,0.0,0.0
NY_Z_A_landbasedwind_class1_advanced_2,2,None,0.0,0.0,0.0,1104.0,1104.0,13896.582342979185,0.0,0.0,0.0,0.0,0.0,0.0,0.0,0.0
NY_Z_A_landbasedwind_class1_advanced_3,2,None,0.0,0.0,0.0,-0.0,0.0,-0.0,0.0,0.0,0.0,0.0,0.0,0.0,0.0,0.0
NY_Z_A_landbasedwind_class1_advanced_4,2,None,0.0,0.0,0.0,-0.0,0.0,-0.0,0.0,0.0,0.0,0.0,0.0,0.0,0.0,0.0
NY_Z_A_landbasedwind_class1_advanced_5,2,None,0.0,0.0,0.0,-0.0,0.0,-0.0,0.0,0.0,0.0,0.0,0.0,0.0,0.0,0.0
NY_Z_A_landbasedwind_class1_advanced_6,2,None,0.0,0.0,0.0,-0.0,0.0,-0.0,0.0,0.0,0.0,0.0,0.0,0.0,0.0,0.0
NY_Z_A_utilitypv_class1_advanced_1,2,None,0.0,0.0,0.0,12745.957577618998,12745.957577618998,-0.0,0.0,0.0,0.0,0.0,0.0,0.0,0.0,0.0
NY_Z_A_utilitypv_class1_advanced_2,2,None,0.0,0.0,0.0,-0.0,0.0,-0.0,0.0,0.0,0.0,0.0,0.0,0.0,0.0,0.0
NY_Z_A_utilitypv_class1_advanced_3,2,None,0.0,0.0,0.0,-0.0,0.0,-0.0,0.0,0.0,0.0,0.0,0.0,0.0,0.0,0.0
NY_Z_A_utilitypv_class1_advanced_4,2,None,0.0,0.0,0.0,-0.0,0.0,-0.0,0.0,0.0,0.0,0.0,0.0,0.0,0.0,0.0
NY_Z_A_utilitypv_class1_advanced_5,2,None,0.0,0.0,0.0,-0.0,0.0,-0.0,0.0,0.0,0.0,0.0,0.0,0.0,0.0,0.0
NY_Z_A_utilitypv_class1_advanced_6,2,None,0.0,0.0,0.0,-0.0,0.0,-0.0,0.0,0.0,0.0,0.0,0.0,0.0,0.0,0.0
NY_Z_B_landbasedwind_class1_advanced_1,3,None,0.0,0.0,0.0,747.5,747.5,11177.88966108292,0.0,0.0,0.0,0.0,0.0,0.0,0.0,0.0
NY_Z_B_landbasedwind_class1_advanced_2,3,None,0.0,0.0,0.0,357.6,357.6,51591.55208976273,0.0,0.0,0.0,0.0,0.0,0.0,0.0,0.0
NY_Z_B_landbasedwind_class1_advanced_3,3,None,0.0,0.0,0.0,497.9,497.9,1239.6346949718218,0.0,0.0,0.0,0.0,0.0,0.0,0.0,0.0
NY_Z_B_landbasedwind_class1_advanced_4,3,None,0.0,0.0,0.0,302.6,302.6,35529.067432106625,0.0,0.0,0.0,0.0,0.0,0.0,0.0,0.0
NY_Z_B_landbasedwind_class1_advanced_5,3,None,0.0,0.0,0.0,-0.0,0.0,-0.0,0.0,0.0,0.0,0.0,0.0,0.0,0.0,0.0
NY_Z_B_landbasedwind_class1_advanced_6,3,None,0.0,0.0,0.0,259.3,259.3,7071.3643471541445,0.0,0.0,0.0,0.0,0.0,0.0,0.0,0.0
NY_Z_B_utilitypv_class1_advanced_1,3,None,0.0,0.0,0.0,-0.0,0.0,-0.0,0.0,0.0,0.0,0.0,0.0,0.0,0.0,0.0
NY_Z_B_utilitypv_class1_advanced_2,3,None,0.0,0.0,0.0,-0.0,0.0,-0.0,0.0,0.0,0.0,0.0,0.0,0.0,0.0,0.0
NY_Z_B_utilitypv_class1_advanced_3,3,None,0.0,0.0,0.0,-0.0,0.0,-0.0,0.0,0.0,0.0,0.0,0.0,0.0,0.0,0.0
NY_Z_B_utilitypv_class1_advanced_4,3,None,0.0,0.0,0.0,-0.0,0.0,-0.0,0.0,0.0,0.0,0.0,0.0,0.0,0.0,0.0
NY_Z_B_utilitypv_class1_advanced_5,3,None,0.0,0.0,0.0,-0.0,0.0,-0.0,0.0,0.0,0.0,0.0,0.0,0.0,0.0,0.0
NY_Z_B_utilitypv_class1_advanced_6,3,None,0.0,0.0,0.0,-0.0,0.0,-0.0,0.0,0.0,0.0,0.0,0.0,0.0,0.0,0.0
NY_Z_C&E_landbasedwind_class1_advanced_1,4,None,0.0,0.0,0.0,847.5,847.5,16751.970882959726,0.0,0.0,0.0,0.0,0.0,0.0,0.0,0.0
NY_Z_C&E_landbasedwind_class1_advanced_2,4,None,0.0,0.0,0.0,696.7,696.7,60605.406164798915,0.0,0.0,0.0,0.0,0.0,0.0,0.0,0.0
NY_Z_C&E_landbasedwind_class1_advanced_3,4,None,0.0,0.0,0.0,604.0,604.0,2247.7756180437113,0.0,0.0,0.0,0.0,0.0,0.0,0.0,0.0
NY_Z_C&E_landbasedwind_class1_advanced_4,4,None,0.0,0.0,0.0,934.8,934.8,22702.92406782893,0.0,0.0,0.0,0.0,0.0,0.0,0.0,0.0
NY_Z_C&E_landbasedwind_class1_advanced_5,4,None,0.0,0.0,0.0,-0.0,0.0,-0.0,0.0,0.0,0.0,0.0,0.0,0.0,0.0,0.0
NY_Z_C&E_landbasedwind_class1_advanced_6,4,None,0.0,0.0,0.0,942.5,942.5,5048.864518055932,0.0,0.0,0.0,0.0,0.0,0.0,0.0,0.0
NY_Z_C&E_utilitypv_class1_advanced_1,4,None,0.0,0.0,0.0,-0.0,0.0,-0.0,0.0,0.0,0.0,0.0,0.0,0.0,0.0,0.0
NY_Z_C&E_utilitypv_class1_advanced_2,4,None,0.0,0.0,0.0,-0.0,0.0,-0.0,0.0,0.0,0.0,0.0,0.0,0.0,0.0,0.0
NY_Z_C&E_utilitypv_class1_advanced_3,4,None,0.0,0.0,0.0,-0.0,0.0,-0.0,0.0,0.0,0.0,0.0,0.0,0.0,0.0,0.0
NY_Z_C&E_utilitypv_class1_advanced_4,4,None,0.0,0.0,0.0,-0.0,0.0,-0.0,0.0,0.0,0.0,0.0,0.0,0.0,0.0,0.0
NY_Z_C&E_utilitypv_class1_advanced_5,4,None,0.0,0.0,0.0,-0.0,0.0,-0.0,0.0,0.0,0.0,0.0,0.0,0.0,0.0,0.0
NY_Z_C&E_utilitypv_class1_advanced_6,4,None,0.0,0.0,0.0,-0.0,0.0,-0.0,0.0,0.0,0.0,0.0,0.0,0.0,0.0,0.0
NY_Z_D_landbasedwind_class1_advanced_1,5,None,0.0,0.0,0.0,1242.8,1242.8,15125.40033007576,0.0,0.0,0.0,0.0,0.0,0.0,0.0,0.0
NY_Z_D_landbasedwind_class1_advanced_2,5,None,0.0,0.0,0.0,1076.9,1076.9,36850.43597903285,0.0,0.0,0.0,0.0,0.0,0.0,0.0,0.0
NY_Z_D_landbasedwind_class1_advanced_3,5,None,0.0,0.0,0.0,743.7,743.7,5339.676231695246,0.0,0.0,0.0,0.0,0.0,0.0,0.0,0.0
NY_Z_D_landbasedwind_class1_advanced_4,5,None,0.0,0.0,0.0,1464.6,1464.6,11265.56172919988,0.0,0.0,0.0,0.0,0.0,0.0,0.0,0.0
NY_Z_D_landbasedwind_class1_advanced_5,5,None,0.0,0.0,0.0,-0.0,0.0,-0.0,0.0,0.0,0.0,0.0,0.0,0.0,0.0,0.0
NY_Z_D_landbasedwind_class1_advanced_6,5,None,0.0,0.0,0.0,1134.0,1134.0,2485.5098849929027,0.0,0.0,0.0,0.0,0.0,0.0,0.0,0.0
NY_Z_D_utilitypv_class1_advanced_1,5,None,0.0,0.0,0.0,-0.0,0.0,-0.0,0.0,0.0,0.0,0.0,0.0,0.0,0.0,0.0
NY_Z_D_utilitypv_class1_advanced_2,5,None,0.0,0.0,0.0,-0.0,0.0,-0.0,0.0,0.0,0.0,0.0,0.0,0.0,0.0,0.0
NY_Z_D_utilitypv_class1_advanced_3,5,None,0.0,0.0,0.0,-0.0,0.0,-0.0,0.0,0.0,0.0,0.0,0.0,0.0,0.0,0.0
NY_Z_D_utilitypv_class1_advanced_4,5,None,0.0,0.0,0.0,-0.0,0.0,-0.0,0.0,0.0,0.0,0.0,0.0,0.0,0.0,0.0
NY_Z_D_utilitypv_class1_advanced_5,5,None,0.0,0.0,0.0,-0.0,0.0,-0.0,0.0,0.0,0.0,0.0,0.0,0.0,0.0,0.0
NY_Z_D_utilitypv_class1_advanced_6,5,None,0.0,0.0,0.0,-0.0,0.0,-0.0,0.0,0.0,0.0,0.0,0.0,0.0,0.0,0.0
NY_Z_F_landbasedwind_class1_advanced_1,6,None,0.0,0.0,0.0,440.2,440.2,11643.38352443223,0.0,0.0,0.0,0.0,0.0,0.0,0.0,0.0
NY_Z_F_landbasedwind_class1_advanced_2,6,None,0.0,0.0,0.0,656.0,656.0,50079.81671716739,0.0,0.0,0.0,0.0,0.0,0.0,0.0,0.0
NY_Z_F_landbasedwind_class1_advanced_3,6,None,0.0,0.0,0.0,-0.0,0.0,-0.0,0.0,0.0,0.0,0.0,0.0,0.0,0.0,0.0
NY_Z_F_landbasedwind_class1_advanced_4,6,None,0.0,0.0,0.0,576.9,576.9,22844.430406872405,0.0,0.0,0.0,0.0,0.0,0.0,0.0,0.0
NY_Z_F_landbasedwind_class1_advanced_5,6,None,0.0,0.0,0.0,-0.0,0.0,-0.0,0.0,0.0,0.0,0.0,0.0,0.0,0.0,0.0
NY_Z_F_landbasedwind_class1_advanced_6,6,None,0.0,0.0,0.0,-0.0,0.0,-0.0,0.0,0.0,0.0,0.0,0.0,0.0,0.0,0.0
NY_Z_F_utilitypv_class1_advanced_1,6,None,0.0,0.0,0.0,1250.5433853520765,1250.5433853520765,-0.0,0.0,0.0,0.0,0.0,0.0,0.0,0.0,0.0
NY_Z_F_utilitypv_class1_advanced_2,6,None,0.0,0.0,0.0,22013.9,22013.9,1414.1217068717094,0.0,0.0,0.0,0.0,0.0,0.0,0.0,0.0
NY_Z_F_utilitypv_class1_advanced_3,6,None,0.0,0.0,0.0,-0.0,0.0,-0.0,0.0,0.0,0.0,0.0,0.0,0.0,0.0,0.0
NY_Z_F_utilitypv_class1_advanced_4,6,None,0.0,0.0,0.0,-0.0,0.0,-0.0,0.0,0.0,0.0,0.0,0.0,0.0,0.0,0.0
NY_Z_F_utilitypv_class1_advanced_5,6,None,0.0,0.0,0.0,-0.0,0.0,-0.0,0.0,0.0,0.0,0.0,0.0,0.0,0.0,0.0
NY_Z_F_utilitypv_class1_advanced_6,6,None,0.0,0.0,0.0,-0.0,0.0,-0.0,0.0,0.0,0.0,0.0,0.0,0.0,0.0,0.0
NY_Z_G-I_landbasedwind_class1_advanced_1,7,None,0.0,0.0,0.0,6.8,6.8,80069.17242610767,0.0,0.0,0.0,0.0,0.0,0.0,0.0,0.0
NY_Z_G-I_landbasedwind_class1_advanced_2,7,None,0.0,0.0,0.0,15.4,15.4,53513.75049766655,0.0,0.0,0.0,0.0,0.0,0.0,0.0,0.0
NY_Z_G-I_landbasedwind_class1_advanced_3,7,None,0.0,0.0,0.0,-0.0,0.0,-0.0,0.0,0.0,0.0,0.0,0.0,0.0,0.0,0.0
NY_Z_G-I_landbasedwind_class1_advanced_4,7,None,0.0,0.0,0.0,1.5,1.5,54377.667567537734,0.0,0.0,0.0,0.0,0.0,0.0,0.0,0.0
NY_Z_G-I_landbasedwind_class1_advanced_5,7,None,0.0,0.0,0.0,-0.0,0.0,-0.0,0.0,0.0,0.0,0.0,0.0,0.0,0.0,0.0
NY_Z_G-I_landbasedwind_class1_advanced_6,7,None,0.0,0.0,0.0,-0.0,0.0,-0.0,0.0,0.0,0.0,0.0,0.0,0.0,0.0,0.0
NY_Z_G-I_utilitypv_class1_advanced_1,7,None,0.0,0.0,0.0,711.5,711.5,12763.670125421286,0.0,0.0,0.0,0.0,0.0,0.0,0.0,0.0
NY_Z_G-I_utilitypv_class1_advanced_2,7,None,0.0,0.0,0.0,1048.4,1048.4,8581.897104458829,0.0,0.0,0.0,0.0,0.0,0.0,0.0,0.0
NY_Z_G-I_utilitypv_class1_advanced_3,7,None,0.0,0.0,0.0,840.1,840.1,38.05309500328878,0.0,0.0,0.0,0.0,0.0,0.0,0.0,0.0
NY_Z_G-I_utilitypv_class1_advanced_4,7,None,0.0,0.0,0.0,319.2676906347657,319.2676906347657,-0.0,0.0,0.0,0.0,0.0,0.0,0.0,0.0,0.0
NY_Z_G-I_utilitypv_class1_advanced_5,7,None,0.0,0.0,0.0,-0.0,0.0,-0.0,0.0,0.0,0.0,0.0,0.0,0.0,0.0,0.0
NY_Z_G-I_utilitypv_class1_advanced_6,7,None,0.0,0.0,0.0,-0.0,0.0,-0.0,0.0,0.0,0.0,0.0,0.0,0.0,0.0,0.0
NY_Z_J_offshorewind_class3_advanced_fixed_1_0,8,None,0.0,0.0,0.0,-0.0,0.0,-0.0,0.0,0.0,0.0,0.0,0.0,0.0,0.0,0.0
NY_Z_J_offshorewind_class3_advanced_fixed_1_1,8,None,0.0,0.0,0.0,-0.0,0.0,-0.0,0.0,0.0,0.0,0.0,0.0,0.0,0.0,0.0
NY_Z_J_offshorewind_class3_advanced_fixed_1_2,8,None,0.0,0.0,0.0,-0.0,0.0,-0.0,0.0,0.0,0.0,0.0,0.0,0.0,0.0,0.0
NY_Z_J_offshorewind_class3_advanced_fixed_1_3,8,None,0.0,0.0,0.0,-0.0,0.0,-0.0,0.0,0.0,0.0,0.0,0.0,0.0,0.0,0.0
NY_Z_J_offshorewind_class3_advanced_fixed_1_4,8,None,0.0,0.0,0.0,-0.0,0.0,-0.0,0.0,0.0,0.0,0.0,0.0,0.0,0.0,0.0
NY_Z_J_offshorewind_class3_advanced_fixed_1_5,8,None,0.0,0.0,0.0,-0.0,0.0,-0.0,0.0,0.0,0.0,0.0,0.0,0.0,0.0,0.0
NY_Z_J_offshorewind_class3_advanced_fixed_0_0,8,None,0.0,0.0,0.0,-0.0,0.0,-0.0,0.0,0.0,0.0,0.0,0.0,0.0,0.0,0.0
NY_Z_J_offshorewind_class3_advanced_fixed_0_1,8,None,0.0,0.0,0.0,-0.0,0.0,-0.0,0.0,0.0,0.0,0.0,0.0,0.0,0.0,0.0
NY_Z_J_offshorewind_class3_advanced_fixed_0_2,8,None,0.0,0.0,0.0,-0.0,0.0,-0.0,0.0,0.0,0.0,0.0,0.0,0.0,0.0,0.0
NY_Z_J_offshorewind_class3_advanced_fixed_0_3,8,None,0.0,0.0,0.0,-0.0,0.0,-0.0,0.0,0.0,0.0,0.0,0.0,0.0,0.0,0.0
NY_Z_J_offshorewind_class3_advanced_fixed_0_4,8,None,0.0,0.0,0.0,-0.0,0.0,-0.0,0.0,0.0,0.0,0.0,0.0,0.0,0.0,0.0
NY_Z_J_offshorewind_class3_advanced_fixed_0_5,8,None,0.0,0.0,0.0,-0.0,0.0,-0.0,0.0,0.0,0.0,0.0,0.0,0.0,0.0,0.0
NY_Z_J_offshorewind_class12_advanced_floating_0_0,8,None,0.0,0.0,0.0,-0.0,0.0,-0.0,0.0,0.0,0.0,0.0,0.0,0.0,0.0,0.0
NY_Z_J_offshorewind_class12_advanced_floating_0_1,8,None,0.0,0.0,0.0,-0.0,0.0,-0.0,0.0,0.0,0.0,0.0,0.0,0.0,0.0,0.0
NY_Z_J_offshorewind_class12_advanced_floating_0_2,8,None,0.0,0.0,0.0,-0.0,0.0,-0.0,0.0,0.0,0.0,0.0,0.0,0.0,0.0,0.0
NY_Z_J_offshorewind_class12_advanced_floating_0_3,8,None,0.0,0.0,0.0,-0.0,0.0,-0.0,0.0,0.0,0.0,0.0,0.0,0.0,0.0,0.0
NY_Z_J_offshorewind_class12_advanced_floating_0_4,8,None,0.0,0.0,0.0,-0.0,0.0,-0.0,0.0,0.0,0.0,0.0,0.0,0.0,0.0,0.0
NY_Z_J_offshorewind_class12_advanced_floating_0_5,8,None,0.0,0.0,0.0,-0.0,0.0,-0.0,0.0,0.0,0.0,0.0,0.0,0.0,0.0,0.0
NY_Z_J_offshorewind_class12_advanced_floating_1_0,8,None,0.0,0.0,0.0,-0.0,0.0,-0.0,0.0,0.0,0.0,0.0,0.0,0.0,0.0,0.0
NY_Z_J_offshorewind_class12_advanced_floating_1_1,8,None,0.0,0.0,0.0,-0.0,0.0,-0.0,0.0,0.0,0.0,0.0,0.0,0.0,0.0,0.0
NY_Z_J_offshorewind_class12_advanced_floating_1_2,8,None,0.0,0.0,0.0,-0.0,0.0,-0.0,0.0,0.0,0.0,0.0,0.0,0.0,0.0,0.0
NY_Z_J_offshorewind_class12_advanced_floating_1_3,8,None,0.0,0.0,0.0,-0.0,0.0,-0.0,0.0,0.0,0.0,0.0,0.0,0.0,0.0,0.0
NY_Z_J_offshorewind_class12_advanced_floating_1_4,8,None,0.0,0.0,0.0,-0.0,0.0,-0.0,0.0,0.0,0.0,0.0,0.0,0.0,0.0,0.0
NY_Z_J_offshorewind_class12_advanced_floating_1_5,8,None,0.0,0.0,0.0,-0.0,0.0,-0.0,0.0,0.0,0.0,0.0,0.0,0.0,0.0,0.0
NY_Z_K_utilitypv_class1_advanced_1,9,None,0.0,0.0,0.0,4.5,4.5,18348.764161341634,0.0,0.0,0.0,0.0,0.0,0.0,0.0,0.0
PJM_EMAC_offshorewind_class3_advanced_fixed_1_0,10,None,0.0,0.0,0.0,-0.0,0.0,-0.0,0.0,0.0,0.0,0.0,0.0,0.0,0.0,0.0
PJM_EMAC_offshorewind_class3_advanced_fixed_1_1,10,None,0.0,0.0,0.0,-0.0,0.0,-0.0,0.0,0.0,0.0,0.0,0.0,0.0,0.0,0.0
PJM_EMAC_offshorewind_class3_advanced_fixed_1_2,10,None,0.0,0.0,0.0,-0.0,0.0,-0.0,0.0,0.0,0.0,0.0,0.0,0.0,0.0,0.0
PJM_EMAC_offshorewind_class3_advanced_fixed_1_3,10,None,0.0,0.0,0.0,-0.0,0.0,-0.0,0.0,0.0,0.0,0.0,0.0,0.0,0.0,0.0
PJM_EMAC_offshorewind_class3_advanced_fixed_1_4,10,None,0.0,0.0,0.0,-0.0,0.0,-0.0,0.0,0.0,0.0,0.0,0.0,0.0,0.0,0.0
PJM_EMAC_offshorewind_class3_advanced_fixed_1_5,10,None,0.0,0.0,0.0,-0.0,0.0,-0.0,0.0,0.0,0.0,0.0,0.0,0.0,0.0,0.0
PJM_EMAC_offshorewind_class3_advanced_fixed_0_0,10,None,0.0,0.0,0.0,-0.0,0.0,-0.0,0.0,0.0,0.0,0.0,0.0,0.0,0.0,0.0
PJM_EMAC_offshorewind_class3_advanced_fixed_0_1,10,None,0.0,0.0,0.0,-0.0,0.0,-0.0,0.0,0.0,0.0,0.0,0.0,0.0,0.0,0.0
PJM_EMAC_offshorewind_class3_advanced_fixed_0_2,10,None,0.0,0.0,0.0,-0.0,0.0,-0.0,0.0,0.0,0.0,0.0,0.0,0.0,0.0,0.0
PJM_EMAC_offshorewind_class3_advanced_fixed_0_3,10,None,0.0,0.0,0.0,-0.0,0.0,-0.0,0.0,0.0,0.0,0.0,0.0,0.0,0.0,0.0
PJM_EMAC_offshorewind_class3_advanced_fixed_0_4,10,None,0.0,0.0,0.0,-0.0,0.0,-0.0,0.0,0.0,0.0,0.0,0.0,0.0,0.0,0.0
PJM_EMAC_offshorewind_class3_advanced_fixed_0_5,10,None,0.0,0.0,0.0,-0.0,0.0,-0.0,0.0,0.0,0.0,0.0,0.0,0.0,0.0,0.0
PJM_EMAC_offshorewind_class12_advanced_floating_0_0,10,None,0.0,0.0,0.0,-0.0,0.0,-0.0,0.0,0.0,0.0,0.0,0.0,0.0,0.0,0.0
PJM_EMAC_offshorewind_class12_advanced_floating_0_1,10,None,0.0,0.0,0.0,-0.0,0.0,-0.0,0.0,0.0,0.0,0.0,0.0,0.0,0.0,0.0
PJM_EMAC_offshorewind_class12_advanced_floating_0_2,10,None,0.0,0.0,0.0,-0.0,0.0,-0.0,0.0,0.0,0.0,0.0,0.0,0.0,0.0,0.0
PJM_EMAC_offshorewind_class12_advanced_floating_0_3,10,None,0.0,0.0,0.0,-0.0,0.0,-0.0,0.0,0.0,0.0,0.0,0.0,0.0,0.0,0.0
PJM_EMAC_offshorewind_class12_advanced_floating_0_4,10,None,0.0,0.0,0.0,-0.0,0.0,-0.0,0.0,0.0,0.0,0.0,0.0,0.0,0.0,0.0
PJM_EMAC_offshorewind_class12_advanced_floating_0_5,10,None,0.0,0.0,0.0,-0.0,0.0,-0.0,0.0,0.0,0.0,0.0,0.0,0.0,0.0,0.0
PJM_EMAC_landbasedwind_class1_advanced_1,10,None,0.0,0.0,0.0,77.1,77.1,20599.877683404655,0.0,0.0,0.0,0.0,0.0,0.0,0.0,0.0
PJM_EMAC_landbasedwind_class1_advanced_2,10,None,0.0,0.0,0.0,363.2,363.2,22301.441567917103,0.0,0.0,0.0,0.0,0.0,0.0,0.0,0.0
PJM_EMAC_landbasedwind_class1_advanced_3,10,None,0.0,0.0,0.0,-0.0,0.0,-0.0,0.0,0.0,0.0,0.0,0.0,0.0,0.0,0.0
PJM_EMAC_landbasedwind_class1_advanced_4,10,None,0.0,0.0,0.0,-0.0,0.0,-0.0,0.0,0.0,0.0,0.0,0.0,0.0,0.0,0.0
PJM_EMAC_landbasedwind_class1_advanced_5,10,None,0.0,0.0,0.0,-0.0,0.0,-0.0,0.0,0.0,0.0,0.0,0.0,0.0,0.0,0.0
PJM_EMAC_landbasedwind_class1_advanced_6,10,None,0.0,0.0,0.0,-0.0,0.0,-0.0,0.0,0.0,0.0,0.0,0.0,0.0,0.0,0.0
PJM_EMAC_utilitypv_class1_advanced_1,10,None,0.0,0.0,0.0,-0.0,0.0,-0.0,0.0,0.0,0.0,0.0,0.0,0.0,0.0,0.0
PJM_EMAC_utilitypv_class1_advanced_2,10,None,0.0,0.0,0.0,-0.0,0.0,-0.0,0.0,0.0,0.0,0.0,0.0,0.0,0.0,0.0
PJM_EMAC_utilitypv_class1_advanced_3,10,None,0.0,0.0,0.0,-0.0,0.0,-0.0,0.0,0.0,0.0,0.0,0.0,0.0,0.0,0.0
PJM_EMAC_utilitypv_class1_advanced_4,10,None,0.0,0.0,0.0,-0.0,0.0,-0.0,0.0,0.0,0.0,0.0,0.0,0.0,0.0,0.0
PJM_EMAC_utilitypv_class1_advanced_5,10,None,0.0,0.0,0.0,-0.0,0.0,-0.0,0.0,0.0,0.0,0.0,0.0,0.0,0.0,0.0
PJM_EMAC_utilitypv_class1_advanced_6,10,None,0.0,0.0,0.0,-0.0,0.0,-0.0,0.0,0.0,0.0,0.0,0.0,0.0,0.0,0.0
PJM_Rest_landbasedwind_class1_advanced_1,11,None,0.0,0.0,0.0,5862.7,5862.7,19977.58050234946,0.0,0.0,0.0,0.0,0.0,0.0,0.0,0.0
PJM_Rest_landbasedwind_class1_advanced_2,11,None,0.0,0.0,0.0,10471.6,10471.6,32186.63973319643,0.0,0.0,0.0,0.0,0.0,0.0,0.0,0.0
PJM_Rest_landbasedwind_class1_advanced_3,11,None,0.0,0.0,0.0,-0.0,0.0,-0.0,0.0,0.0,0.0,0.0,0.0,0.0,0.0,0.0
PJM_Rest_landbasedwind_class1_advanced_4,11,None,0.0,0.0,0.0,-0.0,0.0,-0.0,0.0,0.0,0.0,0.0,0.0,0.0,0.0,0.0
PJM_Rest_landbasedwind_class1_advanced_5,11,None,0.0,0.0,0.0,-0.0,0.0,-0.0,0.0,0.0,0.0,0.0,0.0,0.0,0.0,0.0
PJM_Rest_landbasedwind_class1_advanced_6,11,None,0.0,0.0,0.0,-0.0,0.0,-0.0,0.0,0.0,0.0,0.0,0.0,0.0,0.0,0.0
PJM_Rest_utilitypv_class1_advanced_1,11,None,0.0,0.0,0.0,-0.0,0.0,-0.0,0.0,0.0,0.0,0.0,0.0,0.0,0.0,0.0
PJM_Rest_utilitypv_class1_advanced_2,11,None,0.0,0.0,0.0,59327.538444391554,59327.538444391554,-0.0,0.0,0.0,0.0,0.0,0.0,0.0,0.0,0.0
PJM_Rest_utilitypv_class1_advanced_3,11,None,0.0,0.0,0.0,-0.0,0.0,-0.0,0.0,0.0,0.0,0.0,0.0,0.0,0.0,0.0
PJM_Rest_utilitypv_class1_advanced_4,11,None,0.0,0.0,0.0,-0.0,0.0,-0.0,0.0,0.0,0.0,0.0,0.0,0.0,0.0,0.0
PJM_Rest_utilitypv_class1_advanced_5,11,None,0.0,0.0,0.0,-0.0,0.0,-0.0,0.0,0.0,0.0,0.0,0.0,0.0,0.0,0.0
PJM_Rest_utilitypv_class1_advanced_6,11,None,0.0,0.0,0.0,-0.0,0.0,-0.0,0.0,0.0,0.0,0.0,0.0,0.0,0.0,0.0
NENG_Rest_hydroelectric_pumped_storage_1,1,None,1830.0,0.0,0.0,0.0,1830.0,0.0,28365.0,0.0,0.0,28365.0,0.0,0.0,0.0,0.0
NY_Z_A_hydroelectric_pumped_storage_1,2,None,240.0,0.0,0.0,0.0,240.0,0.0,3720.0,0.0,0.0,3720.0,0.0,0.0,0.0,0.0
NY_Z_F_hydroelectric_pumped_storage_1,6,None,1166.7,0.0,0.0,0.0,1166.7,0.0,18083.8,0.0,0.0,18083.8,0.0,0.0,0.0,0.0
PJM_EMAC_hydroelectric_pumped_storage_1,10,None,1490.0,0.0,0.0,0.0,1490.0,0.0,23095.0,0.0,0.0,23095.0,0.0,0.0,0.0,0.0
PJM_Rest_hydroelectric_pumped_storage_1,11,None,3693.0,0.0,0.0,0.0,3693.0,0.0,57241.5,0.0,0.0,57241.5,0.0,0.0,0.0,0.0
NENG_Rest_battery_advanced_0,1,None,0.0,0.0,0.0,1585.5849955989597,1585.5849955989597,0.0,0.0,0.0,3013.428922357644,3013.428922357644,0.0,0.0,0.0,0.0
NY_Z_A_battery_advanced_0,2,None,0.0,0.0,0.0,1122.6929468536257,1122.6929468536257,0.0,0.0,0.0,3660.955261479214,3660.955261479214,0.0,0.0,0.0,0.0
NY_Z_B_battery_advanced_0,3,None,0.0,0.0,0.0,-0.0,0.0,0.0,0.0,0.0,-0.0,0.0,0.0,0.0,0.0,0.0
NY_Z_C&E_battery_advanced_0,4,None,0.0,0.0,0.0,2567.0932346827717,2567.0932346827717,0.0,0.0,0.0,12947.703687450112,12947.703687450112,0.0,0.0,0.0,0.0
NY_Z_D_battery_advanced_0,5,None,0.0,0.0,0.0,830.0455037155256,830.0455037155256,0.0,0.0,0.0,4092.6296205393246,4092.6296205393246,0.0,0.0,0.0,0.0
NY_Z_F_battery_advanced_0,6,None,0.0,0.0,0.0,3728.0896012415924,3728.0896012415924,0.0,0.0,0.0,21584.195535057836,21584.195535057836,0.0,0.0,0.0,0.0
NY_Z_G-I_battery_advanced_0,7,None,0.0,0.0,0.0,585.2713416183916,585.2713416183916,0.0,0.0,0.0,3769.147440022442,3769.147440022442,0.0,0.0,0.0,0.0
NY_Z_J_battery_advanced_0,8,None,0.0,0.0,0.0,400.2941551386196,400.2941551386196,0.0,0.0,0.0,2850.485977568152,2850.485977568152,0.0,0.0,0.0,0.0
NY_Z_K_battery_advanced_0,9,None,0.0,0.0,0.0,-0.0,0.0,0.0,0.0,0.0,-0.0,0.0,0.0,0.0,0.0,0.0
PJM_EMAC_battery_advanced_0,10,None,0.0,0.0,0.0,94.17803909386342,94.17803909386342,0.0,0.0,0.0,102.36743379767762,102.36743379767762,0.0,0.0,0.0,0.0
PJM_Rest_battery_advanced_0,11,None,0.0,0.0,0.0,25092.430695221996,25092.430695221996,0.0,0.0,0.0,95591.39649729445,95591.39649729445,0.0,0.0,0.0,0.0
NY_Z_A_res_water_heat_1,2,None,19.6,0.0,0.0,0.0,19.6,0.0,0.0,0.0,0.0,0.0,0.0,0.0,0.0,0.0
NY_Z_B_res_water_heat_1,3,None,14.9,0.0,0.0,0.0,14.9,0.0,0.0,0.0,0.0,0.0,0.0,0.0,0.0,0.0
NY_Z_C&E_res_water_heat_1,4,None,29.4,0.0,0.0,0.0,29.4,0.0,0.0,0.0,0.0,0.0,0.0,0.0,0.0,0.0
NY_Z_D_res_water_heat_1,5,None,3.4,0.0,0.0,0.0,3.4,0.0,0.0,0.0,0.0,0.0,0.0,0.0,0.0,0.0
NY_Z_F_res_water_heat_1,6,None,18.0,0.0,0.0,0.0,18.0,0.0,0.0,0.0,0.0,0.0,0.0,0.0,0.0,0.0
NY_Z_G-I_res_water_heat_1,7,None,33.3,0.0,0.0,0.0,33.3,0.0,0.0,0.0,0.0,0.0,0.0,0.0,0.0,0.0
NY_Z_J_res_water_heat_1,8,None,119.3,0.0,0.0,0.0,119.3,0.0,0.0,0.0,0.0,0.0,0.0,0.0,0.0,0.0
NY_Z_K_res_water_heat_1,9,None,40.6,0.0,0.0,0.0,40.6,0.0,0.0,0.0,0.0,0.0,0.0,0.0,0.0,0.0
PJM_EMAC_res_water_heat_1,10,None,331.3,0.0,0.0,0.0,331.3,0.0,0.0,0.0,0.0,0.0,0.0,0.0,0.0,0.0
PJM_Rest_res_water_heat_1,11,None,1411.4,0.0,0.0,0.0,1411.4,0.0,0.0,0.0,0.0,0.0,0.0,0.0,0.0,0.0
NENG_Rest_res_water_heat_1,1,None,258.5,0.0,0.0,0.0,258.5,0.0,0.0,0.0,0.0,0.0,0.0,0.0,0.0,0.0
NY_Z_A_trans_light_duty_1,2,None,59.6,0.0,0.0,0.0,59.6,0.0,0.0,0.0,0.0,0.0,0.0,0.0,0.0,0.0
NY_Z_B_trans_light_duty_1,3,None,45.1,0.0,0.0,0.0,45.1,0.0,0.0,0.0,0.0,0.0,0.0,0.0,0.0,0.0
NY_Z_C&E_trans_light_duty_1,4,None,89.3,0.0,0.0,0.0,89.3,0.0,0.0,0.0,0.0,0.0,0.0,0.0,0.0,0.0
NY_Z_D_trans_light_duty_1,5,None,10.3,0.0,0.0,0.0,10.3,0.0,0.0,0.0,0.0,0.0,0.0,0.0,0.0,0.0
NY_Z_F_trans_light_duty_1,6,None,54.6,0.0,0.0,0.0,54.6,0.0,0.0,0.0,0.0,0.0,0.0,0.0,0.0,0.0
NY_Z_G-I_trans_light_duty_1,7,None,101.0,0.0,0.0,0.0,101.0,0.0,0.0,0.0,0.0,0.0,0.0,0.0,0.0,0.0
NY_Z_J_trans_light_duty_1,8,None,361.9,0.0,0.0,0.0,361.9,0.0,0.0,0.0,0.0,0.0,0.0,0.0,0.0,0.0
NY_Z_K_trans_light_duty_1,9,None,123.3,0.0,0.0,0.0,123.3,0.0,0.0,0.0,0.0,0.0,0.0,0.0,0.0,0.0
PJM_EMAC_trans_light_duty_1,10,None,1150.0,0.0,0.0,0.0,1150.0,0.0,0.0,0.0,0.0,0.0,0.0,0.0,0.0,0.0
PJM_Rest_trans_light_duty_1,11,None,3499.2,0.0,0.0,0.0,3499.2,0.0,0.0,0.0,0.0,0.0,0.0,0.0,0.0,0.0
NENG_Rest_trans_light_duty_1,1,None,978.4,0.0,0.0,0.0,978.4,0.0,0.0,0.0,0.0,0.0,0.0,0.0,0.0,0.0
NENG_Rest_biomass_1,1,None,30.5,0.0,0.0,0.0,30.5,0.0,0.0,0.0,0.0,0.0,0.0,0.0,0.0,0.0
NENG_Rest_biomass_2,1,None,57.9,0.0,0.0,0.0,57.9,0.0,0.0,0.0,0.0,0.0,0.0,0.0,0.0,0.0
NENG_Rest_biomass_3,1,None,108.5,0.0,0.0,0.0,108.5,0.0,0.0,0.0,0.0,0.0,0.0,0.0,0.0,0.0
NENG_Rest_small_hydroelectric_1,1,None,418.6,0.0,0.0,0.0,418.6,0.0,0.0,0.0,0.0,0.0,0.0,0.0,0.0,0.0
NY_Z_A_biomass_1,2,None,24.7,0.0,0.0,0.0,24.7,0.0,0.0,0.0,0.0,0.0,0.0,0.0,0.0,0.0
NY_Z_A_small_hydroelectric_1,2,None,1.0,0.0,0.0,0.0,1.0,0.0,0.0,0.0,0.0,0.0,0.0,0.0,0.0,0.0
NY_Z_B_biomass_1,3,None,11.3,0.0,0.0,0.0,11.3,0.0,0.0,0.0,0.0,0.0,0.0,0.0,0.0,0.0
NY_Z_B_small_hydroelectric_1,3,None,285.5,0.0,0.0,0.0,285.5,0.0,0.0,0.0,0.0,0.0,0.0,0.0,0.0,0.0
NY_Z_C&E_biomass_1,4,None,75.8,0.0,0.0,0.0,75.8,0.0,0.0,0.0,0.0,0.0,0.0,0.0,0.0,0.0
NY_Z_C&E_small_hydroelectric_1,4,None,277.6,0.0,0.0,0.0,277.6,0.0,0.0,0.0,0.0,0.0,0.0,0.0,0.0,0.0
NY_Z_D_small_hydroelectric_1,5,None,30.2,0.0,0.0,0.0,30.2,0.0,0.0,0.0,0.0,0.0,0.0,0.0,0.0,0.0
NY_Z_F_small_hydroelectric_1,6,None,111.8,0.0,0.0,0.0,111.8,0.0,0.0,0.0,0.0,0.0,0.0,0.0,0.0,0.0
NY_Z_G-I_small_hydroelectric_1,7,None,32.0,0.0,0.0,0.0,32.0,0.0,0.0,0.0,0.0,0.0,0.0,0.0,0.0,0.0
PJM_EMAC_biomass_1,10,None,155.2,0.0,0.0,0.0,155.2,0.0,0.0,0.0,0.0,0.0,0.0,0.0,0.0,0.0
PJM_EMAC_small_hydroelectric_1,10,None,5.1,0.0,0.0,0.0,5.1,0.0,0.0,0.0,0.0,0.0,0.0,0.0,0.0,0.0
PJM_Rest_biomass_1,11,None,134.2,0.0,0.0,0.0,134.2,0.0,0.0,0.0,0.0,0.0,0.0,0.0,0.0,0.0
PJM_Rest_biomass_2,11,None,77.5,0.0,0.0,0.0,77.5,0.0,0.0,0.0,0.0,0.0,0.0,0.0,0.0,0.0
PJM_Rest_small_hydroelectric_1,11,None,301.5,0.0,0.0,0.0,301.5,0.0,0.0,0.0,0.0,0.0,0.0,0.0,0.0,0.0
NENG_Rest_distributed_generation_1,1,None,5664.0,4463.035201125796,0.0,0.0,1200.9647988742036,0.0,0.0,0.0,0.0,0.0,0.0,0.0,0.0,0.0
NY_Z_A_distributed_generation_1,2,None,232.0,232.0,0.0,0.0,0.0,0.0,0.0,0.0,0.0,0.0,0.0,0.0,0.0,0.0
NY_Z_B_distributed_generation_1,3,None,176.0,176.0,0.0,0.0,0.0,0.0,0.0,0.0,0.0,0.0,0.0,0.0,0.0,0.0
NY_Z_C&E_distributed_generation_1,4,None,347.0,347.0,0.0,0.0,0.0,0.0,0.0,0.0,0.0,0.0,0.0,0.0,0.0,0.0
NY_Z_D_distributed_generation_1,5,None,40.0,40.0,0.0,0.0,0.0,0.0,0.0,0.0,0.0,0.0,0.0,0.0,0.0,0.0
NY_Z_F_distributed_generation_1,6,None,212.0,212.0,0.0,0.0,0.0,0.0,0.0,0.0,0.0,0.0,0.0,0.0,0.0,0.0
NY_Z_G-I_distributed_generation_1,7,None,393.0,393.0,0.0,0.0,0.0,0.0,0.0,0.0,0.0,0.0,0.0,0.0,0.0,0.0
NY_Z_J_distributed_generation_1,8,None,1407.0,1407.0,0.0,0.0,0.0,0.0,0.0,0.0,0.0,0.0,0.0,0.0,0.0,0.0
NY_Z_K_distributed_generation_1,9,None,480.0,480.0,0.0,0.0,0.0,0.0,0.0,0.0,0.0,0.0,0.0,0.0,0.0,0.0
PJM_EMAC_distributed_generation_1,10,None,6197.0,0.0,0.0,0.0,6197.0,0.0,0.0,0.0,0.0,0.0,0.0,0.0,0.0,0.0
PJM_Rest_distributed_generation_1,11,None,13234.0,0.0,0.0,0.0,13234.0,0.0,0.0,0.0,0.0,0.0,0.0,0.0,0.0,0.0
Total,n/a,n/a,238236.80000000002,140960.1769352442,0.0,238710.8201485209,335987.4432132767,n/a,130505.3,0.0,147612.31037556686,278117.6103755669,0.0,0.0,0.0,0.0
