region,Resource,zone,Cluster,R_ID,Inv_cost_MW,Inv_cost_MWh,Inv_cost_charge_MW,Fixed_OM_cost_MW,Fixed_OM_cost_MWh,Fixed_OM_cost_charge_MW,Var_OM_cost_out,Fuel_cost,Var_OM_cost_in,StartCost,Charge_cost,CO2SequestrationCost,EnergyRevenue,SubsidyRevenue,OperatingReserveRevenue,OperatingRegulationRevenue,ReserveMarginRevenue,ESRRevenue,EmissionsCost,RegSubsidyRevenue,Revenue,Cost,Profit
NENG_Rest,NENG_Rest_conventional_hydroelectric_1,1,1,1,0.0,0.0,0.0,5.6797387599999994e7,0.0,0.0,0.0,0.0,0.0,0.0,0.0,0.0,8.32843995620856e7,0.0,0.0,0.0,6.739809536956912e7,2.977682224056993e7,0.0,0.0,8.32843995620856e7,5.6797387599999994e7,2.6487011962085605e7
NY_Z_A,NY_Z_A_conventional_hydroelectric_1,2,1,2,0.0,0.0,0.0,1.295391149e8,0.0,0.0,0.0,0.0,0.0,0.0,0.0,0.0,1.2805327791847849e8,0.0,0.0,0.0,1.9467566560534993e8,2.1251349332551762e8,0.0,0.0,1.2805327791847849e8,1.295391149e8,-1.485836981521517e6
NY_Z_B,NY_Z_B_conventional_hydroelectric_1,3,1,3,0.0,0.0,0.0,0.0,0.0,0.0,0.0,0.0,0.0,0.0,0.0,0.0,0.0,0.0,0.0,0.0,0.0,0.0,0.0,0.0,0.0,0.0,0.0
NY_Z_C&E,NY_Z_C&E_conventional_hydroelectric_1,4,1,4,0.0,0.0,0.0,3.3676233e6,0.0,0.0,0.0,0.0,0.0,0.0,0.0,0.0,2.682748594109731e6,0.0,0.0,0.0,3.5297779968688856e6,3.590935597504826e6,0.0,0.0,2.682748594109731e6,3.3676233e6,-684874.705890269
NY_Z_D,NY_Z_D_conventional_hydroelectric_1,5,1,5,0.0,0.0,0.0,4.30715296e7,0.0,0.0,0.0,0.0,0.0,0.0,0.0,0.0,1.740392392102929e7,0.0,0.0,0.0,9.118104584608886e7,9.582640587750246e7,0.0,0.0,1.740392392102929e7,4.30715296e7,-2.5667605678970713e7
NY_Z_F,NY_Z_F_conventional_hydroelectric_1,6,1,6,0.0,0.0,0.0,1.4608994600000001e7,0.0,0.0,0.0,0.0,0.0,0.0,0.0,0.0,1.4389858776092835e7,0.0,0.0,0.0,1.7358682482898466e7,1.763735066527248e7,0.0,0.0,1.4389858776092835e7,1.4608994600000001e7,-219135.82390716672
PJM_EMAC,PJM_EMAC_conventional_hydroelectric_1,10,1,7,0.0,0.0,0.0,3.0430972e7,0.0,0.0,0.0,0.0,0.0,0.0,0.0,0.0,6.589892231690299e7,0.0,0.0,0.0,3.963894223230356e7,0.0,0.0,0.0,6.589892231690299e7,3.0430972e7,3.546795031690299e7
PJM_Rest,PJM_Rest_conventional_hydroelectric_1,11,1,8,0.0,0.0,0.0,8.02164678e7,0.0,0.0,0.0,0.0,0.0,0.0,0.0,0.0,6.347444741924655e7,0.0,0.0,0.0,5.226285717325932e7,0.0,0.0,0.0,6.347444741924655e7,8.02164678e7,-1.674202038075345e7
NENG_Rest,NENG_Rest_conventional_steam_coal_1,1,1,9,0.0,0.0,0.0,3.9607026e7,0.0,0.0,7.28106552864e6,0.0,0.0,0.0,0.0,0.0,6.680337647448009e7,0.0,0.0,0.0,5.9465573650844365e7,0.0,0.0,0.0,6.680337647448009e7,4.688809152864e7,1.991528494584009e7
NENG_Rest,NENG_Rest_natural_gas_fired_combined_cycle_1,1,1,10,0.0,0.0,0.0,4.380486194342627e6,0.0,0.0,5.595153745648063e6,3.97662243611085e7,0.0,0.0,0.0,0.0,1.7851588938214287e7,0.0,0.0,0.0,3.1890275362884834e7,0.0,0.0,0.0,1.7851588938214287e7,4.974186430109919e7,-3.18902753628849e7
NENG_Rest,NENG_Rest_natural_gas_fired_combined_cycle_2,1,2,11,0.0,0.0,0.0,1.163506911e8,0.0,0.0,1.6695066720447683e8,1.2365479417611575e9,0.0,0.0,0.0,0.0,7.23877931621346e8,0.0,0.0,0.0,1.427350263615119e9,0.0,0.0,0.0,7.23877931621346e8,1.5198493000656343e9,-7.959713684442883e8
NENG_Rest,NENG_Rest_natural_gas_fired_combustion_turbine_1,1,1,12,0.0,0.0,0.0,1.0686073200000001e7,0.0,0.0,1.1664095542559996e7,7.845931041204473e7,0.0,0.0,0.0,0.0,3.2103236597882558e7,0.0,0.0,0.0,1.2669697107526931e8,0.0,0.0,0.0,3.2103236597882558e7,1.0080947915460473e8,-6.870624255672218e7
NENG_Rest,NENG_Rest_natural_gas_fired_combustion_turbine_2,1,2,13,0.0,0.0,0.0,0.0,0.0,0.0,0.0,0.0,0.0,0.0,0.0,0.0,0.0,0.0,0.0,0.0,0.0,0.0,0.0,0.0,0.0,0.0,0.0
NENG_Rest,NENG_Rest_nuclear_1,1,1,14,0.0,0.0,0.0,2.1263362072070125e8,0.0,0.0,2.4078845116885647e7,5.6561207179564424e7,0.0,0.0,0.0,0.0,1.2720179659553993e8,0.0,0.0,0.0,1.1406621499475077e8,5.200566142686061e7,0.0,0.0,1.2720179659553993e8,2.932736730171513e8,-1.6607187642161137e8
NY_Z_A,NY_Z_A_natural_gas_fired_combined_cycle_1,2,1,15,0.0,0.0,0.0,6.209300619639667e6,0.0,0.0,8.426773754873293e6,5.0366254039515615e7,0.0,0.0,0.0,0.0,1.6429734935895845e7,0.0,0.0,0.0,4.857259347813277e7,0.0,0.0,0.0,1.6429734935895845e7,6.500232841402857e7,-4.8572593478132725e7
NY_Z_A,NY_Z_A_natural_gas_fired_combustion_turbine_1,2,1,16,0.0,0.0,0.0,741143.0,0.0,0.0,469471.9644000001,2.69250428628e6,0.0,0.0,0.0,0.0,789608.4428290729,0.0,0.0,0.0,6.856492624419662e6,0.0,0.0,0.0,789608.4428290729,3.9031192506800005e6,-3.1135108078509276e6
NY_Z_A,NY_Z_A_natural_gas_steam_turbine_1,2,1,17,0.0,0.0,0.0,2.61054e6,0.0,0.0,164315.49749999985,3.211111445850002e6,0.0,0.0,0.0,0.0,2.304736570478236e6,0.0,0.0,0.0,6.564726980827335e6,0.0,0.0,0.0,2.304736570478236e6,5.985966943350002e6,-3.6812303728717663e6
NY_Z_B,NY_Z_B_natural_gas_fired_combined_cycle_1,3,1,18,0.0,0.0,0.0,2.6501822958380217e-10,0.0,0.0,8.92868001756142e-12,5.207310209698335e-11,0.0,0.0,0.0,0.0,5.0737881814198597e-11,0.0,0.0,0.0,2.0731195859889772e-9,0.0,0.0,0.0,5.0737881814198597e-11,3.2602001169834694e-10,-2.752821298841483e-10
NY_Z_B,NY_Z_B_natural_gas_fired_combustion_turbine_1,3,1,19,0.0,0.0,0.0,0.0,0.0,0.0,0.0,0.0,0.0,0.0,0.0,0.0,0.0,0.0,0.0,0.0,0.0,0.0,0.0,0.0,0.0,0.0,0.0
NY_Z_B,NY_Z_B_natural_gas_steam_turbine_1,3,1,20,0.0,0.0,0.0,0.0,0.0,0.0,0.0,0.0,0.0,0.0,0.0,0.0,0.0,0.0,0.0,0.0,0.0,0.0,0.0,0.0,0.0,0.0,0.0
NY_Z_B,NY_Z_B_nuclear_1,3,1,21,0.0,0.0,0.0,0.0,0.0,0.0,0.0,0.0,0.0,0.0,0.0,0.0,0.0,0.0,0.0,0.0,0.0,0.0,0.0,0.0,0.0,0.0,0.0
NY_Z_C&E,NY_Z_C&E_natural_gas_fired_combined_cycle_1,4,1,22,0.0,0.0,0.0,2.74177092e7,0.0,0.0,2.9646772848000027e7,1.8570132100724393e8,0.0,0.0,0.0,0.0,8.042917496495306e7,0.0,0.0,0.0,2.5795000549997544e8,0.0,0.0,0.0,8.042917496495306e7,2.4276580305524397e8,-1.623366280902909e8
NY_Z_C&E,NY_Z_C&E_natural_gas_steam_turbine_1,4,1,23,0.0,0.0,0.0,6.1666756e6,0.0,0.0,333542.2297200002,1.12690745905752e7,0.0,0.0,0.0,0.0,3.3457441764026885e6,0.0,0.0,0.0,1.5507343956932127e7,0.0,0.0,0.0,3.3457441764026885e6,1.77692924202952e7,-1.4423548243892513e7
NY_Z_C&E,NY_Z_C&E_nuclear_1,4,1,24,0.0,0.0,0.0,0.0,0.0,0.0,0.0,0.0,0.0,0.0,0.0,0.0,0.0,0.0,0.0,0.0,0.0,0.0,0.0,0.0,0.0,0.0,0.0
NY_Z_D,NY_Z_D_natural_gas_fired_combined_cycle_1,5,1,25,0.0,0.0,0.0,5.22172e6,0.0,0.0,4.054846319999998e6,2.4876127866240032e7,0.0,0.0,0.0,0.0,1.5872226612746662e6,0.0,0.0,0.0,4.084719010292564e7,0.0,0.0,0.0,1.5872226612746662e6,3.415269418624003e7,-3.2565471524965364e7
NY_Z_D,NY_Z_D_natural_gas_fired_combined_cycle_2,5,2,26,0.0,0.0,0.0,2.6501822958380217e-10,0.0,0.0,4.445932617882979e-10,2.4553720409920273e-9,0.0,0.0,0.0,0.0,-2.0939753874368734e-11,0.0,0.0,0.0,2.0731195859889772e-9,0.0,0.0,0.0,-2.0939753874368734e-11,3.1649835323641274e-9,-3.1859232862384963e-9
NY_Z_F,NY_Z_F_natural_gas_fired_combined_cycle_1,6,1,27,0.0,0.0,0.0,4.22005884e7,0.0,0.0,7.129924157102327e7,4.423310115562715e8,0.0,0.0,0.0,0.0,2.396924440010382e8,0.0,0.0,0.0,5.1056069972221136e8,0.0,0.0,0.0,2.396924440010382e8,5.558308415272948e8,-3.1613839752625656e8
NY_Z_F,NY_Z_F_natural_gas_fired_combined_cycle_2,6,2,28,0.0,0.0,0.0,1.0600729183352087e-9,0.0,0.0,2.9278929792740964e-9,1.680599199645157e-8,0.0,0.0,0.0,0.0,7.015372745478788e-9,0.0,0.0,0.0,8.292478343955909e-9,0.0,0.0,0.0,7.015372745478788e-9,2.0793957894060875e-8,-1.3778585148582086e-8
NY_Z_F,NY_Z_F_natural_gas_fired_combustion_turbine_1,6,1,29,0.0,0.0,0.0,0.0,0.0,0.0,0.0,0.0,0.0,0.0,0.0,0.0,0.0,0.0,0.0,0.0,0.0,0.0,0.0,0.0,0.0,0.0,0.0
NY_Z_G-I,NY_Z_G-I_natural_gas_fired_combined_cycle_1,7,1,30,0.0,0.0,0.0,8.2615155e6,0.0,0.0,1.6570987737086192e7,9.54159910811383e7,0.0,0.0,0.0,0.0,6.473729823369295e7,0.0,0.0,0.0,1.0890152647083567e8,0.0,0.0,0.0,6.473729823369295e7,1.2024849431822449e8,-5.551119608453154e7
NY_Z_G-I,NY_Z_G-I_natural_gas_fired_combined_cycle_2,7,2,31,0.0,0.0,0.0,0.0,0.0,0.0,0.0,0.0,0.0,0.0,0.0,0.0,0.0,0.0,0.0,0.0,0.0,0.0,0.0,0.0,0.0,0.0,0.0
NY_Z_G-I,NY_Z_G-I_natural_gas_fired_combustion_turbine_1,7,1,32,0.0,0.0,0.0,1.3214422e6,0.0,0.0,521518.1378399995,6.950369188677597e6,0.0,0.0,0.0,0.0,1.2289151082662644e6,0.0,0.0,0.0,1.222498046651846e7,0.0,0.0,0.0,1.2289151082662644e6,8.793329526517596e6,-7.564414418251332e6
NY_Z_G-I,NY_Z_G-I_natural_gas_fired_combustion_turbine_2,7,2,33,0.0,0.0,0.0,391071.2,0.0,0.0,105054.61535999997,745676.6039999995,0.0,0.0,0.0,0.0,247552.66335264765,0.0,0.0,0.0,3.617893980544843e6,0.0,0.0,0.0,247552.66335264765,1.2418024193599995e6,-994249.7560073518
NY_Z_J,NY_Z_J_natural_gas_fired_combined_cycle_1,8,1,34,0.0,0.0,0.0,1.41098334e7,0.0,0.0,2.1489097620046634e7,1.1033295519791715e8,0.0,0.0,0.0,0.0,6.434970875560136e7,0.0,0.0,0.0,1.1037494297097693e8,0.0,0.0,0.0,6.434970875560136e7,1.4593188621796378e8,-8.158217746236242e7
NY_Z_J,NY_Z_J_natural_gas_fired_combined_cycle_2,8,2,35,0.0,0.0,0.0,3.13019028e7,0.0,0.0,4.461473756648857e7,3.032293126632945e8,0.0,0.0,0.0,0.0,1.6278775275251314e8,0.0,0.0,0.0,4.126149731682674e8,0.0,0.0,0.0,1.6278775275251314e8,3.7914595302978307e8,-2.1635820027726993e8
NY_Z_J,NY_Z_J_natural_gas_fired_combustion_turbine_1,8,1,36,0.0,0.0,0.0,0.0,0.0,0.0,-2.4205816006073276e-9,-2.3902574301032362e-8,0.0,0.0,0.0,0.0,-5.3575806077533246e-9,0.0,0.0,0.0,0.0,-0.0,0.0,0.0,-5.3575806077533246e-9,-2.632315590163969e-8,2.0965575293886364e-8
NY_Z_J,NY_Z_J_natural_gas_fired_combustion_turbine_2,8,2,37,0.0,0.0,0.0,2.0708275e7,0.0,0.0,3.772432373400001e7,2.1871198000817963e8,0.0,0.0,0.0,0.0,9.398746415141384e7,0.0,0.0,0.0,2.3647605413158023e8,0.0,0.0,0.0,9.398746415141384e7,2.7714457874217963e8,-1.8315711459076577e8
NY_Z_K,NY_Z_K_natural_gas_fired_combined_cycle_1,9,1,38,0.0,0.0,0.0,4.1046449e6,0.0,0.0,5.411627313000009e6,3.1810596147234015e7,0.0,0.0,0.0,0.0,1.582903174637505e7,0.0,0.0,0.0,3.2108809077335477e7,0.0,0.0,0.0,1.582903174637505e7,4.132686836023402e7,-2.549783661385897e7
NY_Z_K,NY_Z_K_natural_gas_fired_combined_cycle_2,9,2,39,0.0,0.0,0.0,9.8448071e6,0.0,0.0,1.1302007053152049e7,5.706152931866463e7,0.0,0.0,0.0,0.0,3.577619448499317e7,0.0,0.0,0.0,7.701154162619445e7,0.0,0.0,0.0,3.577619448499317e7,7.820834347181669e7,-4.243214898682352e7
NY_Z_K,NY_Z_K_natural_gas_fired_combustion_turbine_1,9,1,40,0.0,0.0,0.0,0.0,0.0,0.0,-5.968913708898075e-10,-5.4026767591665285e-9,0.0,0.0,0.0,0.0,-1.5061029820965406e-9,0.0,0.0,0.0,0.0,-0.0,0.0,0.0,-1.5061029820965406e-9,-5.999568130056336e-9,4.493465147959795e-9
NY_Z_K,NY_Z_K_natural_gas_fired_combustion_turbine_2,9,2,41,0.0,0.0,0.0,-1.7927277440321632e-9,0.0,0.0,-3.6951487324507434e-9,-2.2304400532324173e-8,0.0,0.0,0.0,0.0,-9.627924913873107e-9,0.0,0.0,0.0,-1.6584956687911818e-8,-0.0,0.0,0.0,-9.627924913873107e-9,-2.779227700880708e-8,1.8164352094933973e-8
PJM_EMAC,PJM_EMAC_conventional_steam_coal_1,10,1,42,0.0,0.0,0.0,0.0,0.0,0.0,0.0,0.0,0.0,0.0,0.0,0.0,0.0,0.0,0.0,0.0,0.0,0.0,0.0,0.0,0.0,0.0,0.0
PJM_EMAC,PJM_EMAC_natural_gas_fired_combined_cycle_1,10,1,43,0.0,0.0,0.0,3.6527796300000004e7,0.0,0.0,5.664183154380001e7,3.4749268723496205e8,0.0,0.0,0.0,0.0,2.5012312937735075e8,0.0,0.0,0.0,2.4580999213481182e8,0.0,0.0,0.0,2.5012312937735075e8,4.4066231507876205e8,-1.905391857014113e8
PJM_EMAC,PJM_EMAC_natural_gas_fired_combined_cycle_2,10,2,44,0.0,0.0,0.0,1.529674476e8,0.0,0.0,2.117420015764521e8,1.3734246605718944e9,0.0,0.0,0.0,0.0,1.2342308756846642e9,0.0,0.0,0.0,1.4890536068194118e9,0.0,0.0,0.0,1.2342308756846642e9,1.7381341097483466e9,-5.039032340636823e8
PJM_EMAC,PJM_EMAC_natural_gas_fired_combined_cycle_3,10,3,45,0.0,0.0,0.0,0.0,0.0,0.0,8.395644448455628e-10,1.4663116494587298e-8,0.0,0.0,0.0,0.0,4.679696302896713e-9,0.0,0.0,0.0,0.0,0.0,0.0,0.0,4.679696302896713e-9,1.550268093943286e-8,-1.0822984636536146e-8
PJM_EMAC,PJM_EMAC_natural_gas_fired_combustion_turbine_1,10,1,46,0.0,0.0,0.0,0.0,0.0,0.0,0.0,0.0,0.0,0.0,0.0,0.0,0.0,0.0,0.0,0.0,0.0,0.0,0.0,0.0,0.0,0.0,0.0
PJM_EMAC,PJM_EMAC_natural_gas_fired_combustion_turbine_2,10,2,47,0.0,0.0,0.0,-5.325546226231381e-9,0.0,0.0,-1.7356730625617262e-8,-1.1541179229012843e-7,0.0,0.0,0.0,0.0,-6.614392460156587e-8,0.0,0.0,0.0,-5.706920035979387e-8,-0.0,0.0,0.0,-6.614392460156587e-8,-1.3809406914197707e-7,7.19501445404112e-8
PJM_EMAC,PJM_EMAC_natural_gas_steam_turbine_1,10,1,48,0.0,0.0,0.0,5.5143845199999996e7,0.0,0.0,2.562136135440002e6,1.083880472792041e8,0.0,0.0,0.0,0.0,4.896424190620689e7,0.0,0.0,0.0,1.9158295501761562e8,0.0,0.0,0.0,4.896424190620689e7,1.660940286146441e8,-1.1712978670843722e8
PJM_EMAC,PJM_EMAC_nuclear_1,10,1,49,0.0,0.0,0.0,1.6058324873e9,0.0,0.0,2.2475656572409672e8,5.27953172885904e8,0.0,0.0,0.0,0.0,1.4404811041209362e9,0.0,0.0,0.0,9.22110623989869e8,0.0,0.0,0.0,1.4404811041209362e9,2.358542225910001e9,-9.180611217890646e8
PJM_EMAC,PJM_EMAC_nuclear_2,10,2,50,0.0,0.0,0.0,0.0,0.0,0.0,0.0,0.0,0.0,0.0,0.0,0.0,0.0,0.0,0.0,0.0,0.0,0.0,0.0,0.0,0.0,0.0,0.0
PJM_Rest,PJM_Rest_conventional_steam_coal_1,11,1,51,0.0,0.0,0.0,2.1583688724e9,0.0,0.0,3.7622225946008635e8,3.9262696967918534e9,0.0,0.0,0.0,0.0,3.9371890521245513e9,0.0,0.0,0.0,3.7151481508970823e9,0.0,0.0,0.0,3.9371890521245513e9,6.460860828651939e9,-2.523671776527388e9
PJM_Rest,PJM_Rest_natural_gas_fired_combined_cycle_1,11,1,52,0.0,0.0,0.0,3.97951011e7,0.0,0.0,4.457243800979996e7,3.1403922304815334e8,0.0,0.0,0.0,0.0,1.7589346556590846e8,0.0,0.0,0.0,2.6779697871878025e8,0.0,0.0,0.0,1.7589346556590846e8,3.9840676215795326e8,-2.225132965920448e8
PJM_Rest,PJM_Rest_natural_gas_fired_combined_cycle_2,11,2,53,0.0,0.0,0.0,2.989872908e8,0.0,0.0,3.489420546311295e8,2.2203028232804737e9,0.0,0.0,0.0,0.0,1.754097226628571e9,0.0,0.0,0.0,3.0428885063023205e9,0.0,0.0,0.0,1.754097226628571e9,2.868232168711603e9,-1.1141349420830321e9
PJM_Rest,PJM_Rest_natural_gas_fired_combustion_turbine_1,11,1,54,0.0,0.0,0.0,9.6947812e6,0.0,0.0,8.648973692639994e6,5.960461227002883e7,0.0,0.0,0.0,0.0,2.944291397973555e7,0.0,0.0,0.0,7.715524744191673e7,0.0,0.0,0.0,2.944291397973555e7,7.794836716266882e7,-4.850545318293327e7
PJM_Rest,PJM_Rest_natural_gas_fired_combustion_turbine_2,11,2,55,0.0,0.0,0.0,0.0,0.0,0.0,3.928170939412778e-9,2.8378633391708134e-8,0.0,0.0,0.0,0.0,1.2396596875463516e-8,0.0,0.0,0.0,0.0,0.0,0.0,0.0,1.2396596875463516e-8,3.230680433112091e-8,-1.9910207455657398e-8
PJM_Rest,PJM_Rest_natural_gas_fired_combustion_turbine_3,11,3,56,0.0,0.0,0.0,0.0,0.0,0.0,0.0,0.0,0.0,0.0,0.0,0.0,0.0,0.0,0.0,0.0,0.0,0.0,0.0,0.0,0.0,0.0,0.0
PJM_Rest,PJM_Rest_natural_gas_fired_combustion_turbine_4,11,4,57,0.0,0.0,0.0,0.0,0.0,0.0,-7.290301815032764e-10,-7.536193803889538e-9,0.0,0.0,0.0,0.0,-2.4817710962513165e-9,0.0,0.0,0.0,0.0,-0.0,0.0,0.0,-2.4817710962513165e-9,-8.265223985392814e-9,5.7834528891414975e-9
PJM_Rest,PJM_Rest_nuclear_1,11,1,58,0.0,0.0,0.0,0.0,0.0,0.0,0.0,0.0,0.0,0.0,0.0,0.0,0.0,0.0,0.0,0.0,0.0,0.0,0.0,0.0,0.0,0.0,0.0
NENG_Rest,NENG_Rest_naturalgas_ccavgcf_moderate_0,1,0,59,-0.0,0.0,0.0,0.0,0.0,0.0,0.0,0.0,0.0,0.0,0.0,0.0,0.0,0.0,0.0,0.0,0.0,0.0,0.0,0.0,0.0,0.0,0.0
NENG_Rest,NENG_Rest_naturalgas_ctavgcf_moderate_0,1,0,60,-0.0,0.0,0.0,0.0,0.0,0.0,0.0,0.0,0.0,0.0,0.0,0.0,0.0,0.0,0.0,0.0,0.0,0.0,0.0,0.0,0.0,0.0,0.0
NENG_Rest,NENG_Rest_nuclear_nuclear_moderate_0,1,0,61,-0.0,0.0,0.0,0.0,0.0,0.0,0.0,0.0,0.0,0.0,0.0,0.0,0.0,0.0,0.0,0.0,0.0,0.0,0.0,0.0,0.0,0.0,0.0
NENG_Rest,NENG_Rest_naturalgas_ccs100_moderate_0,1,0,62,-0.0,0.0,0.0,0.0,0.0,0.0,0.0,0.0,0.0,0.0,0.0,0.0,0.0,0.0,0.0,0.0,0.0,0.0,0.0,0.0,0.0,0.0,0.0
NY_Z_A,NY_Z_A_naturalgas_ccavgcf_moderate_0,2,0,63,-0.0,0.0,0.0,0.0,0.0,0.0,0.0,0.0,0.0,0.0,0.0,0.0,0.0,0.0,0.0,0.0,0.0,0.0,0.0,0.0,0.0,0.0,0.0
NY_Z_A,NY_Z_A_naturalgas_ctavgcf_moderate_0,2,0,64,-0.0,0.0,0.0,0.0,0.0,0.0,0.0,0.0,0.0,0.0,0.0,0.0,0.0,0.0,0.0,0.0,0.0,0.0,0.0,0.0,0.0,0.0,0.0
NY_Z_A,NY_Z_A_nuclear_nuclear_moderate_0,2,0,65,-0.0,0.0,0.0,0.0,0.0,0.0,0.0,0.0,0.0,0.0,0.0,0.0,0.0,0.0,0.0,0.0,0.0,0.0,0.0,0.0,0.0,0.0,0.0
NY_Z_A,NY_Z_A_naturalgas_ccs100_moderate_0,2,0,66,-0.0,0.0,0.0,0.0,0.0,0.0,0.0,0.0,0.0,0.0,0.0,0.0,0.0,0.0,0.0,0.0,0.0,0.0,0.0,0.0,0.0,0.0,0.0
NY_Z_B,NY_Z_B_naturalgas_ccavgcf_moderate_0,3,0,67,-0.0,0.0,0.0,0.0,0.0,0.0,0.0,0.0,0.0,0.0,0.0,0.0,0.0,0.0,0.0,0.0,0.0,0.0,0.0,0.0,0.0,0.0,0.0
NY_Z_B,NY_Z_B_naturalgas_ctavgcf_moderate_0,3,0,68,-0.0,0.0,0.0,0.0,0.0,0.0,0.0,0.0,0.0,0.0,0.0,0.0,0.0,0.0,0.0,0.0,0.0,0.0,0.0,0.0,0.0,0.0,0.0
NY_Z_B,NY_Z_B_nuclear_nuclear_moderate_0,3,0,69,-0.0,0.0,0.0,0.0,0.0,0.0,0.0,0.0,0.0,0.0,0.0,0.0,0.0,0.0,0.0,0.0,0.0,0.0,0.0,0.0,0.0,0.0,0.0
NY_Z_B,NY_Z_B_naturalgas_ccs100_moderate_0,3,0,70,-0.0,0.0,0.0,0.0,0.0,0.0,0.0,0.0,0.0,0.0,0.0,0.0,0.0,0.0,0.0,0.0,0.0,0.0,0.0,0.0,0.0,0.0,0.0
NY_Z_C&E,NY_Z_C&E_naturalgas_ccavgcf_moderate_0,4,0,71,-0.0,0.0,0.0,0.0,0.0,0.0,0.0,0.0,0.0,0.0,0.0,0.0,0.0,0.0,0.0,0.0,0.0,0.0,0.0,0.0,0.0,0.0,0.0
NY_Z_C&E,NY_Z_C&E_naturalgas_ctavgcf_moderate_0,4,0,72,-0.0,0.0,0.0,0.0,0.0,0.0,0.0,0.0,0.0,0.0,0.0,0.0,0.0,0.0,0.0,0.0,0.0,0.0,0.0,0.0,0.0,0.0,0.0
NY_Z_C&E,NY_Z_C&E_nuclear_nuclear_moderate_0,4,0,73,-0.0,0.0,0.0,0.0,0.0,0.0,0.0,0.0,0.0,0.0,0.0,0.0,0.0,0.0,0.0,0.0,0.0,0.0,0.0,0.0,0.0,0.0,0.0
NY_Z_C&E,NY_Z_C&E_naturalgas_ccs100_moderate_0,4,0,74,-0.0,0.0,0.0,0.0,0.0,0.0,0.0,0.0,0.0,0.0,0.0,0.0,0.0,0.0,0.0,0.0,0.0,0.0,0.0,0.0,0.0,0.0,0.0
NY_Z_D,NY_Z_D_naturalgas_ccavgcf_moderate_0,5,0,75,-0.0,0.0,0.0,0.0,0.0,0.0,0.0,0.0,0.0,0.0,0.0,0.0,0.0,0.0,0.0,0.0,0.0,0.0,0.0,0.0,0.0,0.0,0.0
NY_Z_D,NY_Z_D_naturalgas_ctavgcf_moderate_0,5,0,76,-0.0,0.0,0.0,0.0,0.0,0.0,0.0,0.0,0.0,0.0,0.0,0.0,0.0,0.0,0.0,0.0,0.0,0.0,0.0,0.0,0.0,0.0,0.0
NY_Z_D,NY_Z_D_nuclear_nuclear_moderate_0,5,0,77,-0.0,0.0,0.0,0.0,0.0,0.0,0.0,0.0,0.0,0.0,0.0,0.0,0.0,0.0,0.0,0.0,0.0,0.0,0.0,0.0,0.0,0.0,0.0
NY_Z_D,NY_Z_D_naturalgas_ccs100_moderate_0,5,0,78,-0.0,0.0,0.0,0.0,0.0,0.0,0.0,0.0,0.0,0.0,0.0,0.0,0.0,0.0,0.0,0.0,0.0,0.0,0.0,0.0,0.0,0.0,0.0
NY_Z_F,NY_Z_F_naturalgas_ccavgcf_moderate_0,6,0,79,-0.0,0.0,0.0,0.0,0.0,0.0,0.0,0.0,0.0,0.0,0.0,0.0,0.0,0.0,0.0,0.0,0.0,0.0,0.0,0.0,0.0,0.0,0.0
NY_Z_F,NY_Z_F_naturalgas_ctavgcf_moderate_0,6,0,80,-0.0,0.0,0.0,0.0,0.0,0.0,0.0,0.0,0.0,0.0,0.0,0.0,0.0,0.0,0.0,0.0,0.0,0.0,0.0,0.0,0.0,0.0,0.0
NY_Z_F,NY_Z_F_nuclear_nuclear_moderate_0,6,0,81,-0.0,0.0,0.0,0.0,0.0,0.0,0.0,0.0,0.0,0.0,0.0,0.0,0.0,0.0,0.0,0.0,0.0,0.0,0.0,0.0,0.0,0.0,0.0
NY_Z_F,NY_Z_F_naturalgas_ccs100_moderate_0,6,0,82,-0.0,0.0,0.0,0.0,0.0,0.0,0.0,0.0,0.0,0.0,0.0,0.0,0.0,0.0,0.0,0.0,0.0,0.0,0.0,0.0,0.0,0.0,0.0
NY_Z_G-I,NY_Z_G-I_naturalgas_ccavgcf_moderate_0,7,0,83,9.497753540814711e7,0.0,0.0,2.8904539323855873e7,0.0,0.0,7.611316884753384e6,7.261196308054729e7,0.0,0.0,0.0,0.0,7.092334025422704e7,0.0,0.0,0.0,1.3318201444307671e8,0.0,0.0,0.0,7.092334025422704e7,2.0410535469730365e8,-1.3318201444307661e8
NY_Z_G-I,NY_Z_G-I_naturalgas_ctavgcf_moderate_0,7,0,84,-0.0,0.0,0.0,0.0,0.0,0.0,0.0,0.0,0.0,0.0,0.0,0.0,0.0,0.0,0.0,0.0,0.0,0.0,0.0,0.0,0.0,0.0,0.0
NY_Z_G-I,NY_Z_G-I_nuclear_nuclear_moderate_0,7,0,85,-0.0,0.0,0.0,0.0,0.0,0.0,0.0,0.0,0.0,0.0,0.0,0.0,0.0,0.0,0.0,0.0,0.0,0.0,0.0,0.0,0.0,0.0,0.0
NY_Z_G-I,NY_Z_G-I_naturalgas_ccs100_moderate_0,7,0,86,-0.0,0.0,0.0,0.0,0.0,0.0,0.0,0.0,0.0,0.0,0.0,0.0,0.0,0.0,0.0,0.0,0.0,0.0,0.0,0.0,0.0,0.0,0.0
NY_Z_J,NY_Z_J_naturalgas_ccavgcf_moderate_0,8,0,87,-0.0,0.0,0.0,0.0,0.0,0.0,0.0,0.0,0.0,0.0,0.0,0.0,0.0,0.0,0.0,0.0,0.0,0.0,0.0,0.0,0.0,0.0,0.0
NY_Z_J,NY_Z_J_naturalgas_ctavgcf_moderate_0,8,0,88,-0.0,0.0,0.0,0.0,0.0,0.0,0.0,0.0,0.0,0.0,0.0,0.0,0.0,0.0,0.0,0.0,0.0,0.0,0.0,0.0,0.0,0.0,0.0
NY_Z_J,NY_Z_J_nuclear_nuclear_moderate_0,8,0,89,-0.0,0.0,0.0,0.0,0.0,0.0,0.0,0.0,0.0,0.0,0.0,0.0,0.0,0.0,0.0,0.0,0.0,0.0,0.0,0.0,0.0,0.0,0.0
NY_Z_J,NY_Z_J_naturalgas_ccs100_moderate_0,8,0,90,-0.0,0.0,0.0,0.0,0.0,0.0,0.0,0.0,0.0,0.0,0.0,0.0,0.0,0.0,0.0,0.0,0.0,0.0,0.0,0.0,0.0,0.0,0.0
NY_Z_K,NY_Z_K_naturalgas_ccavgcf_moderate_0,9,0,91,-0.0,0.0,0.0,0.0,0.0,0.0,0.0,0.0,0.0,0.0,0.0,0.0,0.0,0.0,0.0,0.0,0.0,0.0,0.0,0.0,0.0,0.0,0.0
NY_Z_K,NY_Z_K_naturalgas_ctavgcf_moderate_0,9,0,92,-0.0,0.0,0.0,0.0,0.0,0.0,0.0,0.0,0.0,0.0,0.0,0.0,0.0,0.0,0.0,0.0,0.0,0.0,0.0,0.0,0.0,0.0,0.0
NY_Z_K,NY_Z_K_nuclear_nuclear_moderate_0,9,0,93,-0.0,0.0,0.0,0.0,0.0,0.0,0.0,0.0,0.0,0.0,0.0,0.0,0.0,0.0,0.0,0.0,0.0,0.0,0.0,0.0,0.0,0.0,0.0
NY_Z_K,NY_Z_K_naturalgas_ccs100_moderate_0,9,0,94,-0.0,0.0,0.0,0.0,0.0,0.0,0.0,0.0,0.0,0.0,0.0,0.0,0.0,0.0,0.0,0.0,0.0,0.0,0.0,0.0,0.0,0.0,0.0
PJM_EMAC,PJM_EMAC_naturalgas_ccavgcf_moderate_0,10,0,95,1.1259213204650289e8,0.0,0.0,3.351175562378333e7,0.0,0.0,1.1808591988262214e7,1.1265396756802142e8,0.0,0.0,0.0,0.0,1.3773400357923627e8,0.0,0.0,0.0,1.328324436473336e8,0.0,0.0,0.0,1.3773400357923627e8,2.7056644722656983e8,-1.3283244364733356e8
PJM_EMAC,PJM_EMAC_naturalgas_ctavgcf_moderate_0,10,0,96,-0.0,0.0,0.0,0.0,0.0,0.0,0.0,0.0,0.0,0.0,0.0,0.0,0.0,0.0,0.0,0.0,0.0,0.0,0.0,0.0,0.0,0.0,0.0
PJM_EMAC,PJM_EMAC_nuclear_nuclear_moderate_0,10,0,97,-0.0,0.0,0.0,0.0,0.0,0.0,0.0,0.0,0.0,0.0,0.0,0.0,0.0,0.0,0.0,0.0,0.0,0.0,0.0,0.0,0.0,0.0,0.0
PJM_EMAC,PJM_EMAC_naturalgas_ccs100_moderate_0,10,0,98,-0.0,0.0,0.0,0.0,0.0,0.0,0.0,0.0,0.0,0.0,0.0,0.0,0.0,0.0,0.0,0.0,0.0,0.0,0.0,0.0,0.0,0.0,0.0
PJM_Rest,PJM_Rest_naturalgas_ccccsavgcf_moderate_0,11,0,99,-0.0,0.0,0.0,0.0,0.0,0.0,0.0,0.0,0.0,0.0,0.0,0.0,0.0,0.0,0.0,0.0,0.0,0.0,0.0,0.0,0.0,0.0,0.0
PJM_Rest,PJM_Rest_naturalgas_ccavgcf_moderate_0,11,0,100,2.2700513233757925e8,0.0,0.0,8.251580917486706e7,0.0,0.0,1.5657238354854759e7,1.6214802311845368e8,0.0,0.0,0.0,0.0,1.6025361701667485e8,0.0,0.0,0.0,3.270725859690797e8,0.0,0.0,0.0,1.6025361701667485e8,4.873262029857547e8,-3.2707258596907985e8
PJM_Rest,PJM_Rest_naturalgas_ctavgcf_moderate_0,11,0,101,-0.0,0.0,0.0,0.0,0.0,0.0,0.0,0.0,0.0,0.0,0.0,0.0,0.0,0.0,0.0,0.0,0.0,0.0,0.0,0.0,0.0,0.0,0.0
PJM_Rest,PJM_Rest_nuclear_nuclear_moderate_0,11,0,102,-0.0,0.0,0.0,0.0,0.0,0.0,0.0,0.0,0.0,0.0,0.0,0.0,0.0,0.0,0.0,0.0,0.0,0.0,0.0,0.0,0.0,0.0,0.0
PJM_Rest,PJM_Rest_naturalgas_ccs100_moderate_0,11,0,103,-0.0,0.0,0.0,0.0,0.0,0.0,0.0,0.0,0.0,0.0,0.0,0.0,0.0,0.0,0.0,0.0,0.0,0.0,0.0,0.0,0.0,0.0,0.0
NENG_Rest,NENG_Rest_offshore_wind_turbine_1,1,1,104,0.0,0.0,0.0,3.0097253000000003e6,0.0,0.0,0.0,0.0,0.0,0.0,0.0,0.0,0.0,0.0,0.0,0.0,3.421890917601492e6,0.0,0.0,0.0,0.0,3.0097253000000003e6,-3.0097253000000003e6
NENG_Rest,NENG_Rest_onshore_wind_turbine_1,1,1,105,0.0,0.0,0.0,5.7766548e7,0.0,0.0,0.0,0.0,0.0,0.0,0.0,0.0,2.6271717682392463e7,0.0,0.0,0.0,2.589897506757604e7,1.4488803982837616e7,0.0,0.0,2.6271717682392463e7,5.7766548e7,-3.1494830317607537e7
NENG_Rest,NENG_Rest_solar_photovoltaic_1,1,1,106,0.0,0.0,0.0,1.2515262299999999e7,0.0,0.0,0.0,0.0,0.0,0.0,0.0,0.0,1.2865266382371102e7,0.0,0.0,0.0,1.4231805552494144e7,8.750897416798854e6,0.0,0.0,1.2865266382371102e7,1.2515262299999999e7,350004.08237110265
NY_Z_A,NY_Z_A_onshore_wind_turbine_1,2,1,107,0.0,0.0,0.0,5.716745e6,0.0,0.0,0.0,0.0,0.0,0.0,0.0,0.0,2.836409916126917e6,0.0,0.0,0.0,2.4114127262134724e6,4.349633271029579e6,0.0,0.0,2.836409916126917e6,5.716745e6,-2.880335083873083e6
NY_Z_A,NY_Z_A_solar_photovoltaic_1,2,1,108,0.0,0.0,0.0,69828.5,0.0,0.0,0.0,0.0,0.0,0.0,0.0,0.0,43018.65193247627,0.0,0.0,0.0,93678.54076734126,58105.63598021272,0.0,0.0,43018.65193247627,69828.5,-26809.84806752373
NY_Z_B,NY_Z_B_onshore_wind_turbine_1,3,1,109,0.0,0.0,0.0,0.0,0.0,0.0,0.0,0.0,0.0,0.0,0.0,0.0,0.0,0.0,0.0,0.0,0.0,0.0,0.0,0.0,0.0,0.0,0.0
NY_Z_B,NY_Z_B_solar_photovoltaic_1,3,1,110,0.0,0.0,0.0,39902.0,0.0,0.0,0.0,0.0,0.0,0.0,0.0,0.0,24651.393215061154,0.0,0.0,0.0,51968.87103190164,32949.30970084378,0.0,0.0,24651.393215061154,39902.0,-15250.606784938846
NY_Z_C&E,NY_Z_C&E_onshore_wind_turbine_1,4,1,111,0.0,0.0,0.0,4.2658309e7,0.0,0.0,0.0,0.0,0.0,0.0,0.0,0.0,1.5783005917513834e7,0.0,0.0,0.0,2.0871475738276593e7,4.1241040672018856e7,0.0,0.0,1.5783005917513834e7,4.2658309e7,-2.6875303082486168e7
NY_Z_C&E,NY_Z_C&E_solar_photovoltaic_1,4,1,112,0.0,0.0,0.0,849912.6,0.0,0.0,0.0,0.0,0.0,0.0,0.0,0.0,575823.0948068249,0.0,0.0,0.0,1.04417153353686e6,821524.9785085514,0.0,0.0,575823.0948068249,849912.6,-274089.50519317505
NY_Z_D,NY_Z_D_onshore_wind_turbine_1,5,1,113,0.0,0.0,0.0,2.8625915e7,0.0,0.0,0.0,0.0,0.0,0.0,0.0,0.0,-7.265171573313008e6,0.0,0.0,0.0,2.440990102365835e7,3.1763928971492298e7,0.0,0.0,-7.265171573313008e6,2.8625915e7,-3.5891086573313005e7
NY_Z_D,NY_Z_D_solar_photovoltaic_1,5,1,114,0.0,0.0,0.0,39902.0,0.0,0.0,0.0,0.0,0.0,0.0,0.0,0.0,28091.202542456907,0.0,0.0,0.0,45750.2793492312,31589.468582637648,0.0,0.0,28091.202542456907,39902.0,-11810.797457543093
NY_Z_F,NY_Z_F_solar_photovoltaic_1,6,1,115,0.0,0.0,0.0,181554.1,0.0,0.0,0.0,0.0,0.0,0.0,0.0,0.0,121270.59928262877,0.0,0.0,0.0,213272.3948082287,201377.18374036645,0.0,0.0,121270.59928262877,181554.1,-60283.50071737124
NY_Z_G-I,NY_Z_G-I_solar_photovoltaic_1,7,1,116,0.0,0.0,0.0,137661.9,0.0,0.0,0.0,0.0,0.0,0.0,0.0,0.0,108998.74779006017,0.0,0.0,0.0,154894.04138704465,141913.10088374582,0.0,0.0,108998.74779006017,137661.9,-28663.152209939828
PJM_EMAC,PJM_EMAC_solar_photovoltaic_1,10,1,117,0.0,0.0,0.0,1.70800511e7,0.0,0.0,0.0,0.0,0.0,0.0,0.0,0.0,3.0150090082228236e7,0.0,0.0,0.0,8.947693197500974e6,0.0,0.0,0.0,3.0150090082228236e7,1.70800511e7,1.3070038982228234e7
PJM_Rest,PJM_Rest_onshore_wind_turbine_1,11,1,118,0.0,0.0,0.0,2.98726295e8,0.0,0.0,0.0,0.0,0.0,0.0,0.0,0.0,3.413310859489998e8,0.0,0.0,0.0,1.8540475043957207e8,0.0,0.0,0.0,3.413310859489998e8,2.98726295e8,4.260479094899982e7
PJM_Rest,PJM_Rest_solar_photovoltaic_1,11,1,119,0.0,0.0,0.0,1.5485966200000001e7,0.0,0.0,0.0,0.0,0.0,0.0,0.0,0.0,1.9868991766723167e7,0.0,0.0,0.0,1.0519077703413941e7,0.0,0.0,0.0,1.9868991766723167e7,1.5485966200000001e7,4.383025566723166e6
NENG_Rest,NENG_Rest_offshorewind_class3_advanced_fixed_1_0,1,0,120,-0.0,0.0,0.0,0.0,0.0,0.0,0.0,0.0,0.0,0.0,0.0,0.0,0.0,0.0,0.0,0.0,0.0,0.0,0.0,0.0,0.0,0.0,0.0
NENG_Rest,NENG_Rest_offshorewind_class3_advanced_fixed_1_1,1,1,121,-0.0,0.0,0.0,0.0,0.0,0.0,0.0,0.0,0.0,0.0,0.0,0.0,0.0,0.0,0.0,0.0,0.0,0.0,0.0,0.0,0.0,0.0,0.0
NENG_Rest,NENG_Rest_offshorewind_class3_advanced_fixed_1_2,1,2,122,-0.0,0.0,0.0,0.0,0.0,0.0,0.0,0.0,0.0,0.0,0.0,0.0,0.0,0.0,0.0,0.0,0.0,0.0,0.0,0.0,0.0,0.0,0.0
NENG_Rest,NENG_Rest_offshorewind_class3_advanced_fixed_1_3,1,3,123,-0.0,0.0,0.0,0.0,0.0,0.0,0.0,0.0,0.0,0.0,0.0,0.0,0.0,0.0,0.0,0.0,0.0,0.0,0.0,0.0,0.0,0.0,0.0
NENG_Rest,NENG_Rest_offshorewind_class3_advanced_fixed_1_4,1,4,124,-0.0,0.0,0.0,0.0,0.0,0.0,0.0,0.0,0.0,0.0,0.0,0.0,0.0,0.0,0.0,0.0,0.0,0.0,0.0,0.0,0.0,0.0,0.0
NENG_Rest,NENG_Rest_offshorewind_class3_advanced_fixed_1_5,1,5,125,-0.0,0.0,0.0,0.0,0.0,0.0,0.0,0.0,0.0,0.0,0.0,0.0,0.0,0.0,0.0,0.0,0.0,0.0,0.0,0.0,0.0,0.0,0.0
NENG_Rest,NENG_Rest_offshorewind_class3_advanced_fixed_0_0,1,0,126,-0.0,0.0,0.0,0.0,0.0,0.0,0.0,0.0,0.0,0.0,0.0,0.0,0.0,0.0,0.0,0.0,0.0,0.0,0.0,0.0,0.0,0.0,0.0
NENG_Rest,NENG_Rest_offshorewind_class3_advanced_fixed_0_1,1,1,127,-0.0,0.0,0.0,0.0,0.0,0.0,0.0,0.0,0.0,0.0,0.0,0.0,0.0,0.0,0.0,0.0,0.0,0.0,0.0,0.0,0.0,0.0,0.0
NENG_Rest,NENG_Rest_offshorewind_class3_advanced_fixed_0_2,1,2,128,-0.0,0.0,0.0,0.0,0.0,0.0,0.0,0.0,0.0,0.0,0.0,0.0,0.0,0.0,0.0,0.0,0.0,0.0,0.0,0.0,0.0,0.0,0.0
NENG_Rest,NENG_Rest_offshorewind_class3_advanced_fixed_0_3,1,3,129,-0.0,0.0,0.0,0.0,0.0,0.0,0.0,0.0,0.0,0.0,0.0,0.0,0.0,0.0,0.0,0.0,0.0,0.0,0.0,0.0,0.0,0.0,0.0
NENG_Rest,NENG_Rest_offshorewind_class3_advanced_fixed_0_4,1,4,130,-0.0,0.0,0.0,0.0,0.0,0.0,0.0,0.0,0.0,0.0,0.0,0.0,0.0,0.0,0.0,0.0,0.0,0.0,0.0,0.0,0.0,0.0,0.0
NENG_Rest,NENG_Rest_offshorewind_class3_advanced_fixed_0_5,1,5,131,-0.0,0.0,0.0,0.0,0.0,0.0,0.0,0.0,0.0,0.0,0.0,0.0,0.0,0.0,0.0,0.0,0.0,0.0,0.0,0.0,0.0,0.0,0.0
NENG_Rest,NENG_Rest_offshorewind_class12_advanced_floating_0_0,1,0,132,-0.0,0.0,0.0,0.0,0.0,0.0,0.0,0.0,0.0,0.0,0.0,0.0,0.0,0.0,0.0,0.0,0.0,0.0,0.0,0.0,0.0,0.0,0.0
NENG_Rest,NENG_Rest_offshorewind_class12_advanced_floating_0_1,1,1,133,-0.0,0.0,0.0,0.0,0.0,0.0,0.0,0.0,0.0,0.0,0.0,0.0,0.0,0.0,0.0,0.0,0.0,0.0,0.0,0.0,0.0,0.0,0.0
NENG_Rest,NENG_Rest_offshorewind_class12_advanced_floating_0_2,1,2,134,-0.0,0.0,0.0,0.0,0.0,0.0,0.0,0.0,0.0,0.0,0.0,0.0,0.0,0.0,0.0,0.0,0.0,0.0,0.0,0.0,0.0,0.0,0.0
NENG_Rest,NENG_Rest_offshorewind_class12_advanced_floating_0_3,1,3,135,-0.0,0.0,0.0,0.0,0.0,0.0,0.0,0.0,0.0,0.0,0.0,0.0,0.0,0.0,0.0,0.0,0.0,0.0,0.0,0.0,0.0,0.0,0.0
NENG_Rest,NENG_Rest_offshorewind_class12_advanced_floating_0_4,1,4,136,-0.0,0.0,0.0,0.0,0.0,0.0,0.0,0.0,0.0,0.0,0.0,0.0,0.0,0.0,0.0,0.0,0.0,0.0,0.0,0.0,0.0,0.0,0.0
NENG_Rest,NENG_Rest_offshorewind_class12_advanced_floating_0_5,1,5,137,-0.0,0.0,0.0,0.0,0.0,0.0,0.0,0.0,0.0,0.0,0.0,0.0,0.0,0.0,0.0,0.0,0.0,0.0,0.0,0.0,0.0,0.0,0.0
NENG_Rest,NENG_Rest_offshorewind_class12_advanced_floating_1_0,1,0,138,-0.0,0.0,0.0,0.0,0.0,0.0,0.0,0.0,0.0,0.0,0.0,0.0,0.0,0.0,0.0,0.0,0.0,0.0,0.0,0.0,0.0,0.0,0.0
NENG_Rest,NENG_Rest_offshorewind_class12_advanced_floating_1_1,1,1,139,-0.0,0.0,0.0,0.0,0.0,0.0,0.0,0.0,0.0,0.0,0.0,0.0,0.0,0.0,0.0,0.0,0.0,0.0,0.0,0.0,0.0,0.0,0.0
NENG_Rest,NENG_Rest_offshorewind_class12_advanced_floating_1_2,1,2,140,-0.0,0.0,0.0,0.0,0.0,0.0,0.0,0.0,0.0,0.0,0.0,0.0,0.0,0.0,0.0,0.0,0.0,0.0,0.0,0.0,0.0,0.0,0.0
NENG_Rest,NENG_Rest_offshorewind_class12_advanced_floating_1_3,1,3,141,-0.0,0.0,0.0,0.0,0.0,0.0,0.0,0.0,0.0,0.0,0.0,0.0,0.0,0.0,0.0,0.0,0.0,0.0,0.0,0.0,0.0,0.0,0.0
NENG_Rest,NENG_Rest_offshorewind_class12_advanced_floating_1_4,1,4,142,-0.0,0.0,0.0,0.0,0.0,0.0,0.0,0.0,0.0,0.0,0.0,0.0,0.0,0.0,0.0,0.0,0.0,0.0,0.0,0.0,0.0,0.0,0.0
NENG_Rest,NENG_Rest_offshorewind_class12_advanced_floating_1_5,1,5,143,-0.0,0.0,0.0,0.0,0.0,0.0,0.0,0.0,0.0,0.0,0.0,0.0,0.0,0.0,0.0,0.0,0.0,0.0,0.0,0.0,0.0,0.0,0.0
NENG_Rest,NENG_Rest_landbasedwind_class1_advanced_1,1,1,144,-0.0,0.0,0.0,0.0,0.0,0.0,0.0,0.0,0.0,0.0,0.0,0.0,0.0,0.0,0.0,0.0,0.0,0.0,0.0,0.0,0.0,0.0,0.0
NENG_Rest,NENG_Rest_landbasedwind_class1_advanced_2,1,2,145,7.339955131999999e8,0.0,0.0,2.54262294e8,0.0,0.0,0.0,0.0,0.0,0.0,0.0,0.0,4.593205001168e8,0.0,0.0,0.0,3.890264497930553e8,2.799951034890956e8,0.0,0.0,4.593205001168e8,9.882578071999999e8,-5.289373070831999e8
NENG_Rest,NENG_Rest_landbasedwind_class1_advanced_3,1,3,146,-0.0,0.0,0.0,0.0,0.0,0.0,0.0,0.0,0.0,0.0,0.0,0.0,0.0,0.0,0.0,0.0,0.0,0.0,0.0,0.0,0.0,0.0,0.0
NENG_Rest,NENG_Rest_landbasedwind_class1_advanced_4,1,4,147,1.3922827299047962e8,0.0,0.0,4.316020570182592e7,0.0,0.0,0.0,0.0,0.0,0.0,0.0,0.0,7.402274181155115e7,0.0,0.0,0.0,6.647756813329166e7,4.188816874746266e7,0.0,0.0,7.402274181155115e7,1.8238847869230554e8,-1.0836573688075438e8
NENG_Rest,NENG_Rest_landbasedwind_class1_advanced_5,1,5,148,-0.0,0.0,0.0,0.0,0.0,0.0,0.0,0.0,0.0,0.0,0.0,0.0,0.0,0.0,0.0,0.0,0.0,0.0,0.0,0.0,0.0,0.0,0.0
NENG_Rest,NENG_Rest_landbasedwind_class1_advanced_6,1,6,149,-0.0,0.0,0.0,0.0,0.0,0.0,0.0,0.0,0.0,0.0,0.0,0.0,0.0,0.0,0.0,0.0,0.0,0.0,0.0,0.0,0.0,0.0,0.0
NENG_Rest,NENG_Rest_utilitypv_class1_advanced_1,1,1,150,-0.0,0.0,0.0,0.0,0.0,0.0,0.0,0.0,0.0,0.0,0.0,0.0,0.0,0.0,0.0,0.0,0.0,0.0,0.0,0.0,0.0,0.0,0.0
NENG_Rest,NENG_Rest_utilitypv_class1_advanced_2,1,2,151,-0.0,0.0,0.0,0.0,0.0,0.0,0.0,0.0,0.0,0.0,0.0,0.0,0.0,0.0,0.0,0.0,0.0,0.0,0.0,0.0,0.0,0.0,0.0
NENG_Rest,NENG_Rest_utilitypv_class1_advanced_3,1,3,152,-0.0,0.0,0.0,0.0,0.0,0.0,0.0,0.0,0.0,0.0,0.0,0.0,0.0,0.0,0.0,0.0,0.0,0.0,0.0,0.0,0.0,0.0,0.0
NENG_Rest,NENG_Rest_utilitypv_class1_advanced_4,1,4,153,-0.0,0.0,0.0,0.0,0.0,0.0,0.0,0.0,0.0,0.0,0.0,0.0,0.0,0.0,0.0,0.0,0.0,0.0,0.0,0.0,0.0,0.0,0.0
NENG_Rest,NENG_Rest_utilitypv_class1_advanced_5,1,5,154,-0.0,0.0,0.0,0.0,0.0,0.0,0.0,0.0,0.0,0.0,0.0,0.0,0.0,0.0,0.0,0.0,0.0,0.0,0.0,0.0,0.0,0.0,0.0
NENG_Rest,NENG_Rest_utilitypv_class1_advanced_6,1,6,155,-0.0,0.0,0.0,0.0,0.0,0.0,0.0,0.0,0.0,0.0,0.0,0.0,0.0,0.0,0.0,0.0,0.0,0.0,0.0,0.0,0.0,0.0,0.0
NY_Z_A,NY_Z_A_landbasedwind_class1_advanced_1,2,1,156,-0.0,0.0,0.0,0.0,0.0,0.0,0.0,0.0,0.0,0.0,0.0,0.0,0.0,0.0,0.0,0.0,0.0,0.0,0.0,0.0,0.0,0.0,0.0
NY_Z_A,NY_Z_A_landbasedwind_class1_advanced_2,2,2,157,1.32106848e8,0.0,0.0,4.262544e7,0.0,0.0,0.0,0.0,0.0,0.0,0.0,0.0,5.916033284518435e7,0.0,0.0,0.0,3.6632017882367745e7,8.705847186957583e7,0.0,0.0,5.916033284518435e7,1.74732288e8,-1.1557195515481564e8
NY_Z_A,NY_Z_A_landbasedwind_class1_advanced_3,2,3,158,-0.0,0.0,0.0,0.0,0.0,0.0,0.0,0.0,0.0,0.0,0.0,0.0,0.0,0.0,0.0,0.0,0.0,0.0,0.0,0.0,0.0,0.0,0.0
NY_Z_A,NY_Z_A_landbasedwind_class1_advanced_4,2,4,159,-0.0,0.0,0.0,0.0,0.0,0.0,0.0,0.0,0.0,0.0,0.0,0.0,0.0,0.0,0.0,0.0,0.0,0.0,0.0,0.0,0.0,0.0,0.0
NY_Z_A,NY_Z_A_landbasedwind_class1_advanced_5,2,5,160,-0.0,0.0,0.0,0.0,0.0,0.0,0.0,0.0,0.0,0.0,0.0,0.0,0.0,0.0,0.0,0.0,0.0,0.0,0.0,0.0,0.0,0.0,0.0
NY_Z_A,NY_Z_A_landbasedwind_class1_advanced_6,2,6,161,-0.0,0.0,0.0,0.0,0.0,0.0,0.0,0.0,0.0,0.0,0.0,0.0,0.0,0.0,0.0,0.0,0.0,0.0,0.0,0.0,0.0,0.0,0.0
NY_Z_A,NY_Z_A_utilitypv_class1_advanced_1,2,1,162,-0.0,0.0,0.0,0.0,0.0,0.0,0.0,0.0,0.0,0.0,0.0,0.0,0.0,0.0,0.0,0.0,0.0,0.0,0.0,0.0,0.0,0.0,0.0
NY_Z_A,NY_Z_A_utilitypv_class1_advanced_2,2,2,163,2.724116187293214e8,0.0,0.0,7.475762568336248e7,0.0,0.0,0.0,0.0,0.0,0.0,0.0,0.0,2.169921085358027e7,0.0,0.0,0.0,1.5799583922563174e8,1.674741943334718e8,0.0,0.0,2.169921085358027e7,3.471692444126839e8,-3.254700335591036e8
NY_Z_A,NY_Z_A_utilitypv_class1_advanced_3,2,3,164,-0.0,0.0,0.0,0.0,0.0,0.0,0.0,0.0,0.0,0.0,0.0,0.0,0.0,0.0,0.0,0.0,0.0,0.0,0.0,0.0,0.0,0.0,0.0
NY_Z_A,NY_Z_A_utilitypv_class1_advanced_4,2,4,165,-0.0,0.0,0.0,0.0,0.0,0.0,0.0,0.0,0.0,0.0,0.0,0.0,0.0,0.0,0.0,0.0,0.0,0.0,0.0,0.0,0.0,0.0,0.0
NY_Z_A,NY_Z_A_utilitypv_class1_advanced_5,2,5,166,-0.0,0.0,0.0,0.0,0.0,0.0,0.0,0.0,0.0,0.0,0.0,0.0,0.0,0.0,0.0,0.0,0.0,0.0,0.0,0.0,0.0,0.0,0.0
NY_Z_A,NY_Z_A_utilitypv_class1_advanced_6,2,6,167,-0.0,0.0,0.0,0.0,0.0,0.0,0.0,0.0,0.0,0.0,0.0,0.0,0.0,0.0,0.0,0.0,0.0,0.0,0.0,0.0,0.0,0.0,0.0
NY_Z_B,NY_Z_B_landbasedwind_class1_advanced_1,3,1,168,8.87873025e7,0.0,0.0,2.8860975e7,0.0,0.0,0.0,0.0,0.0,0.0,0.0,0.0,3.907049380889351e7,0.0,0.0,0.0,2.4419315724833332e7,5.754599788650623e7,0.0,0.0,3.907049380889351e7,1.176482775e8,-7.85777836911065e7
NY_Z_B,NY_Z_B_landbasedwind_class1_advanced_2,3,2,169,4.06687752e7,0.0,0.0,1.3806936e7,0.0,0.0,0.0,0.0,0.0,0.0,0.0,0.0,2.3718646597335823e7,0.0,0.0,0.0,1.760771384795678e7,3.0171991754979763e7,0.0,0.0,2.3718646597335823e7,5.44757112e7,-3.075706460266418e7
NY_Z_B,NY_Z_B_landbasedwind_class1_advanced_3,3,3,170,-0.0,0.0,0.0,0.0,0.0,0.0,0.0,0.0,0.0,0.0,0.0,0.0,0.0,0.0,0.0,0.0,0.0,0.0,0.0,0.0,0.0,0.0,0.0
NY_Z_B,NY_Z_B_landbasedwind_class1_advanced_4,3,4,171,3.3562576400000006e7,0.0,0.0,1.1683386e7,0.0,0.0,0.0,0.0,0.0,0.0,0.0,0.0,1.6548774390067188e7,0.0,0.0,0.0,1.4597786072364528e7,2.4324557004496172e7,0.0,0.0,1.6548774390067188e7,4.5245962400000006e7,-2.8697188009932816e7
NY_Z_B,NY_Z_B_landbasedwind_class1_advanced_5,3,5,172,-0.0,0.0,0.0,0.0,0.0,0.0,0.0,0.0,0.0,0.0,0.0,0.0,0.0,0.0,0.0,0.0,0.0,0.0,0.0,0.0,0.0,0.0,0.0
NY_Z_B,NY_Z_B_landbasedwind_class1_advanced_6,3,6,173,2.9124316700000003e7,0.0,0.0,1.0011573e7,0.0,0.0,0.0,0.0,0.0,0.0,0.0,0.0,1.3067209343536703e7,0.0,0.0,0.0,9.662712046270635e6,1.7146506454446696e7,0.0,0.0,1.3067209343536703e7,3.91358897e7,-2.60686803564633e7
NY_Z_B,NY_Z_B_utilitypv_class1_advanced_1,3,1,174,-0.0,0.0,0.0,0.0,0.0,0.0,0.0,0.0,0.0,0.0,0.0,0.0,0.0,0.0,0.0,0.0,0.0,0.0,0.0,0.0,0.0,0.0,0.0
NY_Z_B,NY_Z_B_utilitypv_class1_advanced_2,3,2,175,-0.0,0.0,0.0,0.0,0.0,0.0,0.0,0.0,0.0,0.0,0.0,0.0,0.0,0.0,0.0,0.0,0.0,0.0,0.0,0.0,0.0,0.0,0.0
NY_Z_B,NY_Z_B_utilitypv_class1_advanced_3,3,3,176,-0.0,0.0,0.0,0.0,0.0,0.0,0.0,0.0,0.0,0.0,0.0,0.0,0.0,0.0,0.0,0.0,0.0,0.0,0.0,0.0,0.0,0.0,0.0
NY_Z_B,NY_Z_B_utilitypv_class1_advanced_4,3,4,177,-0.0,0.0,0.0,0.0,0.0,0.0,0.0,0.0,0.0,0.0,0.0,0.0,0.0,0.0,0.0,0.0,0.0,0.0,0.0,0.0,0.0,0.0,0.0
NY_Z_B,NY_Z_B_utilitypv_class1_advanced_5,3,5,178,-0.0,0.0,0.0,0.0,0.0,0.0,0.0,0.0,0.0,0.0,0.0,0.0,0.0,0.0,0.0,0.0,0.0,0.0,0.0,0.0,0.0,0.0,0.0
NY_Z_B,NY_Z_B_utilitypv_class1_advanced_6,3,6,179,-0.0,0.0,0.0,0.0,0.0,0.0,0.0,0.0,0.0,0.0,0.0,0.0,0.0,0.0,0.0,0.0,0.0,0.0,0.0,0.0,0.0,0.0,0.0
NY_Z_C&E,NY_Z_C&E_landbasedwind_class1_advanced_1,4,1,180,9.65734725e7,0.0,0.0,3.2721975e7,0.0,0.0,0.0,0.0,0.0,0.0,0.0,0.0,3.440048254237996e7,0.0,0.0,0.0,3.419517835608878e7,6.463968770377911e7,0.0,0.0,3.440048254237996e7,1.292954475e8,-9.489496495762004e7
NY_Z_C&E,NY_Z_C&E_landbasedwind_class1_advanced_2,4,2,181,7.78875765e7,0.0,0.0,2.6899587e7,0.0,0.0,0.0,0.0,0.0,0.0,0.0,0.0,3.446287798593276e7,0.0,0.0,0.0,3.456961085733286e7,6.111105643864214e7,0.0,0.0,3.446287798593276e7,1.047871635e8,-7.032428551406723e7
NY_Z_C&E,NY_Z_C&E_landbasedwind_class1_advanced_3,4,3,182,-0.0,0.0,0.0,0.0,0.0,0.0,0.0,0.0,0.0,0.0,0.0,0.0,0.0,0.0,0.0,0.0,0.0,0.0,0.0,0.0,0.0,0.0,0.0
NY_Z_C&E,NY_Z_C&E_landbasedwind_class1_advanced_4,4,4,183,1.0586983919999999e8,0.0,0.0,3.6092628e7,0.0,0.0,0.0,0.0,0.0,0.0,0.0,0.0,3.440512748620385e7,0.0,0.0,0.0,3.854406845998289e7,7.038040760406479e7,0.0,0.0,3.440512748620385e7,1.419624672e8,-1.0755733971379614e8
NY_Z_C&E,NY_Z_C&E_landbasedwind_class1_advanced_5,4,5,184,-0.0,0.0,0.0,0.0,0.0,0.0,0.0,0.0,0.0,0.0,0.0,0.0,0.0,0.0,0.0,0.0,0.0,0.0,0.0,0.0,0.0,0.0,0.0
NY_Z_C&E,NY_Z_C&E_landbasedwind_class1_advanced_6,4,6,185,1.176994e8,0.0,0.0,3.6389925e7,0.0,0.0,0.0,0.0,0.0,0.0,0.0,0.0,3.6214620590292916e7,0.0,0.0,0.0,4.6096560423607364e7,7.255660100992627e7,0.0,0.0,3.6214620590292916e7,1.54089325e8,-1.1787470440970708e8
NY_Z_C&E,NY_Z_C&E_utilitypv_class1_advanced_1,4,1,186,-0.0,0.0,0.0,0.0,0.0,0.0,0.0,0.0,0.0,0.0,0.0,0.0,0.0,0.0,0.0,0.0,0.0,0.0,0.0,0.0,0.0,0.0,0.0
NY_Z_C&E,NY_Z_C&E_utilitypv_class1_advanced_2,4,2,187,-0.0,0.0,0.0,0.0,0.0,0.0,0.0,0.0,0.0,0.0,0.0,0.0,0.0,0.0,0.0,0.0,0.0,0.0,0.0,0.0,0.0,0.0,0.0
NY_Z_C&E,NY_Z_C&E_utilitypv_class1_advanced_3,4,3,188,-0.0,0.0,0.0,0.0,0.0,0.0,0.0,0.0,0.0,0.0,0.0,0.0,0.0,0.0,0.0,0.0,0.0,0.0,0.0,0.0,0.0,0.0,0.0
NY_Z_C&E,NY_Z_C&E_utilitypv_class1_advanced_4,4,4,189,-0.0,0.0,0.0,0.0,0.0,0.0,0.0,0.0,0.0,0.0,0.0,0.0,0.0,0.0,0.0,0.0,0.0,0.0,0.0,0.0,0.0,0.0,0.0
NY_Z_C&E,NY_Z_C&E_utilitypv_class1_advanced_5,4,5,190,-0.0,0.0,0.0,0.0,0.0,0.0,0.0,0.0,0.0,0.0,0.0,0.0,0.0,0.0,0.0,0.0,0.0,0.0,0.0,0.0,0.0,0.0,0.0
NY_Z_C&E,NY_Z_C&E_utilitypv_class1_advanced_6,4,6,191,-0.0,0.0,0.0,0.0,0.0,0.0,0.0,0.0,0.0,0.0,0.0,0.0,0.0,0.0,0.0,0.0,0.0,0.0,0.0,0.0,0.0,0.0,0.0
NY_Z_D,NY_Z_D_landbasedwind_class1_advanced_1,5,1,192,1.31500668e8,0.0,0.0,4.7984508e7,0.0,0.0,0.0,0.0,0.0,0.0,0.0,0.0,-1.637155292172673e7,0.0,0.0,0.0,9.15264205541658e7,1.1941482206708004e8,0.0,0.0,-1.637155292172673e7,1.79485176e8,-1.9585672892172673e8
NY_Z_D,NY_Z_D_landbasedwind_class1_advanced_2,5,2,193,1.1762978700000001e8,0.0,0.0,4.1579109e7,0.0,0.0,0.0,0.0,0.0,0.0,0.0,0.0,-1.0932910163876168e7,0.0,0.0,0.0,8.585010492813163e7,1.052586383873741e8,0.0,0.0,-1.0932910163876168e7,1.59208896e8,-1.7014180616387618e8
NY_Z_D,NY_Z_D_landbasedwind_class1_advanced_3,5,3,194,7.395852195965515e7,0.0,0.0,2.7456837269471306e7,0.0,0.0,0.0,0.0,0.0,0.0,0.0,0.0,-7.555645052641215e6,0.0,0.0,0.0,4.486567272704532e7,6.410533155472242e7,0.0,0.0,-7.555645052641215e6,1.0141535922912645e8,-1.0897100428176767e8
NY_Z_D,NY_Z_D_landbasedwind_class1_advanced_4,5,4,195,-0.0,0.0,0.0,0.0,0.0,0.0,0.0,0.0,0.0,0.0,0.0,0.0,0.0,0.0,0.0,0.0,0.0,0.0,0.0,0.0,0.0,0.0,0.0
NY_Z_D,NY_Z_D_landbasedwind_class1_advanced_5,5,5,196,-0.0,0.0,0.0,0.0,0.0,0.0,0.0,0.0,0.0,0.0,0.0,0.0,0.0,0.0,0.0,0.0,0.0,0.0,0.0,0.0,0.0,0.0,0.0
NY_Z_D,NY_Z_D_landbasedwind_class1_advanced_6,5,6,197,-0.0,0.0,0.0,0.0,0.0,0.0,0.0,0.0,0.0,0.0,0.0,0.0,0.0,0.0,0.0,0.0,0.0,0.0,0.0,0.0,0.0,0.0,0.0
NY_Z_D,NY_Z_D_utilitypv_class1_advanced_1,5,1,198,-0.0,0.0,0.0,0.0,0.0,0.0,0.0,0.0,0.0,0.0,0.0,0.0,0.0,0.0,0.0,0.0,0.0,0.0,0.0,0.0,0.0,0.0,0.0
NY_Z_D,NY_Z_D_utilitypv_class1_advanced_2,5,2,199,-0.0,0.0,0.0,0.0,0.0,0.0,0.0,0.0,0.0,0.0,0.0,0.0,0.0,0.0,0.0,0.0,0.0,0.0,0.0,0.0,0.0,0.0,0.0
NY_Z_D,NY_Z_D_utilitypv_class1_advanced_3,5,3,200,-0.0,0.0,0.0,0.0,0.0,0.0,0.0,0.0,0.0,0.0,0.0,0.0,0.0,0.0,0.0,0.0,0.0,0.0,0.0,0.0,0.0,0.0,0.0
NY_Z_D,NY_Z_D_utilitypv_class1_advanced_4,5,4,201,-0.0,0.0,0.0,0.0,0.0,0.0,0.0,0.0,0.0,0.0,0.0,0.0,0.0,0.0,0.0,0.0,0.0,0.0,0.0,0.0,0.0,0.0,0.0
NY_Z_D,NY_Z_D_utilitypv_class1_advanced_5,5,5,202,-0.0,0.0,0.0,0.0,0.0,0.0,0.0,0.0,0.0,0.0,0.0,0.0,0.0,0.0,0.0,0.0,0.0,0.0,0.0,0.0,0.0,0.0,0.0
NY_Z_D,NY_Z_D_utilitypv_class1_advanced_6,5,6,203,-0.0,0.0,0.0,0.0,0.0,0.0,0.0,0.0,0.0,0.0,0.0,0.0,0.0,0.0,0.0,0.0,0.0,0.0,0.0,0.0,0.0,0.0,0.0
NY_Z_F,NY_Z_F_landbasedwind_class1_advanced_1,6,1,204,4.7330304e7,0.0,0.0,1.6996122e7,0.0,0.0,0.0,0.0,0.0,0.0,0.0,0.0,1.4824616185795402e7,0.0,0.0,0.0,2.2164046038403027e7,2.958098718951478e7,0.0,0.0,1.4824616185795402e7,6.4326426e7,-4.9501809814204596e7
NY_Z_F,NY_Z_F_landbasedwind_class1_advanced_2,6,2,205,7.157616e7,0.0,0.0,2.532816e7,0.0,0.0,0.0,0.0,0.0,0.0,0.0,0.0,2.662668492113224e7,0.0,0.0,0.0,3.983907388380064e7,5.147869071138896e7,0.0,0.0,2.662668492113224e7,9.690432e7,-7.027763507886776e7
NY_Z_F,NY_Z_F_landbasedwind_class1_advanced_3,6,3,206,-0.0,0.0,0.0,0.0,0.0,0.0,0.0,0.0,0.0,0.0,0.0,0.0,0.0,0.0,0.0,0.0,0.0,0.0,0.0,0.0,0.0,0.0,0.0
NY_Z_F,NY_Z_F_landbasedwind_class1_advanced_4,6,4,207,1.6135690988389162e7,0.0,0.0,5.488059523619003e6,0.0,0.0,0.0,0.0,0.0,0.0,0.0,0.0,4.920517033469182e6,0.0,0.0,0.0,6.5218577372707855e6,1.0181375741268205e7,0.0,0.0,4.920517033469182e6,2.1623750512008164e7,-1.6703233478538983e7
NY_Z_F,NY_Z_F_landbasedwind_class1_advanced_5,6,5,208,-0.0,0.0,0.0,0.0,0.0,0.0,0.0,0.0,0.0,0.0,0.0,0.0,0.0,0.0,0.0,0.0,0.0,0.0,0.0,0.0,0.0,0.0,0.0
NY_Z_F,NY_Z_F_landbasedwind_class1_advanced_6,6,6,209,-0.0,0.0,0.0,0.0,0.0,0.0,0.0,0.0,0.0,0.0,0.0,0.0,0.0,0.0,0.0,0.0,0.0,0.0,0.0,0.0,0.0,0.0,0.0
NY_Z_F,NY_Z_F_utilitypv_class1_advanced_1,6,1,210,-0.0,0.0,0.0,0.0,0.0,0.0,0.0,0.0,0.0,0.0,0.0,0.0,0.0,0.0,0.0,0.0,0.0,0.0,0.0,0.0,0.0,0.0,0.0
NY_Z_F,NY_Z_F_utilitypv_class1_advanced_2,6,2,211,1.9013544785383824e8,0.0,0.0,5.0094101657333024e7,0.0,0.0,0.0,0.0,0.0,0.0,0.0,0.0,4.1506194672390975e7,0.0,0.0,0.0,8.896758207840726e7,1.0975577276037414e8,0.0,0.0,4.1506194672390975e7,2.4022954951117125e8,-1.9872335483878028e8
NY_Z_F,NY_Z_F_utilitypv_class1_advanced_3,6,3,212,-0.0,0.0,0.0,0.0,0.0,0.0,0.0,0.0,0.0,0.0,0.0,0.0,0.0,0.0,0.0,0.0,0.0,0.0,0.0,0.0,0.0,0.0,0.0
NY_Z_F,NY_Z_F_utilitypv_class1_advanced_4,6,4,213,-0.0,0.0,0.0,0.0,0.0,0.0,0.0,0.0,0.0,0.0,0.0,0.0,0.0,0.0,0.0,0.0,0.0,0.0,0.0,0.0,0.0,0.0,0.0
NY_Z_F,NY_Z_F_utilitypv_class1_advanced_5,6,5,214,-0.0,0.0,0.0,0.0,0.0,0.0,0.0,0.0,0.0,0.0,0.0,0.0,0.0,0.0,0.0,0.0,0.0,0.0,0.0,0.0,0.0,0.0,0.0
NY_Z_F,NY_Z_F_utilitypv_class1_advanced_6,6,6,215,-0.0,0.0,0.0,0.0,0.0,0.0,0.0,0.0,0.0,0.0,0.0,0.0,0.0,0.0,0.0,0.0,0.0,0.0,0.0,0.0,0.0,0.0,0.0
NY_Z_G-I,NY_Z_G-I_landbasedwind_class1_advanced_1,7,1,216,738323.6,0.0,0.0,262548.0,0.0,0.0,0.0,0.0,0.0,0.0,0.0,0.0,421564.7495749571,0.0,0.0,0.0,446375.2087627122,457078.90501058154,0.0,0.0,421564.7495749571,1.0008716e6,-579306.8504250429
NY_Z_G-I,NY_Z_G-I_landbasedwind_class1_advanced_2,7,2,217,-0.0,0.0,0.0,0.0,0.0,0.0,0.0,0.0,0.0,0.0,0.0,0.0,0.0,0.0,0.0,0.0,0.0,0.0,0.0,0.0,0.0,0.0,0.0
NY_Z_G-I,NY_Z_G-I_landbasedwind_class1_advanced_3,7,3,218,-0.0,0.0,0.0,0.0,0.0,0.0,0.0,0.0,0.0,0.0,0.0,0.0,0.0,0.0,0.0,0.0,0.0,0.0,0.0,0.0,0.0,0.0,0.0
NY_Z_G-I,NY_Z_G-I_landbasedwind_class1_advanced_4,7,4,219,160699.5,0.0,0.0,57915.0,0.0,0.0,0.0,0.0,0.0,0.0,0.0,0.0,79499.91004482927,0.0,0.0,0.0,81236.7426131205,86264.80212621414,0.0,0.0,79499.91004482927,218614.5,-139114.58995517073
NY_Z_G-I,NY_Z_G-I_landbasedwind_class1_advanced_5,7,5,220,-0.0,0.0,0.0,0.0,0.0,0.0,0.0,0.0,0.0,0.0,0.0,0.0,0.0,0.0,0.0,0.0,0.0,0.0,0.0,0.0,0.0,0.0,0.0
NY_Z_G-I,NY_Z_G-I_landbasedwind_class1_advanced_6,7,6,221,-0.0,0.0,0.0,0.0,0.0,0.0,0.0,0.0,0.0,0.0,0.0,0.0,0.0,0.0,0.0,0.0,0.0,0.0,0.0,0.0,0.0,0.0,0.0
NY_Z_G-I,NY_Z_G-I_utilitypv_class1_advanced_1,7,1,222,3.883367e7,0.0,0.0,1.1359809e7,0.0,0.0,0.0,0.0,0.0,0.0,0.0,0.0,1.1485301951731326e7,0.0,0.0,0.0,1.9506430549558766e7,2.3719471526945017e7,0.0,0.0,1.1485301951731326e7,5.0193479e7,-3.8708177048268676e7
NY_Z_G-I,NY_Z_G-I_utilitypv_class1_advanced_2,7,2,223,5.8260636400000006e7,0.0,0.0,1.6738754400000002e7,0.0,0.0,0.0,0.0,0.0,0.0,0.0,0.0,1.6188593010459606e7,0.0,0.0,0.0,2.8394239481562123e7,3.439212039855657e7,0.0,0.0,1.6188593010459606e7,7.499939080000001e7,-5.881079778954041e7
NY_Z_G-I,NY_Z_G-I_utilitypv_class1_advanced_3,7,3,224,-0.0,0.0,0.0,0.0,0.0,0.0,0.0,0.0,0.0,0.0,0.0,0.0,0.0,0.0,0.0,0.0,0.0,0.0,0.0,0.0,0.0,0.0,0.0
NY_Z_G-I,NY_Z_G-I_utilitypv_class1_advanced_4,7,4,225,-0.0,0.0,0.0,0.0,0.0,0.0,0.0,0.0,0.0,0.0,0.0,0.0,0.0,0.0,0.0,0.0,0.0,0.0,0.0,0.0,0.0,0.0,0.0
NY_Z_G-I,NY_Z_G-I_utilitypv_class1_advanced_5,7,5,226,-0.0,0.0,0.0,0.0,0.0,0.0,0.0,0.0,0.0,0.0,0.0,0.0,0.0,0.0,0.0,0.0,0.0,0.0,0.0,0.0,0.0,0.0,0.0
NY_Z_G-I,NY_Z_G-I_utilitypv_class1_advanced_6,7,6,227,-0.0,0.0,0.0,0.0,0.0,0.0,0.0,0.0,0.0,0.0,0.0,0.0,0.0,0.0,0.0,0.0,0.0,0.0,0.0,0.0,0.0,0.0,0.0
NY_Z_J,NY_Z_J_offshorewind_class3_advanced_fixed_1_0,8,0,228,-0.0,0.0,0.0,0.0,0.0,0.0,0.0,0.0,0.0,0.0,0.0,0.0,0.0,0.0,0.0,0.0,0.0,0.0,0.0,0.0,0.0,0.0,0.0
NY_Z_J,NY_Z_J_offshorewind_class3_advanced_fixed_1_1,8,1,229,-0.0,0.0,0.0,0.0,0.0,0.0,0.0,0.0,0.0,0.0,0.0,0.0,0.0,0.0,0.0,0.0,0.0,0.0,0.0,0.0,0.0,0.0,0.0
NY_Z_J,NY_Z_J_offshorewind_class3_advanced_fixed_1_2,8,2,230,-0.0,0.0,0.0,0.0,0.0,0.0,0.0,0.0,0.0,0.0,0.0,0.0,0.0,0.0,0.0,0.0,0.0,0.0,0.0,0.0,0.0,0.0,0.0
NY_Z_J,NY_Z_J_offshorewind_class3_advanced_fixed_1_3,8,3,231,-0.0,0.0,0.0,0.0,0.0,0.0,0.0,0.0,0.0,0.0,0.0,0.0,0.0,0.0,0.0,0.0,0.0,0.0,0.0,0.0,0.0,0.0,0.0
NY_Z_J,NY_Z_J_offshorewind_class3_advanced_fixed_1_4,8,4,232,-0.0,0.0,0.0,0.0,0.0,0.0,0.0,0.0,0.0,0.0,0.0,0.0,0.0,0.0,0.0,0.0,0.0,0.0,0.0,0.0,0.0,0.0,0.0
NY_Z_J,NY_Z_J_offshorewind_class3_advanced_fixed_1_5,8,5,233,-0.0,0.0,0.0,0.0,0.0,0.0,0.0,0.0,0.0,0.0,0.0,0.0,0.0,0.0,0.0,0.0,0.0,0.0,0.0,0.0,0.0,0.0,0.0
NY_Z_J,NY_Z_J_offshorewind_class3_advanced_fixed_0_0,8,0,234,-0.0,0.0,0.0,0.0,0.0,0.0,0.0,0.0,0.0,0.0,0.0,0.0,0.0,0.0,0.0,0.0,0.0,0.0,0.0,0.0,0.0,0.0,0.0
NY_Z_J,NY_Z_J_offshorewind_class3_advanced_fixed_0_1,8,1,235,-0.0,0.0,0.0,0.0,0.0,0.0,0.0,0.0,0.0,0.0,0.0,0.0,0.0,0.0,0.0,0.0,0.0,0.0,0.0,0.0,0.0,0.0,0.0
NY_Z_J,NY_Z_J_offshorewind_class3_advanced_fixed_0_2,8,2,236,-0.0,0.0,0.0,0.0,0.0,0.0,0.0,0.0,0.0,0.0,0.0,0.0,0.0,0.0,0.0,0.0,0.0,0.0,0.0,0.0,0.0,0.0,0.0
NY_Z_J,NY_Z_J_offshorewind_class3_advanced_fixed_0_3,8,3,237,-0.0,0.0,0.0,0.0,0.0,0.0,0.0,0.0,0.0,0.0,0.0,0.0,0.0,0.0,0.0,0.0,0.0,0.0,0.0,0.0,0.0,0.0,0.0
NY_Z_J,NY_Z_J_offshorewind_class3_advanced_fixed_0_4,8,4,238,-0.0,0.0,0.0,0.0,0.0,0.0,0.0,0.0,0.0,0.0,0.0,0.0,0.0,0.0,0.0,0.0,0.0,0.0,0.0,0.0,0.0,0.0,0.0
NY_Z_J,NY_Z_J_offshorewind_class3_advanced_fixed_0_5,8,5,239,-0.0,0.0,0.0,0.0,0.0,0.0,0.0,0.0,0.0,0.0,0.0,0.0,0.0,0.0,0.0,0.0,0.0,0.0,0.0,0.0,0.0,0.0,0.0
NY_Z_J,NY_Z_J_offshorewind_class12_advanced_floating_0_0,8,0,240,-0.0,0.0,0.0,0.0,0.0,0.0,0.0,0.0,0.0,0.0,0.0,0.0,0.0,0.0,0.0,0.0,0.0,0.0,0.0,0.0,0.0,0.0,0.0
NY_Z_J,NY_Z_J_offshorewind_class12_advanced_floating_0_1,8,1,241,-0.0,0.0,0.0,0.0,0.0,0.0,0.0,0.0,0.0,0.0,0.0,0.0,0.0,0.0,0.0,0.0,0.0,0.0,0.0,0.0,0.0,0.0,0.0
NY_Z_J,NY_Z_J_offshorewind_class12_advanced_floating_0_2,8,2,242,-0.0,0.0,0.0,0.0,0.0,0.0,0.0,0.0,0.0,0.0,0.0,0.0,0.0,0.0,0.0,0.0,0.0,0.0,0.0,0.0,0.0,0.0,0.0
NY_Z_J,NY_Z_J_offshorewind_class12_advanced_floating_0_3,8,3,243,-0.0,0.0,0.0,0.0,0.0,0.0,0.0,0.0,0.0,0.0,0.0,0.0,0.0,0.0,0.0,0.0,0.0,0.0,0.0,0.0,0.0,0.0,0.0
NY_Z_J,NY_Z_J_offshorewind_class12_advanced_floating_0_4,8,4,244,-0.0,0.0,0.0,0.0,0.0,0.0,0.0,0.0,0.0,0.0,0.0,0.0,0.0,0.0,0.0,0.0,0.0,0.0,0.0,0.0,0.0,0.0,0.0
NY_Z_J,NY_Z_J_offshorewind_class12_advanced_floating_0_5,8,5,245,-0.0,0.0,0.0,0.0,0.0,0.0,0.0,0.0,0.0,0.0,0.0,0.0,0.0,0.0,0.0,0.0,0.0,0.0,0.0,0.0,0.0,0.0,0.0
NY_Z_J,NY_Z_J_offshorewind_class12_advanced_floating_1_0,8,0,246,-0.0,0.0,0.0,0.0,0.0,0.0,0.0,0.0,0.0,0.0,0.0,0.0,0.0,0.0,0.0,0.0,0.0,0.0,0.0,0.0,0.0,0.0,0.0
NY_Z_J,NY_Z_J_offshorewind_class12_advanced_floating_1_1,8,1,247,-0.0,0.0,0.0,0.0,0.0,0.0,0.0,0.0,0.0,0.0,0.0,0.0,0.0,0.0,0.0,0.0,0.0,0.0,0.0,0.0,0.0,0.0,0.0
NY_Z_J,NY_Z_J_offshorewind_class12_advanced_floating_1_2,8,2,248,-0.0,0.0,0.0,0.0,0.0,0.0,0.0,0.0,0.0,0.0,0.0,0.0,0.0,0.0,0.0,0.0,0.0,0.0,0.0,0.0,0.0,0.0,0.0
NY_Z_J,NY_Z_J_offshorewind_class12_advanced_floating_1_3,8,3,249,-0.0,0.0,0.0,0.0,0.0,0.0,0.0,0.0,0.0,0.0,0.0,0.0,0.0,0.0,0.0,0.0,0.0,0.0,0.0,0.0,0.0,0.0,0.0
NY_Z_J,NY_Z_J_offshorewind_class12_advanced_floating_1_4,8,4,250,-0.0,0.0,0.0,0.0,0.0,0.0,0.0,0.0,0.0,0.0,0.0,0.0,0.0,0.0,0.0,0.0,0.0,0.0,0.0,0.0,0.0,0.0,0.0
NY_Z_J,NY_Z_J_offshorewind_class12_advanced_floating_1_5,8,5,251,-0.0,0.0,0.0,0.0,0.0,0.0,0.0,0.0,0.0,0.0,0.0,0.0,0.0,0.0,0.0,0.0,0.0,0.0,0.0,0.0,0.0,0.0,0.0
NY_Z_K,NY_Z_K_utilitypv_class1_advanced_1,9,1,252,-0.0,0.0,0.0,0.0,0.0,0.0,0.0,0.0,0.0,0.0,0.0,0.0,0.0,0.0,0.0,0.0,0.0,0.0,0.0,0.0,0.0,0.0,0.0
PJM_EMAC,PJM_EMAC_offshorewind_class3_advanced_fixed_1_0,10,0,253,-0.0,0.0,0.0,0.0,0.0,0.0,0.0,0.0,0.0,0.0,0.0,0.0,0.0,0.0,0.0,0.0,0.0,0.0,0.0,0.0,0.0,0.0,0.0
PJM_EMAC,PJM_EMAC_offshorewind_class3_advanced_fixed_1_1,10,1,254,-0.0,0.0,0.0,0.0,0.0,0.0,0.0,0.0,0.0,0.0,0.0,0.0,0.0,0.0,0.0,0.0,0.0,0.0,0.0,0.0,0.0,0.0,0.0
PJM_EMAC,PJM_EMAC_offshorewind_class3_advanced_fixed_1_2,10,2,255,-0.0,0.0,0.0,0.0,0.0,0.0,0.0,0.0,0.0,0.0,0.0,0.0,0.0,0.0,0.0,0.0,0.0,0.0,0.0,0.0,0.0,0.0,0.0
PJM_EMAC,PJM_EMAC_offshorewind_class3_advanced_fixed_1_3,10,3,256,-0.0,0.0,0.0,0.0,0.0,0.0,0.0,0.0,0.0,0.0,0.0,0.0,0.0,0.0,0.0,0.0,0.0,0.0,0.0,0.0,0.0,0.0,0.0
PJM_EMAC,PJM_EMAC_offshorewind_class3_advanced_fixed_1_4,10,4,257,-0.0,0.0,0.0,0.0,0.0,0.0,0.0,0.0,0.0,0.0,0.0,0.0,0.0,0.0,0.0,0.0,0.0,0.0,0.0,0.0,0.0,0.0,0.0
PJM_EMAC,PJM_EMAC_offshorewind_class3_advanced_fixed_1_5,10,5,258,-0.0,0.0,0.0,0.0,0.0,0.0,0.0,0.0,0.0,0.0,0.0,0.0,0.0,0.0,0.0,0.0,0.0,0.0,0.0,0.0,0.0,0.0,0.0
PJM_EMAC,PJM_EMAC_offshorewind_class3_advanced_fixed_0_0,10,0,259,-0.0,0.0,0.0,0.0,0.0,0.0,0.0,0.0,0.0,0.0,0.0,0.0,0.0,0.0,0.0,0.0,0.0,0.0,0.0,0.0,0.0,0.0,0.0
PJM_EMAC,PJM_EMAC_offshorewind_class3_advanced_fixed_0_1,10,1,260,-0.0,0.0,0.0,0.0,0.0,0.0,0.0,0.0,0.0,0.0,0.0,0.0,0.0,0.0,0.0,0.0,0.0,0.0,0.0,0.0,0.0,0.0,0.0
PJM_EMAC,PJM_EMAC_offshorewind_class3_advanced_fixed_0_2,10,2,261,-0.0,0.0,0.0,0.0,0.0,0.0,0.0,0.0,0.0,0.0,0.0,0.0,0.0,0.0,0.0,0.0,0.0,0.0,0.0,0.0,0.0,0.0,0.0
PJM_EMAC,PJM_EMAC_offshorewind_class3_advanced_fixed_0_3,10,3,262,-0.0,0.0,0.0,0.0,0.0,0.0,0.0,0.0,0.0,0.0,0.0,0.0,0.0,0.0,0.0,0.0,0.0,0.0,0.0,0.0,0.0,0.0,0.0
PJM_EMAC,PJM_EMAC_offshorewind_class3_advanced_fixed_0_4,10,4,263,-0.0,0.0,0.0,0.0,0.0,0.0,0.0,0.0,0.0,0.0,0.0,0.0,0.0,0.0,0.0,0.0,0.0,0.0,0.0,0.0,0.0,0.0,0.0
PJM_EMAC,PJM_EMAC_offshorewind_class3_advanced_fixed_0_5,10,5,264,-0.0,0.0,0.0,0.0,0.0,0.0,0.0,0.0,0.0,0.0,0.0,0.0,0.0,0.0,0.0,0.0,0.0,0.0,0.0,0.0,0.0,0.0,0.0
PJM_EMAC,PJM_EMAC_offshorewind_class12_advanced_floating_0_0,10,0,265,-0.0,0.0,0.0,0.0,0.0,0.0,0.0,0.0,0.0,0.0,0.0,0.0,0.0,0.0,0.0,0.0,0.0,0.0,0.0,0.0,0.0,0.0,0.0
PJM_EMAC,PJM_EMAC_offshorewind_class12_advanced_floating_0_1,10,1,266,-0.0,0.0,0.0,0.0,0.0,0.0,0.0,0.0,0.0,0.0,0.0,0.0,0.0,0.0,0.0,0.0,0.0,0.0,0.0,0.0,0.0,0.0,0.0
PJM_EMAC,PJM_EMAC_offshorewind_class12_advanced_floating_0_2,10,2,267,-0.0,0.0,0.0,0.0,0.0,0.0,0.0,0.0,0.0,0.0,0.0,0.0,0.0,0.0,0.0,0.0,0.0,0.0,0.0,0.0,0.0,0.0,0.0
PJM_EMAC,PJM_EMAC_offshorewind_class12_advanced_floating_0_3,10,3,268,-0.0,0.0,0.0,0.0,0.0,0.0,0.0,0.0,0.0,0.0,0.0,0.0,0.0,0.0,0.0,0.0,0.0,0.0,0.0,0.0,0.0,0.0,0.0
PJM_EMAC,PJM_EMAC_offshorewind_class12_advanced_floating_0_4,10,4,269,-0.0,0.0,0.0,0.0,0.0,0.0,0.0,0.0,0.0,0.0,0.0,0.0,0.0,0.0,0.0,0.0,0.0,0.0,0.0,0.0,0.0,0.0,0.0
PJM_EMAC,PJM_EMAC_offshorewind_class12_advanced_floating_0_5,10,5,270,-0.0,0.0,0.0,0.0,0.0,0.0,0.0,0.0,0.0,0.0,0.0,0.0,0.0,0.0,0.0,0.0,0.0,0.0,0.0,0.0,0.0,0.0,0.0
PJM_EMAC,PJM_EMAC_landbasedwind_class1_advanced_1,10,1,271,6.5435541e6,0.0,0.0,2.976831e6,0.0,0.0,0.0,0.0,0.0,0.0,0.0,0.0,6.548293523214356e6,0.0,0.0,0.0,3.3607870600149985e6,0.0,0.0,0.0,6.548293523214356e6,9.5203851e6,-2.9720915767856436e6
PJM_EMAC,PJM_EMAC_landbasedwind_class1_advanced_2,10,2,272,-0.0,0.0,0.0,0.0,0.0,0.0,0.0,0.0,0.0,0.0,0.0,0.0,0.0,0.0,0.0,0.0,0.0,0.0,0.0,0.0,0.0,0.0,0.0
PJM_EMAC,PJM_EMAC_landbasedwind_class1_advanced_3,10,3,273,-0.0,0.0,0.0,0.0,0.0,0.0,0.0,0.0,0.0,0.0,0.0,0.0,0.0,0.0,0.0,0.0,0.0,0.0,0.0,0.0,0.0,0.0,0.0
PJM_EMAC,PJM_EMAC_landbasedwind_class1_advanced_4,10,4,274,-0.0,0.0,0.0,0.0,0.0,0.0,0.0,0.0,0.0,0.0,0.0,0.0,0.0,0.0,0.0,0.0,0.0,0.0,0.0,0.0,0.0,0.0,0.0
PJM_EMAC,PJM_EMAC_landbasedwind_class1_advanced_5,10,5,275,-0.0,0.0,0.0,0.0,0.0,0.0,0.0,0.0,0.0,0.0,0.0,0.0,0.0,0.0,0.0,0.0,0.0,0.0,0.0,0.0,0.0,0.0,0.0
PJM_EMAC,PJM_EMAC_landbasedwind_class1_advanced_6,10,6,276,-0.0,0.0,0.0,0.0,0.0,0.0,0.0,0.0,0.0,0.0,0.0,0.0,0.0,0.0,0.0,0.0,0.0,0.0,0.0,0.0,0.0,0.0,0.0
PJM_EMAC,PJM_EMAC_utilitypv_class1_advanced_1,10,1,277,-0.0,0.0,0.0,0.0,0.0,0.0,0.0,0.0,0.0,0.0,0.0,0.0,0.0,0.0,0.0,0.0,0.0,0.0,0.0,0.0,0.0,0.0,0.0
PJM_EMAC,PJM_EMAC_utilitypv_class1_advanced_2,10,2,278,-0.0,0.0,0.0,0.0,0.0,0.0,0.0,0.0,0.0,0.0,0.0,0.0,0.0,0.0,0.0,0.0,0.0,0.0,0.0,0.0,0.0,0.0,0.0
PJM_EMAC,PJM_EMAC_utilitypv_class1_advanced_3,10,3,279,-0.0,0.0,0.0,0.0,0.0,0.0,0.0,0.0,0.0,0.0,0.0,0.0,0.0,0.0,0.0,0.0,0.0,0.0,0.0,0.0,0.0,0.0,0.0
PJM_EMAC,PJM_EMAC_utilitypv_class1_advanced_4,10,4,280,-0.0,0.0,0.0,0.0,0.0,0.0,0.0,0.0,0.0,0.0,0.0,0.0,0.0,0.0,0.0,0.0,0.0,0.0,0.0,0.0,0.0,0.0,0.0
PJM_EMAC,PJM_EMAC_utilitypv_class1_advanced_5,10,5,281,-0.0,0.0,0.0,0.0,0.0,0.0,0.0,0.0,0.0,0.0,0.0,0.0,0.0,0.0,0.0,0.0,0.0,0.0,0.0,0.0,0.0,0.0,0.0
PJM_EMAC,PJM_EMAC_utilitypv_class1_advanced_6,10,6,282,-0.0,0.0,0.0,0.0,0.0,0.0,0.0,0.0,0.0,0.0,0.0,0.0,0.0,0.0,0.0,0.0,0.0,0.0,0.0,0.0,0.0,0.0,0.0
PJM_Rest,PJM_Rest_landbasedwind_class1_advanced_1,11,1,283,4.0814944859999996e8,0.0,0.0,2.26358847e8,0.0,0.0,0.0,0.0,0.0,0.0,0.0,0.0,5.842392295280005e8,0.0,0.0,0.0,3.301997554867032e8,0.0,0.0,0.0,5.842392295280005e8,6.345082955999999e8,-5.026906607199943e7
PJM_Rest,PJM_Rest_landbasedwind_class1_advanced_2,11,2,284,8.290784584e8,0.0,0.0,4.04308476e8,0.0,0.0,0.0,0.0,0.0,0.0,0.0,0.0,1.0507763121683527e9,0.0,0.0,0.0,5.1237572407240427e8,0.0,0.0,0.0,1.0507763121683527e9,1.2333869344e9,-1.8261062223164737e8
PJM_Rest,PJM_Rest_landbasedwind_class1_advanced_3,11,3,285,-0.0,0.0,0.0,0.0,0.0,0.0,0.0,0.0,0.0,0.0,0.0,0.0,0.0,0.0,0.0,0.0,0.0,0.0,0.0,0.0,0.0,0.0,0.0
PJM_Rest,PJM_Rest_landbasedwind_class1_advanced_4,11,4,286,1.41728212839202e8,0.0,0.0,5.560369359456158e7,0.0,0.0,0.0,0.0,0.0,0.0,0.0,0.0,1.3090316193367082e8,0.0,0.0,0.0,6.642874450009274e7,0.0,0.0,0.0,1.3090316193367082e8,1.9733190643376356e8,-6.6428744500092745e7
PJM_Rest,PJM_Rest_landbasedwind_class1_advanced_5,11,5,287,-0.0,0.0,0.0,0.0,0.0,0.0,0.0,0.0,0.0,0.0,0.0,0.0,0.0,0.0,0.0,0.0,0.0,0.0,0.0,0.0,0.0,0.0,0.0
PJM_Rest,PJM_Rest_landbasedwind_class1_advanced_6,11,6,288,-0.0,0.0,0.0,0.0,0.0,0.0,0.0,0.0,0.0,0.0,0.0,0.0,0.0,0.0,0.0,0.0,0.0,0.0,0.0,0.0,0.0,0.0,0.0
PJM_Rest,PJM_Rest_utilitypv_class1_advanced_1,11,1,289,-0.0,0.0,0.0,0.0,0.0,0.0,0.0,0.0,0.0,0.0,0.0,0.0,0.0,0.0,0.0,0.0,0.0,0.0,0.0,0.0,0.0,0.0,0.0
PJM_Rest,PJM_Rest_utilitypv_class1_advanced_2,11,2,290,3.3942927164964194e9,0.0,0.0,9.396809112148328e8,0.0,0.0,0.0,0.0,0.0,0.0,0.0,0.0,2.584396531716062e9,0.0,0.0,0.0,1.74957709599519e9,0.0,0.0,0.0,2.584396531716062e9,4.333973627711252e9,-1.7495770959951901e9
PJM_Rest,PJM_Rest_utilitypv_class1_advanced_3,11,3,291,-0.0,0.0,0.0,0.0,0.0,0.0,0.0,0.0,0.0,0.0,0.0,0.0,0.0,0.0,0.0,0.0,0.0,0.0,0.0,0.0,0.0,0.0,0.0
PJM_Rest,PJM_Rest_utilitypv_class1_advanced_4,11,4,292,-0.0,0.0,0.0,0.0,0.0,0.0,0.0,0.0,0.0,0.0,0.0,0.0,0.0,0.0,0.0,0.0,0.0,0.0,0.0,0.0,0.0,0.0,0.0
PJM_Rest,PJM_Rest_utilitypv_class1_advanced_5,11,5,293,-0.0,0.0,0.0,0.0,0.0,0.0,0.0,0.0,0.0,0.0,0.0,0.0,0.0,0.0,0.0,0.0,0.0,0.0,0.0,0.0,0.0,0.0,0.0
PJM_Rest,PJM_Rest_utilitypv_class1_advanced_6,11,6,294,-0.0,0.0,0.0,0.0,0.0,0.0,0.0,0.0,0.0,0.0,0.0,0.0,0.0,0.0,0.0,0.0,0.0,0.0,0.0,0.0,0.0,0.0,0.0
NENG_Rest,NENG_Rest_hydroelectric_pumped_storage_1,1,1,295,0.0,0.0,0.0,9.735783e7,0.0,0.0,0.0,0.0,0.0,0.0,4.109712398010858e7,0.0,1.0772805402488707e8,0.0,0.0,0.0,1.389011580399036e8,0.0,0.0,0.0,1.0772805402488707e8,1.384549539801086e8,-3.072689995522152e7
NY_Z_A,NY_Z_A_hydroelectric_pumped_storage_1,2,1,296,0.0,0.0,0.0,1.276824e7,0.0,0.0,0.0,0.0,0.0,0.0,-1.643177871411392e6,0.0,1.1195671203320866e7,0.0,0.0,0.0,1.91616605542213e7,0.0,0.0,0.0,1.1195671203320866e7,1.1125062128588608e7,70609.07473225892
NY_Z_F,NY_Z_F_hydroelectric_pumped_storage_1,6,1,297,0.0,0.0,0.0,6.20696067e7,0.0,0.0,0.0,0.0,0.0,0.0,2.0995653154381126e7,0.0,7.389941489799993e7,0.0,0.0,0.0,8.941214631686465e7,0.0,0.0,0.0,7.389941489799993e7,8.306525985438113e7,-9.165844956381202e6
PJM_EMAC,PJM_EMAC_hydroelectric_pumped_storage_1,10,1,298,0.0,0.0,0.0,7.926949e7,0.0,0.0,0.0,0.0,0.0,0.0,9.112710881583303e7,0.0,1.0288968530598556e8,0.0,0.0,0.0,1.506703461273483e8,0.0,0.0,0.0,1.0288968530598556e8,1.7039659881583303e8,-6.750691350984748e7
PJM_Rest,PJM_Rest_hydroelectric_pumped_storage_1,11,1,299,0.0,0.0,0.0,1.96471293e8,0.0,0.0,0.0,0.0,0.0,0.0,9.530684012988652e7,0.0,1.781026673974342e8,0.0,0.0,0.0,3.626399791148279e8,0.0,0.0,0.0,1.781026673974342e8,2.917781331298865e8,-1.136754657324523e8
NENG_Rest,NENG_Rest_battery_advanced_0,1,0,300,-0.0,-0.0,0.0,0.0,0.0,0.0,0.0,0.0,0.0,0.0,0.0,0.0,0.0,0.0,0.0,0.0,0.0,0.0,0.0,0.0,0.0,0.0,0.0
NY_Z_A,NY_Z_A_battery_advanced_0,2,0,301,-0.0,-0.0,0.0,0.0,0.0,0.0,0.0,0.0,0.0,0.0,0.0,0.0,0.0,0.0,0.0,0.0,0.0,0.0,0.0,0.0,0.0,0.0,0.0
NY_Z_B,NY_Z_B_battery_advanced_0,3,0,302,3.9394759379462553e6,1.6678390841525996e7,0.0,1.2135117133938686e6,5.1373120595759805e6,0.0,90271.2641930747,0.0,106653.19493510718,0.0,943704.2891340558,0.0,7.9772826691357205e6,0.0,0.0,0.0,2.0201781837158468e7,0.0,0.0,0.0,7.9772826691357205e6,2.810931930070433e7,-2.013203663156861e7
NY_Z_C&E,NY_Z_C&E_battery_advanced_0,4,0,303,-0.0,-0.0,0.0,0.0,0.0,0.0,0.0,0.0,0.0,0.0,0.0,0.0,0.0,0.0,0.0,0.0,0.0,0.0,0.0,0.0,0.0,0.0,0.0
NY_Z_D,NY_Z_D_battery_advanced_0,5,0,304,1.5934064015118191e7,4.924096777379968e7,0.0,4.908311061900807e6,1.5167303606994022e7,0.0,372732.98464130325,0.0,440374.5092642997,0.0,-2.9419126951300673e7,0.0,-701366.8280652734,0.0,0.0,0.0,5.805459511502426e7,0.0,0.0,0.0,-701366.8280652734,5.664462700041763e7,-5.73459938284829e7
NY_Z_F,NY_Z_F_battery_advanced_0,6,0,305,3.8863567284841584e6,1.6453502315600997e7,0.0,1.197148932175288e6,5.068041435852604e6,0.0,98992.66322317459,0.0,116957.30532038583,0.0,19319.812429913807,0.0,8.832589499185214e6,0.0,0.0,0.0,1.8085065720910475e7,0.0,0.0,0.0,8.832589499185214e6,2.684031919308652e7,-1.8007729693901308e7
NY_Z_G-I,NY_Z_G-I_battery_advanced_0,7,0,306,3.9919131531940424e6,1.690039203770534e7,0.0,1.2296644138858328e6,5.205693322085601e6,0.0,86006.56151409828,0.0,101614.55755446393,0.0,1.8750971104930402e6,0.0,8.887820428998042e6,0.0,0.0,0.0,2.0585605093555175e7,0.0,0.0,0.0,8.887820428998042e6,2.939038115643242e7,-2.0502560727434378e7
NY_Z_J,NY_Z_J_battery_advanced_0,8,0,307,-0.0,-0.0,0.0,0.0,0.0,0.0,0.0,0.0,0.0,0.0,0.0,0.0,0.0,0.0,0.0,0.0,0.0,0.0,0.0,0.0,0.0,0.0,0.0
NY_Z_K,NY_Z_K_battery_advanced_0,9,0,308,-0.0,-0.0,0.0,0.0,0.0,0.0,0.0,0.0,0.0,0.0,0.0,0.0,0.0,0.0,0.0,0.0,0.0,0.0,0.0,0.0,0.0,0.0,0.0
PJM_EMAC,PJM_EMAC_battery_advanced_0,10,0,309,-0.0,-0.0,0.0,0.0,0.0,0.0,0.0,0.0,0.0,0.0,0.0,0.0,0.0,0.0,0.0,0.0,0.0,0.0,0.0,0.0,0.0,0.0,0.0
PJM_Rest,PJM_Rest_battery_advanced_0,11,0,310,1.5396763579676637e8,4.407277991908942e8,0.0,4.773585365193601e7,1.366370871755361e8,0.0,1.5203026465720683e6,0.0,1.7961987790312713e6,0.0,1.8494710151233146e8,0.0,2.787005818881691e8,0.0,0.0,0.0,6.888534969029063e8,0.0,0.0,0.0,2.787005818881691e8,9.673319787530675e8,-6.886313968648984e8
NY_Z_A,NY_Z_A_res_water_heat_1,2,1,311,0.0,0.0,0.0,0.0,0.0,0.0,0.0,0.0,0.0,0.0,339159.852262089,0.0,571703.6692966531,0.0,0.0,0.0,0.0,0.0,0.0,0.0,571703.6692966531,339159.852262089,232543.8170345641
NY_Z_B,NY_Z_B_res_water_heat_1,3,1,312,0.0,0.0,0.0,0.0,0.0,0.0,0.0,0.0,0.0,0.0,312286.41954250063,0.0,486995.9882313292,0.0,0.0,0.0,0.0,0.0,0.0,0.0,486995.9882313292,312286.41954250063,174709.56868882856
NY_Z_C&E,NY_Z_C&E_res_water_heat_1,4,1,313,0.0,0.0,0.0,0.0,0.0,0.0,0.0,0.0,0.0,0.0,721348.8356579137,0.0,1.0618571861081908e6,0.0,0.0,0.0,0.0,0.0,0.0,0.0,1.0618571861081908e6,721348.8356579137,340508.3504502771
NY_Z_D,NY_Z_D_res_water_heat_1,5,1,314,0.0,0.0,0.0,0.0,0.0,0.0,0.0,0.0,0.0,0.0,-20200.839586182978,0.0,47506.915200597505,0.0,0.0,0.0,0.0,0.0,0.0,0.0,47506.915200597505,-20200.839586182978,67707.75478678048
NY_Z_F,NY_Z_F_res_water_heat_1,6,1,315,0.0,0.0,0.0,0.0,0.0,0.0,0.0,0.0,0.0,0.0,467162.49256360333,0.0,647016.338107041,0.0,0.0,0.0,0.0,0.0,0.0,0.0,647016.338107041,467162.49256360333,179853.84554343764
NY_Z_G-I,NY_Z_G-I_res_water_heat_1,7,1,316,0.0,0.0,0.0,0.0,0.0,0.0,0.0,0.0,0.0,0.0,1.1380633333987328e6,0.0,1.3952887115199962e6,0.0,0.0,0.0,0.0,0.0,0.0,0.0,1.3952887115199962e6,1.1380633333987328e6,257225.37812126335
NY_Z_J,NY_Z_J_res_water_heat_1,8,1,317,0.0,0.0,0.0,0.0,0.0,0.0,0.0,0.0,0.0,0.0,4.391806691181498e6,0.0,5.3455707844760865e6,0.0,0.0,0.0,0.0,0.0,0.0,0.0,5.3455707844760865e6,4.391806691181498e6,953764.0932945888
NY_Z_K,NY_Z_K_res_water_heat_1,9,1,318,0.0,0.0,0.0,0.0,0.0,0.0,0.0,0.0,0.0,0.0,1.6310288887456318e6,0.0,1.925844589182215e6,0.0,0.0,0.0,0.0,0.0,0.0,0.0,1.925844589182215e6,1.6310288887456318e6,294815.70043658325
PJM_EMAC,PJM_EMAC_res_water_heat_1,10,1,319,0.0,0.0,0.0,0.0,0.0,0.0,0.0,0.0,0.0,0.0,2.0696184850878045e7,0.0,2.1795910176300105e7,0.0,0.0,0.0,0.0,0.0,0.0,0.0,2.1795910176300105e7,2.0696184850878045e7,1.0997253254220597e6
PJM_Rest,PJM_Rest_res_water_heat_1,11,1,320,0.0,0.0,0.0,0.0,0.0,0.0,0.0,0.0,0.0,0.0,7.532661826040602e7,0.0,8.568315933116262e7,0.0,0.0,0.0,0.0,0.0,0.0,0.0,8.568315933116262e7,7.532661826040602e7,1.03565410707566e7
NENG_Rest,NENG_Rest_res_water_heat_1,1,1,321,0.0,0.0,0.0,0.0,0.0,0.0,0.0,0.0,0.0,0.0,1.1846930201139905e7,0.0,1.3928239810678275e7,0.0,0.0,0.0,0.0,0.0,0.0,0.0,1.3928239810678275e7,1.1846930201139905e7,2.0813096095383707e6
NY_Z_A,NY_Z_A_trans_light_duty_1,2,1,322,0.0,0.0,0.0,0.0,0.0,0.0,0.0,0.0,0.0,0.0,724507.6933967649,0.0,1.2760568584060855e6,0.0,0.0,0.0,0.0,0.0,0.0,0.0,1.2760568584060855e6,724507.6933967649,551549.1650093206
NY_Z_B,NY_Z_B_trans_light_duty_1,3,1,323,0.0,0.0,0.0,0.0,0.0,0.0,0.0,0.0,0.0,0.0,659876.3235291307,0.0,1.0850752421096112e6,0.0,0.0,0.0,0.0,0.0,0.0,0.0,1.0850752421096112e6,659876.3235291307,425198.9185804805
NY_Z_C&E,NY_Z_C&E_trans_light_duty_1,4,1,324,0.0,0.0,0.0,0.0,0.0,0.0,0.0,0.0,0.0,0.0,1.8131136624820763e6,0.0,2.68152686777738e6,0.0,0.0,0.0,0.0,0.0,0.0,0.0,2.68152686777738e6,1.8131136624820763e6,868413.2052953038
NY_Z_D,NY_Z_D_trans_light_duty_1,5,1,325,0.0,0.0,0.0,0.0,0.0,0.0,0.0,0.0,0.0,0.0,-120827.31108764693,0.0,208271.45626193532,0.0,0.0,0.0,0.0,0.0,0.0,0.0,208271.45626193532,-120827.31108764693,329098.7673495823
NY_Z_F,NY_Z_F_trans_light_duty_1,6,1,326,0.0,0.0,0.0,0.0,0.0,0.0,0.0,0.0,0.0,0.0,1.1889831623836013e6,0.0,1.7645998995937041e6,0.0,0.0,0.0,0.0,0.0,0.0,0.0,1.7645998995937041e6,1.1889831623836013e6,575616.7372101028
NY_Z_G-I,NY_Z_G-I_trans_light_duty_1,7,1,327,0.0,0.0,0.0,0.0,0.0,0.0,0.0,0.0,0.0,0.0,2.8532463501543845e6,0.0,3.6493510030555236e6,0.0,0.0,0.0,0.0,0.0,0.0,0.0,3.6493510030555236e6,2.8532463501543845e6,796104.6529011391
NY_Z_J,NY_Z_J_trans_light_duty_1,8,1,328,0.0,0.0,0.0,0.0,0.0,0.0,0.0,0.0,0.0,0.0,1.1538386898804387e7,0.0,1.4519741853376616e7,0.0,0.0,0.0,0.0,0.0,0.0,0.0,1.4519741853376616e7,1.1538386898804387e7,2.9813549545722287e6
NY_Z_K,NY_Z_K_trans_light_duty_1,9,1,329,0.0,0.0,0.0,0.0,0.0,0.0,0.0,0.0,0.0,0.0,3.746328974299911e6,0.0,4.748776266844869e6,0.0,0.0,0.0,0.0,0.0,0.0,0.0,4.748776266844869e6,3.746328974299911e6,1.0024472925449577e6
PJM_EMAC,PJM_EMAC_trans_light_duty_1,10,1,330,0.0,0.0,0.0,0.0,0.0,0.0,0.0,0.0,0.0,0.0,5.455728801063847e7,0.0,5.925852748875828e7,0.0,0.0,0.0,0.0,0.0,0.0,0.0,5.925852748875828e7,5.455728801063847e7,4.701239478119813e6
PJM_Rest,PJM_Rest_trans_light_duty_1,11,1,331,0.0,0.0,0.0,0.0,0.0,0.0,0.0,0.0,0.0,0.0,1.2469784743956982e8,0.0,1.381565796601521e8,0.0,0.0,0.0,0.0,0.0,0.0,0.0,1.381565796601521e8,1.2469784743956982e8,1.3458732220582291e7
NENG_Rest,NENG_Rest_trans_light_duty_1,1,1,332,0.0,0.0,0.0,0.0,0.0,0.0,0.0,0.0,0.0,0.0,2.855805141178777e7,0.0,3.73401109527954e7,0.0,0.0,0.0,0.0,0.0,0.0,0.0,3.73401109527954e7,2.855805141178777e7,8.78205954100763e6
NENG_Rest,NENG_Rest_biomass_1,1,1,333,0.0,0.0,0.0,4.600925e6,0.0,0.0,3.353109e6,0.0,0.0,0.0,0.0,0.0,4.3901163237101035e6,0.0,0.0,0.0,4.1408675715770614e6,2.495374891410076e6,0.0,0.0,4.3901163237101035e6,7.954034e6,-3.5639176762898965e6
NENG_Rest,NENG_Rest_biomass_2,1,2,334,0.0,0.0,0.0,8.734215e6,0.0,0.0,2.672965079999996e6,0.0,0.0,0.0,0.0,0.0,8.334024103043112e6,0.0,0.0,0.0,7.860860078502027e6,4.737121515168629e6,0.0,0.0,8.334024103043112e6,1.1407180079999996e7,-3.0731559769568844e6
NENG_Rest,NENG_Rest_biomass_3,1,3,335,0.0,0.0,0.0,1.6367225e7,0.0,0.0,7.0619178e6,0.0,0.0,0.0,0.0,0.0,1.5617299053198235e7,0.0,0.0,0.0,1.4730627262823315e7,8.876989367803056e6,0.0,0.0,1.5617299053198235e7,2.34291428e7,-7.811843746801766e6
NENG_Rest,NENG_Rest_small_hydroelectric_1,1,1,336,0.0,0.0,0.0,2.22699386e7,0.0,0.0,0.0,0.0,0.0,0.0,0.0,0.0,2.8899099197877947e7,0.0,0.0,0.0,2.339578823006244e7,1.5992154042392507e7,0.0,0.0,2.8899099197877947e7,2.22699386e7,6.629160597877946e6
NY_Z_A,NY_Z_A_biomass_1,2,1,337,0.0,0.0,0.0,3.725995e6,0.0,0.0,1.105660919999998e6,0.0,0.0,0.0,0.0,0.0,2.1725886752676945e6,0.0,0.0,0.0,3.6033056983652264e6,3.5001147042410383e6,0.0,0.0,2.1725886752676945e6,4.831655919999998e6,-2.6590672447323035e6
NY_Z_A,NY_Z_A_small_hydroelectric_1,2,1,338,0.0,0.0,0.0,53201.0,0.0,0.0,0.0,0.0,0.0,0.0,0.0,0.0,47427.374433657045,0.0,0.0,0.0,70776.6980585255,89107.16287443445,0.0,0.0,47427.374433657045,53201.0,-5773.625566342955
NY_Z_B,NY_Z_B_biomass_1,3,1,339,0.0,0.0,0.0,1.704605e6,0.0,0.0,562251.8399999995,0.0,0.0,0.0,0.0,0.0,1.0576376817004033e6,0.0,0.0,0.0,1.648475886296642e6,1.6012670509280877e6,0.0,0.0,1.0576376817004033e6,2.2668568399999994e6,-1.209219158299596e6
NY_Z_B,NY_Z_B_small_hydroelectric_1,3,1,340,0.0,0.0,0.0,1.51888855e7,0.0,0.0,0.0,0.0,0.0,0.0,0.0,0.0,2.5997399616318527e6,0.0,0.0,0.0,3.5863393693270823e6,4.368546505578858e6,0.0,0.0,2.5997399616318527e6,1.51888855e7,-1.2589145538368147e7
NY_Z_C&E,NY_Z_C&E_biomass_1,4,1,341,0.0,0.0,0.0,1.143443e7,0.0,0.0,4.608215519999996e6,0.0,0.0,0.0,0.0,0.0,7.926147978713905e6,0.0,0.0,0.0,1.1057917892149156e7,1.0741242695606109e7,0.0,0.0,7.926147978713905e6,1.6042645519999996e7,-8.11649754128609e6
NY_Z_C&E,NY_Z_C&E_small_hydroelectric_1,4,1,342,0.0,0.0,0.0,1.4768597600000001e7,0.0,0.0,0.0,0.0,0.0,0.0,0.0,0.0,1.0602345191917557e7,0.0,0.0,0.0,1.2986931778110296e7,1.5808288227821337e7,0.0,0.0,1.0602345191917557e7,1.4768597600000001e7,-4.166252408082444e6
NY_Z_D,NY_Z_D_small_hydroelectric_1,5,1,343,0.0,0.0,0.0,1.6066702e6,0.0,0.0,0.0,0.0,0.0,0.0,0.0,0.0,406426.44182441477,0.0,0.0,0.0,3.1428944931525583e6,3.641152139099537e6,0.0,0.0,406426.44182441477,1.6066702e6,-1.2002437581755852e6
NY_Z_F,NY_Z_F_small_hydroelectric_1,6,1,344,0.0,0.0,0.0,5.9478718e6,0.0,0.0,0.0,0.0,0.0,0.0,0.0,0.0,5.397368451931866e6,0.0,0.0,0.0,6.142267897589564e6,7.198960167775686e6,0.0,0.0,5.397368451931866e6,5.9478718e6,-550503.3480681339
NY_Z_G-I,NY_Z_G-I_small_hydroelectric_1,7,1,345,0.0,0.0,0.0,1.702432e6,0.0,0.0,0.0,0.0,0.0,0.0,0.0,0.0,1.0900999784211195e6,0.0,0.0,0.0,1.123994200657095e6,1.3681611845563822e6,0.0,0.0,1.0900999784211195e6,1.702432e6,-612332.0215788805
PJM_EMAC,PJM_EMAC_biomass_1,10,1,346,0.0,0.0,0.0,2.341192e7,0.0,0.0,9.77517888000001e6,0.0,0.0,0.0,0.0,0.0,3.0918585546101723e7,0.0,0.0,0.0,1.947705660862959e7,0.0,0.0,0.0,3.0918585546101723e7,3.318709888000001e7,-2.2685133338982873e6
PJM_EMAC,PJM_EMAC_small_hydroelectric_1,10,1,347,0.0,0.0,0.0,271325.1,0.0,0.0,0.0,0.0,0.0,0.0,0.0,0.0,579563.0215295653,0.0,0.0,0.0,308757.01177923364,0.0,0.0,0.0,579563.0215295653,271325.1,308237.92152956536
PJM_Rest,PJM_Rest_biomass_1,11,1,348,0.0,0.0,0.0,2.024407e7,0.0,0.0,6.124834320000007e6,0.0,0.0,0.0,0.0,0.0,2.3891706288746923e7,0.0,0.0,0.0,1.6841630134523787e7,0.0,0.0,0.0,2.3891706288746923e7,2.6368904320000008e7,-2.4771980312530845e6
PJM_Rest,PJM_Rest_biomass_2,11,2,349,0.0,0.0,0.0,1.1690875e7,0.0,0.0,5.960742e6,0.0,0.0,0.0,0.0,0.0,1.3797371366452219e7,0.0,0.0,0.0,9.725978654438103e6,0.0,0.0,0.0,1.3797371366452219e7,1.7651617e7,-3.854245633547781e6
PJM_Rest,PJM_Rest_small_hydroelectric_1,11,1,350,0.0,0.0,0.0,1.60401015e7,0.0,0.0,0.0,0.0,0.0,0.0,0.0,0.0,1.1735711342358008e7,0.0,0.0,0.0,6.664009471679595e6,0.0,0.0,0.0,1.1735711342358008e7,1.60401015e7,-4.304390157641992e6
NENG_Rest,NENG_Rest_distributed_generation_1,1,1,351,0.0,0.0,0.0,0.0,0.0,0.0,0.0,0.0,0.0,0.0,0.0,0.0,1.653003949091039e8,0.0,0.0,0.0,0.0,0.0,0.0,0.0,1.653003949091039e8,0.0,1.653003949091039e8
NY_Z_A,NY_Z_A_distributed_generation_1,2,1,352,0.0,0.0,0.0,0.0,0.0,0.0,0.0,0.0,0.0,0.0,0.0,0.0,671797.312170227,0.0,0.0,0.0,0.0,0.0,0.0,0.0,671797.312170227,0.0,671797.312170227
NY_Z_B,NY_Z_B_distributed_generation_1,3,1,353,0.0,0.0,0.0,0.0,0.0,0.0,0.0,0.0,0.0,0.0,0.0,0.0,927320.5976048514,0.0,0.0,0.0,0.0,0.0,0.0,0.0,927320.5976048514,0.0,927320.5976048514
NY_Z_C&E,NY_Z_C&E_distributed_generation_1,4,1,354,0.0,0.0,0.0,0.0,0.0,0.0,0.0,0.0,0.0,0.0,0.0,0.0,3.5731679111014656e6,0.0,0.0,0.0,0.0,0.0,0.0,0.0,3.5731679111014656e6,0.0,3.5731679111014656e6
NY_Z_D,NY_Z_D_distributed_generation_1,5,1,355,0.0,0.0,0.0,0.0,0.0,0.0,0.0,0.0,0.0,0.0,0.0,0.0,310158.61942817055,0.0,0.0,0.0,0.0,0.0,0.0,0.0,310158.61942817055,0.0,310158.61942817055
NY_Z_F,NY_Z_F_distributed_generation_1,6,1,356,0.0,0.0,0.0,0.0,0.0,0.0,0.0,0.0,0.0,0.0,0.0,0.0,2.9116356651383825e6,0.0,0.0,0.0,0.0,0.0,0.0,0.0,2.9116356651383825e6,0.0,2.9116356651383825e6
NY_Z_G-I,NY_Z_G-I_distributed_generation_1,7,1,357,0.0,0.0,0.0,0.0,0.0,0.0,0.0,0.0,0.0,0.0,0.0,0.0,7.779706264838816e6,0.0,0.0,0.0,0.0,0.0,0.0,0.0,7.779706264838816e6,0.0,7.779706264838816e6
NY_Z_J,NY_Z_J_distributed_generation_1,8,1,358,0.0,0.0,0.0,0.0,0.0,0.0,0.0,0.0,0.0,0.0,0.0,0.0,3.0118794159644324e7,0.0,0.0,0.0,0.0,0.0,0.0,0.0,3.0118794159644324e7,0.0,3.0118794159644324e7
NY_Z_K,NY_Z_K_distributed_generation_1,9,1,359,0.0,0.0,0.0,0.0,0.0,0.0,0.0,0.0,0.0,0.0,0.0,0.0,1.0787672200867511e7,0.0,0.0,0.0,0.0,0.0,0.0,0.0,1.0787672200867511e7,0.0,1.0787672200867511e7
PJM_EMAC,PJM_EMAC_distributed_generation_1,10,1,360,0.0,0.0,0.0,0.0,0.0,0.0,0.0,0.0,0.0,0.0,0.0,0.0,2.4405120369762933e8,0.0,0.0,0.0,0.0,0.0,0.0,0.0,2.4405120369762933e8,0.0,2.4405120369762933e8
PJM_Rest,PJM_Rest_distributed_generation_1,11,1,361,0.0,0.0,0.0,0.0,0.0,0.0,0.0,0.0,0.0,0.0,0.0,0.0,3.350213816421575e8,0.0,0.0,0.0,0.0,0.0,0.0,0.0,3.350213816421575e8,0.0,3.350213816421575e8
