region,Resource,zone,Cluster,R_ID,Inv_cost_MW,Inv_cost_MWh,Inv_cost_charge_MW,Fixed_OM_cost_MW,Fixed_OM_cost_MWh,Fixed_OM_cost_charge_MW,Var_OM_cost_out,Fuel_cost,Var_OM_cost_in,StartCost,Charge_cost,CO2SequestrationCost,EnergyRevenue,SubsidyRevenue,OperatingReserveRevenue,OperatingRegulationRevenue,ReserveMarginRevenue,ESRRevenue,EmissionsCost,RegSubsidyRevenue,Revenue,Cost,Profit
NENG_Rest,NENG_Rest_conventional_hydroelectric_1,1,1,1,0.0,0.0,0.0,5.6797387599999994e7,0.0,0.0,0.0,0.0,0.0,0.0,0.0,0.0,6.438002947334373e7,0.0,0.0,0.0,3.929191819804472e7,2.1889772106488198e7,0.0,0.0,6.438002947334373e7,5.6797387599999994e7,7.582641873343736e6
NY_Z_A,NY_Z_A_conventional_hydroelectric_1,2,1,2,0.0,0.0,0.0,1.295391149e8,0.0,0.0,0.0,0.0,0.0,0.0,0.0,0.0,1.3956643917214447e8,0.0,0.0,0.0,1.8760242803816593e8,4.63323549928619e8,0.0,0.0,1.3956643917214447e8,1.295391149e8,1.0027324272144467e7
NY_Z_B,NY_Z_B_conventional_hydroelectric_1,3,1,3,0.0,0.0,0.0,0.0,0.0,0.0,0.0,0.0,0.0,0.0,0.0,0.0,0.0,0.0,0.0,0.0,0.0,0.0,0.0,0.0,0.0,0.0,0.0
NY_Z_C&E,NY_Z_C&E_conventional_hydroelectric_1,4,1,4,0.0,0.0,0.0,3.3676233e6,0.0,0.0,0.0,0.0,0.0,0.0,0.0,0.0,2.57171420763792e6,0.0,0.0,0.0,3.4063612115626405e6,7.286591656976392e6,0.0,0.0,2.57171420763792e6,3.3676233e6,-795909.0923620798
NY_Z_D,NY_Z_D_conventional_hydroelectric_1,5,1,5,0.0,0.0,0.0,4.30715296e7,0.0,0.0,0.0,0.0,0.0,0.0,0.0,0.0,5.570881769848814e7,0.0,0.0,0.0,9.073222723043162e7,1.9064137245157686e8,0.0,0.0,5.570881769848814e7,4.30715296e7,1.2637288098488137e7
NY_Z_F,NY_Z_F_conventional_hydroelectric_1,6,1,6,0.0,0.0,0.0,1.4608994600000001e7,0.0,0.0,0.0,0.0,0.0,0.0,0.0,0.0,1.1806642086069344e7,0.0,0.0,0.0,1.4740549012255797e7,3.489130521816642e7,0.0,0.0,1.1806642086069344e7,1.4608994600000001e7,-2.802352513930658e6
PJM_EMAC,PJM_EMAC_conventional_hydroelectric_1,10,1,7,0.0,0.0,0.0,3.0430972e7,0.0,0.0,0.0,0.0,0.0,0.0,0.0,0.0,5.105126023663124e7,0.0,0.0,0.0,2.6306661760083083e7,0.0,0.0,0.0,5.105126023663124e7,3.0430972e7,2.0620288236631237e7
PJM_Rest,PJM_Rest_conventional_hydroelectric_1,11,1,8,0.0,0.0,0.0,8.02164678e7,0.0,0.0,0.0,0.0,0.0,0.0,0.0,0.0,7.041639574819826e7,0.0,0.0,0.0,4.8274010514956325e7,0.0,0.0,0.0,7.041639574819826e7,8.02164678e7,-9.800072051801741e6
NENG_Rest,NENG_Rest_conventional_steam_coal_1,1,1,9,0.0,0.0,0.0,3.9607026e7,0.0,0.0,6.759606713661815e6,0.0,0.0,0.0,0.0,0.0,5.9793148491136715e7,0.0,0.0,0.0,6.726060981526893e7,0.0,0.0,0.0,5.9793148491136715e7,4.636663271366181e7,1.3426515777474903e7
NENG_Rest,NENG_Rest_natural_gas_fired_combined_cycle_1,1,1,10,0.0,0.0,0.0,4.16202832348172e7,0.0,0.0,5.316119565380059e7,3.77830552970614e8,0.0,0.0,0.0,0.0,1.2989461767026389e8,0.0,0.0,0.0,3.427174141889693e8,0.0,0.0,0.0,1.2989461767026389e8,4.726120318592318e8,-3.4271741418896794e8
NENG_Rest,NENG_Rest_natural_gas_fired_combined_cycle_2,1,2,11,0.0,0.0,0.0,1.163506911e8,0.0,0.0,1.6634224987759826e8,1.2320415974267435e9,0.0,0.0,0.0,0.0,5.724109850926543e8,0.0,0.0,0.0,1.6144542675133948e9,0.0,0.0,0.0,5.724109850926543e8,1.5147345384043417e9,-9.423235533116874e8
NENG_Rest,NENG_Rest_natural_gas_fired_combustion_turbine_1,1,1,12,0.0,0.0,0.0,1.0686073200000001e7,0.0,0.0,1.1664095542559957e7,7.845931041204484e7,0.0,0.0,0.0,0.0,2.458557569119067e7,0.0,0.0,0.0,1.433050252959109e8,0.0,0.0,0.0,2.458557569119067e7,1.008094791546048e8,-7.622390346341412e7
NENG_Rest,NENG_Rest_natural_gas_fired_combustion_turbine_2,1,2,13,0.0,0.0,0.0,0.0,0.0,0.0,1.3270677680227805e-9,1.0974161344382437e-8,0.0,0.0,0.0,0.0,2.090665909835101e-9,0.0,0.0,0.0,0.0,0.0,0.0,0.0,2.090665909835101e-9,1.2301229112405217e-8,-1.0210563202570116e-8
NENG_Rest,NENG_Rest_nuclear_1,1,1,14,0.0,0.0,0.0,2.5929879308773494e8,0.0,0.0,2.7214770220567193e7,6.392749524811253e7,0.0,0.0,0.0,0.0,1.3717565997875455e8,0.0,0.0,0.0,1.5733334621045065e8,5.593205236720688e7,0.0,0.0,1.3717565997875455e8,3.504410585564146e8,-2.1326539857766005e8
NY_Z_A,NY_Z_A_natural_gas_fired_combined_cycle_1,2,1,15,0.0,0.0,0.0,0.0,0.0,0.0,0.0,0.0,0.0,0.0,0.0,0.0,0.0,0.0,0.0,0.0,0.0,0.0,0.0,0.0,0.0,0.0,0.0
NY_Z_A,NY_Z_A_natural_gas_fired_combustion_turbine_1,2,1,16,0.0,0.0,0.0,741143.0,0.0,0.0,469471.96440000046,2.692504286279993e6,0.0,0.0,0.0,0.0,734063.6391054234,0.0,0.0,0.0,7.01630782874417e6,0.0,0.0,0.0,734063.6391054234,3.9031192506799935e6,-3.16905561157457e6
NY_Z_A,NY_Z_A_natural_gas_steam_turbine_1,2,1,17,0.0,0.0,0.0,2.61054e6,0.0,0.0,216852.01020000022,4.237798519331994e6,0.0,0.0,0.0,0.0,3.3783302614237545e6,0.0,0.0,0.0,6.717741538159311e6,0.0,0.0,0.0,3.3783302614237545e6,7.065190529531994e6,-3.6868602681082394e6
NY_Z_B,NY_Z_B_natural_gas_fired_combined_cycle_1,3,1,18,0.0,0.0,0.0,2.6501822958380217e-10,0.0,0.0,0.0,0.0,0.0,0.0,0.0,0.0,0.0,0.0,0.0,0.0,2.1214410891791024e-9,0.0,0.0,0.0,0.0,2.6501822958380217e-10,-2.6501822958380217e-10
NY_Z_B,NY_Z_B_natural_gas_fired_combustion_turbine_1,3,1,19,0.0,0.0,0.0,0.0,0.0,0.0,0.0,0.0,0.0,0.0,0.0,0.0,0.0,0.0,0.0,0.0,0.0,0.0,0.0,0.0,0.0,0.0,0.0
NY_Z_B,NY_Z_B_natural_gas_steam_turbine_1,3,1,20,0.0,0.0,0.0,0.0,0.0,0.0,0.0,0.0,0.0,0.0,0.0,0.0,0.0,0.0,0.0,0.0,0.0,0.0,0.0,0.0,0.0,0.0,0.0
NY_Z_B,NY_Z_B_nuclear_1,3,1,21,0.0,0.0,0.0,0.0,0.0,0.0,0.0,0.0,0.0,0.0,0.0,0.0,0.0,0.0,0.0,0.0,0.0,0.0,0.0,0.0,0.0,0.0,0.0
NY_Z_C&E,NY_Z_C&E_natural_gas_fired_combined_cycle_1,4,1,22,0.0,0.0,0.0,2.74177092e7,0.0,0.0,2.9646772848e7,1.8570132100724438e8,0.0,0.0,0.0,0.0,6.259169067889948e7,0.0,0.0,0.0,2.6396245750607324e8,0.0,0.0,0.0,6.259169067889948e7,2.427658030552444e8,-1.8017411237634492e8
NY_Z_C&E,NY_Z_C&E_natural_gas_steam_turbine_1,4,1,23,0.0,0.0,0.0,6.1666756e6,0.0,0.0,333542.22972000064,1.126907459057522e7,0.0,0.0,0.0,0.0,2.6037291153537207e6,0.0,0.0,0.0,1.5868798344585218e7,0.0,0.0,0.0,2.6037291153537207e6,1.776929242029522e7,-1.51655633049415e7
NY_Z_C&E,NY_Z_C&E_nuclear_1,4,1,24,0.0,0.0,0.0,0.0,0.0,0.0,0.0,0.0,0.0,0.0,0.0,0.0,0.0,0.0,0.0,0.0,0.0,0.0,0.0,0.0,0.0,0.0,0.0
NY_Z_D,NY_Z_D_natural_gas_fired_combined_cycle_1,5,1,25,0.0,0.0,0.0,5.22172e6,0.0,0.0,4.0548463200000073e6,2.4876127866240017e7,0.0,0.0,0.0,0.0,7.139025922051118e6,0.0,0.0,0.0,4.179928068188016e7,0.0,0.0,0.0,7.139025922051118e6,3.4152694186240025e7,-2.7013668264188908e7
NY_Z_D,NY_Z_D_natural_gas_fired_combined_cycle_2,5,2,26,0.0,0.0,0.0,2.6501822958380217e-10,0.0,0.0,0.0,0.0,0.0,0.0,0.0,0.0,0.0,0.0,0.0,0.0,2.1214410891791024e-9,0.0,0.0,0.0,0.0,2.6501822958380217e-10,-2.6501822958380217e-10
NY_Z_F,NY_Z_F_natural_gas_fired_combined_cycle_1,6,1,27,0.0,0.0,0.0,4.22005884e7,0.0,0.0,7.201124795976356e7,4.467482044916597e8,0.0,0.0,0.0,0.0,1.818255401042564e8,0.0,0.0,0.0,5.224611518944436e8,0.0,0.0,0.0,1.818255401042564e8,5.609600408514233e8,-3.791345007471669e8
NY_Z_F,NY_Z_F_natural_gas_fired_combined_cycle_2,6,2,28,0.0,0.0,0.0,1.0600729183352087e-9,0.0,0.0,2.9491996667096952e-9,1.6928291554887768e-8,0.0,0.0,0.0,0.0,4.904347288270939e-9,0.0,0.0,0.0,8.48576435671641e-9,0.0,0.0,0.0,4.904347288270939e-9,2.0937564139932674e-8,-1.6033216851661736e-8
NY_Z_F,NY_Z_F_natural_gas_fired_combustion_turbine_1,6,1,29,0.0,0.0,0.0,0.0,0.0,0.0,0.0,0.0,0.0,0.0,0.0,0.0,0.0,0.0,0.0,0.0,0.0,0.0,0.0,0.0,0.0,0.0,0.0
NY_Z_G-I,NY_Z_G-I_natural_gas_fired_combined_cycle_1,7,1,30,0.0,0.0,0.0,8.2615155e6,0.0,0.0,1.6679415001965487e7,9.604031686683205e7,0.0,0.0,0.0,0.0,5.4961919242874116e7,0.0,0.0,0.0,1.1143986796079835e8,0.0,0.0,0.0,5.4961919242874116e7,1.2098124736879754e8,-6.6019328125923425e7
NY_Z_G-I,NY_Z_G-I_natural_gas_fired_combined_cycle_2,7,2,31,0.0,0.0,0.0,0.0,0.0,0.0,0.0,0.0,0.0,0.0,0.0,0.0,0.0,0.0,0.0,0.0,0.0,0.0,0.0,0.0,0.0,0.0,0.0
NY_Z_G-I,NY_Z_G-I_natural_gas_fired_combustion_turbine_1,7,1,32,0.0,0.0,0.0,1.3214422e6,0.0,0.0,521518.1378399987,6.950369188677593e6,0.0,0.0,0.0,0.0,967559.6171966499,0.0,0.0,0.0,1.2509927575505562e7,0.0,0.0,0.0,967559.6171966499,8.793329526517592e6,-7.825769909320942e6
NY_Z_G-I,NY_Z_G-I_natural_gas_fired_combustion_turbine_2,7,2,33,0.0,0.0,0.0,391071.2,0.0,0.0,105054.61536000019,745676.6040000017,0.0,0.0,0.0,0.0,194905.2123929155,0.0,0.0,0.0,3.7022220032522436e6,0.0,0.0,0.0,194905.2123929155,1.2418024193600018e6,-1.0468972069670863e6
NY_Z_J,NY_Z_J_natural_gas_fired_combined_cycle_1,8,1,34,0.0,0.0,0.0,1.41098334e7,0.0,0.0,2.1790116253917314e7,1.1187849591962786e8,0.0,0.0,0.0,0.0,5.4068607311416656e7,0.0,0.0,0.0,1.129476277282519e8,0.0,0.0,0.0,5.4068607311416656e7,1.4777844557354516e8,-9.37098382621285e7
NY_Z_J,NY_Z_J_natural_gas_fired_combined_cycle_2,8,2,35,0.0,0.0,0.0,3.13019028e7,0.0,0.0,4.528102998444281e7,3.077578474692647e8,0.0,0.0,0.0,0.0,1.3507572168024495e8,0.0,0.0,0.0,4.2223244814510655e8,0.0,0.0,0.0,1.3507572168024495e8,3.843407802537075e8,-2.4926505857346258e8
NY_Z_J,NY_Z_J_natural_gas_fired_combustion_turbine_1,8,1,36,0.0,0.0,0.0,0.0,0.0,0.0,-2.47092139946039e-9,-2.4399665901696595e-8,0.0,0.0,0.0,0.0,-4.237798295369861e-9,0.0,0.0,0.0,0.0,-0.0,0.0,0.0,-4.237798295369861e-9,-2.6870587301156986e-8,2.2632789005787125e-8
NY_Z_J,NY_Z_J_natural_gas_fired_combustion_turbine_2,8,2,37,0.0,0.0,0.0,2.0708275e7,0.0,0.0,3.772432373400001e7,2.1871198000817996e8,0.0,0.0,0.0,0.0,7.49569716045937e7,0.0,0.0,0.0,2.4198797851902765e8,0.0,0.0,0.0,7.49569716045937e7,2.7714457874218e8,-2.021876071375863e8
NY_Z_K,NY_Z_K_natural_gas_fired_combined_cycle_1,9,1,38,0.0,0.0,0.0,4.1046449e6,0.0,0.0,5.488989711750005e6,3.2265347348911468e7,0.0,0.0,0.0,0.0,1.5444672006330349e7,0.0,0.0,0.0,3.2857220278863654e7,0.0,0.0,0.0,1.5444672006330349e7,4.185898196066147e7,-2.6414309954331122e7
NY_Z_K,NY_Z_K_natural_gas_fired_combined_cycle_2,9,2,39,0.0,0.0,0.0,9.8448071e6,0.0,0.0,1.1287855376982704e7,5.699008039097877e7,0.0,0.0,0.0,0.0,3.486170386390266e7,0.0,0.0,0.0,7.880657239987335e7,0.0,0.0,0.0,3.486170386390266e7,7.812274286796147e7,-4.326103900405881e7
NY_Z_K,NY_Z_K_natural_gas_fired_combustion_turbine_1,9,1,40,0.0,0.0,0.0,0.0,0.0,0.0,0.0,0.0,0.0,0.0,0.0,0.0,0.0,0.0,0.0,0.0,0.0,0.0,0.0,0.0,0.0,0.0,0.0
NY_Z_K,NY_Z_K_natural_gas_fired_combustion_turbine_2,9,2,41,0.0,0.0,0.0,-1.7927277440321632e-9,0.0,0.0,-3.6694634492189696e-9,-2.2149360806870997e-8,0.0,0.0,0.0,0.0,-8.90252772641613e-9,0.0,0.0,0.0,-1.697152871343282e-8,-0.0,0.0,0.0,-8.90252772641613e-9,-2.761155200012213e-8,1.8709024273705998e-8
PJM_EMAC,PJM_EMAC_conventional_steam_coal_1,10,1,42,0.0,0.0,0.0,0.0,0.0,0.0,0.0,0.0,0.0,0.0,0.0,0.0,0.0,0.0,0.0,0.0,0.0,0.0,0.0,0.0,0.0,0.0,0.0
PJM_EMAC,PJM_EMAC_natural_gas_fired_combined_cycle_1,10,1,43,0.0,0.0,0.0,3.6527796300000004e7,0.0,0.0,5.664183154379981e7,3.4749268723496145e8,0.0,0.0,0.0,0.0,2.2664842922871792e8,0.0,0.0,0.0,2.539583165659301e8,0.0,0.0,0.0,2.2664842922871792e8,4.406623150787613e8,-2.1401388585004336e8
PJM_EMAC,PJM_EMAC_natural_gas_fired_combined_cycle_2,10,2,44,0.0,0.0,0.0,1.529674476e8,0.0,0.0,2.127755683776752e8,1.38012869719467e9,0.0,0.0,0.0,0.0,1.1429171380358686e9,0.0,0.0,0.0,1.5384140570530097e9,0.0,0.0,0.0,1.1429171380358686e9,1.7458717131723452e9,-6.029545751364765e8
PJM_EMAC,PJM_EMAC_natural_gas_fired_combined_cycle_3,10,3,45,0.0,0.0,0.0,0.0,0.0,0.0,8.395644448455663e-10,1.4663116494587305e-8,0.0,0.0,0.0,0.0,4.240494747364302e-9,0.0,0.0,0.0,0.0,0.0,0.0,0.0,4.240494747364302e-9,1.550268093943287e-8,-1.1262186192068567e-8
PJM_EMAC,PJM_EMAC_natural_gas_fired_combustion_turbine_1,10,1,46,0.0,0.0,0.0,0.0,0.0,0.0,0.0,0.0,0.0,0.0,0.0,0.0,0.0,0.0,0.0,0.0,0.0,0.0,0.0,0.0,0.0,0.0,0.0
PJM_EMAC,PJM_EMAC_natural_gas_fired_combustion_turbine_2,10,2,47,0.0,0.0,0.0,-5.325546226231381e-9,0.0,0.0,-1.6947315403128292e-8,-1.1268942794412743e-7,0.0,0.0,0.0,0.0,-6.150350655546205e-8,0.0,0.0,0.0,-5.8960980085741944e-8,-0.0,0.0,0.0,-6.150350655546205e-8,-1.349622895734871e-7,7.345878301802505e-8
PJM_EMAC,PJM_EMAC_natural_gas_steam_turbine_1,10,1,48,0.0,0.0,0.0,5.5143845199999996e7,0.0,0.0,2.5621361354400013e6,1.083880472792041e8,0.0,0.0,0.0,0.0,4.436882164413563e7,0.0,0.0,0.0,1.979337142337004e8,0.0,0.0,0.0,4.436882164413563e7,1.660940286146441e8,-1.2172520697050849e8
PJM_EMAC,PJM_EMAC_nuclear_1,10,1,49,0.0,0.0,0.0,4.374354586018502e8,0.0,0.0,5.8331370618181914e7,1.3702038958210912e8,0.0,0.0,0.0,0.0,3.7327388506645364e8,0.0,0.0,0.0,2.5951333373568976e8,0.0,0.0,0.0,3.7327388506645364e8,6.327872188021412e8,-2.5951333373568755e8
PJM_EMAC,PJM_EMAC_nuclear_2,10,2,50,0.0,0.0,0.0,0.0,0.0,0.0,0.0,0.0,0.0,0.0,0.0,0.0,0.0,0.0,0.0,0.0,0.0,0.0,0.0,0.0,0.0,0.0,0.0
PJM_Rest,PJM_Rest_conventional_steam_coal_1,11,1,51,0.0,0.0,0.0,2.1583688724e9,0.0,0.0,4.0727283743026316e8,4.2503147002085648e9,0.0,0.0,0.0,0.0,4.184798739803279e9,0.0,0.0,0.0,3.838301128448036e9,0.0,0.0,0.0,4.184798739803279e9,6.815956410038828e9,-2.631157670235549e9
PJM_Rest,PJM_Rest_natural_gas_fired_combined_cycle_1,11,1,52,0.0,0.0,0.0,3.97951011e7,0.0,0.0,4.4572438009799935e7,3.14039223048153e8,0.0,0.0,0.0,0.0,1.6774133631113413e8,0.0,0.0,0.0,2.7667414699547577e8,0.0,0.0,0.0,1.6774133631113413e8,3.984067621579529e8,-2.3066542584681877e8
PJM_Rest,PJM_Rest_natural_gas_fired_combined_cycle_2,11,2,53,0.0,0.0,0.0,2.989872908e8,0.0,0.0,3.4580314802208024e8,2.2003300996904397e9,0.0,0.0,0.0,0.0,1.6507596581045768e9,0.0,0.0,0.0,3.143756833670697e9,0.0,0.0,0.0,1.6507596581045768e9,2.84512053851252e9,-1.194360880407943e9
PJM_Rest,PJM_Rest_natural_gas_fired_combustion_turbine_1,11,1,54,0.0,0.0,0.0,9.6947812e6,0.0,0.0,8.648973692640014e6,5.960461227002874e7,0.0,0.0,0.0,0.0,2.8078324114911467e7,0.0,0.0,0.0,7.971285700961548e7,0.0,0.0,0.0,2.8078324114911467e7,7.794836716266875e7,-4.987004304775728e7
PJM_Rest,PJM_Rest_natural_gas_fired_combustion_turbine_2,11,2,55,0.0,0.0,0.0,0.0,0.0,0.0,3.0973855653632867e-9,2.237671699830689e-8,0.0,0.0,0.0,0.0,3.099035894714769e-9,0.0,0.0,0.0,0.0,0.0,0.0,0.0,3.099035894714769e-9,2.5474102563670175e-8,-2.2375066668955405e-8
PJM_Rest,PJM_Rest_natural_gas_fired_combustion_turbine_3,11,3,56,0.0,0.0,0.0,0.0,0.0,0.0,0.0,0.0,0.0,0.0,0.0,0.0,0.0,0.0,0.0,0.0,0.0,0.0,0.0,0.0,0.0,0.0,0.0
PJM_Rest,PJM_Rest_natural_gas_fired_combustion_turbine_4,11,4,57,0.0,0.0,0.0,0.0,0.0,0.0,0.0,0.0,0.0,0.0,0.0,0.0,0.0,0.0,0.0,0.0,0.0,0.0,0.0,0.0,0.0,0.0,0.0
PJM_Rest,PJM_Rest_nuclear_1,11,1,58,0.0,0.0,0.0,8.273018465843052e-7,0.0,0.0,1.1076881492044777e-7,2.601959462481319e-7,0.0,0.0,0.0,0.0,6.716528184007751e-7,0.0,0.0,0.0,4.7168784068593555e-7,0.0,0.0,0.0,6.716528184007751e-7,1.198266607752885e-6,-5.266137893521098e-7
NENG_Rest,NENG_Rest_naturalgas_ccavgcf_moderate_0,1,0,59,-0.0,0.0,0.0,0.0,0.0,0.0,0.0,0.0,0.0,0.0,0.0,0.0,0.0,0.0,0.0,0.0,0.0,0.0,0.0,0.0,0.0,0.0,0.0
NENG_Rest,NENG_Rest_naturalgas_ctavgcf_moderate_0,1,0,60,-0.0,0.0,0.0,0.0,0.0,0.0,0.0,0.0,0.0,0.0,0.0,0.0,0.0,0.0,0.0,0.0,0.0,0.0,0.0,0.0,0.0,0.0,0.0
NENG_Rest,NENG_Rest_nuclear_nuclear_moderate_0,1,0,61,-0.0,0.0,0.0,0.0,0.0,0.0,0.0,0.0,0.0,0.0,0.0,0.0,0.0,0.0,0.0,0.0,0.0,0.0,0.0,0.0,0.0,0.0,0.0
NENG_Rest,NENG_Rest_naturalgas_ccs100_moderate_0,1,0,62,-0.0,0.0,0.0,0.0,0.0,0.0,0.0,0.0,0.0,0.0,0.0,0.0,0.0,0.0,0.0,0.0,0.0,0.0,0.0,0.0,0.0,0.0,0.0
NY_Z_A,NY_Z_A_naturalgas_ccavgcf_moderate_0,2,0,63,-0.0,0.0,0.0,0.0,0.0,0.0,0.0,0.0,0.0,0.0,0.0,0.0,0.0,0.0,0.0,0.0,0.0,0.0,0.0,0.0,0.0,0.0,0.0
NY_Z_A,NY_Z_A_naturalgas_ctavgcf_moderate_0,2,0,64,-0.0,0.0,0.0,0.0,0.0,0.0,0.0,0.0,0.0,0.0,0.0,0.0,0.0,0.0,0.0,0.0,0.0,0.0,0.0,0.0,0.0,0.0,0.0
NY_Z_A,NY_Z_A_nuclear_nuclear_moderate_0,2,0,65,-0.0,0.0,0.0,0.0,0.0,0.0,0.0,0.0,0.0,0.0,0.0,0.0,0.0,0.0,0.0,0.0,0.0,0.0,0.0,0.0,0.0,0.0,0.0
NY_Z_A,NY_Z_A_naturalgas_ccs100_moderate_0,2,0,66,-0.0,0.0,0.0,0.0,0.0,0.0,0.0,0.0,0.0,0.0,0.0,0.0,0.0,0.0,0.0,0.0,0.0,0.0,0.0,0.0,0.0,0.0,0.0
NY_Z_B,NY_Z_B_naturalgas_ccavgcf_moderate_0,3,0,67,-0.0,0.0,0.0,0.0,0.0,0.0,0.0,0.0,0.0,0.0,0.0,0.0,0.0,0.0,0.0,0.0,0.0,0.0,0.0,0.0,0.0,0.0,0.0
NY_Z_B,NY_Z_B_naturalgas_ctavgcf_moderate_0,3,0,68,-0.0,0.0,0.0,0.0,0.0,0.0,0.0,0.0,0.0,0.0,0.0,0.0,0.0,0.0,0.0,0.0,0.0,0.0,0.0,0.0,0.0,0.0,0.0
NY_Z_B,NY_Z_B_nuclear_nuclear_moderate_0,3,0,69,-0.0,0.0,0.0,0.0,0.0,0.0,0.0,0.0,0.0,0.0,0.0,0.0,0.0,0.0,0.0,0.0,0.0,0.0,0.0,0.0,0.0,0.0,0.0
NY_Z_B,NY_Z_B_naturalgas_ccs100_moderate_0,3,0,70,-0.0,0.0,0.0,0.0,0.0,0.0,0.0,0.0,0.0,0.0,0.0,0.0,0.0,0.0,0.0,0.0,0.0,0.0,0.0,0.0,0.0,0.0,0.0
NY_Z_C&E,NY_Z_C&E_naturalgas_ccavgcf_moderate_0,4,0,71,-0.0,0.0,0.0,0.0,0.0,0.0,0.0,0.0,0.0,0.0,0.0,0.0,0.0,0.0,0.0,0.0,0.0,0.0,0.0,0.0,0.0,0.0,0.0
NY_Z_C&E,NY_Z_C&E_naturalgas_ctavgcf_moderate_0,4,0,72,-0.0,0.0,0.0,0.0,0.0,0.0,0.0,0.0,0.0,0.0,0.0,0.0,0.0,0.0,0.0,0.0,0.0,0.0,0.0,0.0,0.0,0.0,0.0
NY_Z_C&E,NY_Z_C&E_nuclear_nuclear_moderate_0,4,0,73,-0.0,0.0,0.0,0.0,0.0,0.0,0.0,0.0,0.0,0.0,0.0,0.0,0.0,0.0,0.0,0.0,0.0,0.0,0.0,0.0,0.0,0.0,0.0
NY_Z_C&E,NY_Z_C&E_naturalgas_ccs100_moderate_0,4,0,74,-0.0,0.0,0.0,0.0,0.0,0.0,0.0,0.0,0.0,0.0,0.0,0.0,0.0,0.0,0.0,0.0,0.0,0.0,0.0,0.0,0.0,0.0,0.0
NY_Z_D,NY_Z_D_naturalgas_ccavgcf_moderate_0,5,0,75,-0.0,0.0,0.0,0.0,0.0,0.0,0.0,0.0,0.0,0.0,0.0,0.0,0.0,0.0,0.0,0.0,0.0,0.0,0.0,0.0,0.0,0.0,0.0
NY_Z_D,NY_Z_D_naturalgas_ctavgcf_moderate_0,5,0,76,-0.0,0.0,0.0,0.0,0.0,0.0,0.0,0.0,0.0,0.0,0.0,0.0,0.0,0.0,0.0,0.0,0.0,0.0,0.0,0.0,0.0,0.0,0.0
NY_Z_D,NY_Z_D_nuclear_nuclear_moderate_0,5,0,77,-0.0,0.0,0.0,0.0,0.0,0.0,0.0,0.0,0.0,0.0,0.0,0.0,0.0,0.0,0.0,0.0,0.0,0.0,0.0,0.0,0.0,0.0,0.0
NY_Z_D,NY_Z_D_naturalgas_ccs100_moderate_0,5,0,78,-0.0,0.0,0.0,0.0,0.0,0.0,0.0,0.0,0.0,0.0,0.0,0.0,0.0,0.0,0.0,0.0,0.0,0.0,0.0,0.0,0.0,0.0,0.0
NY_Z_F,NY_Z_F_naturalgas_ccavgcf_moderate_0,6,0,79,-0.0,0.0,0.0,0.0,0.0,0.0,0.0,0.0,0.0,0.0,0.0,0.0,0.0,0.0,0.0,0.0,0.0,0.0,0.0,0.0,0.0,0.0,0.0
NY_Z_F,NY_Z_F_naturalgas_ctavgcf_moderate_0,6,0,80,-0.0,0.0,0.0,0.0,0.0,0.0,0.0,0.0,0.0,0.0,0.0,0.0,0.0,0.0,0.0,0.0,0.0,0.0,0.0,0.0,0.0,0.0,0.0
NY_Z_F,NY_Z_F_nuclear_nuclear_moderate_0,6,0,81,-0.0,0.0,0.0,0.0,0.0,0.0,0.0,0.0,0.0,0.0,0.0,0.0,0.0,0.0,0.0,0.0,0.0,0.0,0.0,0.0,0.0,0.0,0.0
NY_Z_F,NY_Z_F_naturalgas_ccs100_moderate_0,6,0,82,-0.0,0.0,0.0,0.0,0.0,0.0,0.0,0.0,0.0,0.0,0.0,0.0,0.0,0.0,0.0,0.0,0.0,0.0,0.0,0.0,0.0,0.0,0.0
NY_Z_G-I,NY_Z_G-I_naturalgas_ccavgcf_moderate_0,7,0,83,2.3012589372109866e8,0.0,0.0,7.00342761676715e7,0.0,0.0,2.208135645126471e7,2.106561405450657e8,0.0,0.0,0.0,0.0,2.0268266974070722e8,0.0,0.0,0.0,3.302149971443925e8,0.0,0.0,0.0,2.0268266974070722e8,5.3289766688510054e8,-3.302149971443933e8
NY_Z_G-I,NY_Z_G-I_naturalgas_ctavgcf_moderate_0,7,0,84,-0.0,0.0,0.0,0.0,0.0,0.0,0.0,0.0,0.0,0.0,0.0,0.0,0.0,0.0,0.0,0.0,0.0,0.0,0.0,0.0,0.0,0.0,0.0
NY_Z_G-I,NY_Z_G-I_nuclear_nuclear_moderate_0,7,0,85,-0.0,0.0,0.0,0.0,0.0,0.0,0.0,0.0,0.0,0.0,0.0,0.0,0.0,0.0,0.0,0.0,0.0,0.0,0.0,0.0,0.0,0.0,0.0
NY_Z_G-I,NY_Z_G-I_naturalgas_ccs100_moderate_0,7,0,86,-0.0,0.0,0.0,0.0,0.0,0.0,0.0,0.0,0.0,0.0,0.0,0.0,0.0,0.0,0.0,0.0,0.0,0.0,0.0,0.0,0.0,0.0,0.0
NY_Z_J,NY_Z_J_naturalgas_ccavgcf_moderate_0,8,0,87,-0.0,0.0,0.0,0.0,0.0,0.0,0.0,0.0,0.0,0.0,0.0,0.0,0.0,0.0,0.0,0.0,0.0,0.0,0.0,0.0,0.0,0.0,0.0
NY_Z_J,NY_Z_J_naturalgas_ctavgcf_moderate_0,8,0,88,-0.0,0.0,0.0,0.0,0.0,0.0,0.0,0.0,0.0,0.0,0.0,0.0,0.0,0.0,0.0,0.0,0.0,0.0,0.0,0.0,0.0,0.0,0.0
NY_Z_J,NY_Z_J_nuclear_nuclear_moderate_0,8,0,89,-0.0,0.0,0.0,0.0,0.0,0.0,0.0,0.0,0.0,0.0,0.0,0.0,0.0,0.0,0.0,0.0,0.0,0.0,0.0,0.0,0.0,0.0,0.0
NY_Z_J,NY_Z_J_naturalgas_ccs100_moderate_0,8,0,90,-0.0,0.0,0.0,0.0,0.0,0.0,0.0,0.0,0.0,0.0,0.0,0.0,0.0,0.0,0.0,0.0,0.0,0.0,0.0,0.0,0.0,0.0,0.0
NY_Z_K,NY_Z_K_naturalgas_ccavgcf_moderate_0,9,0,91,-0.0,0.0,0.0,0.0,0.0,0.0,0.0,0.0,0.0,0.0,0.0,0.0,0.0,0.0,0.0,0.0,0.0,0.0,0.0,0.0,0.0,0.0,0.0
NY_Z_K,NY_Z_K_naturalgas_ctavgcf_moderate_0,9,0,92,-0.0,0.0,0.0,0.0,0.0,0.0,0.0,0.0,0.0,0.0,0.0,0.0,0.0,0.0,0.0,0.0,0.0,0.0,0.0,0.0,0.0,0.0,0.0
NY_Z_K,NY_Z_K_nuclear_nuclear_moderate_0,9,0,93,-0.0,0.0,0.0,0.0,0.0,0.0,0.0,0.0,0.0,0.0,0.0,0.0,0.0,0.0,0.0,0.0,0.0,0.0,0.0,0.0,0.0,0.0,0.0
NY_Z_K,NY_Z_K_naturalgas_ccs100_moderate_0,9,0,94,-0.0,0.0,0.0,0.0,0.0,0.0,0.0,0.0,0.0,0.0,0.0,0.0,0.0,0.0,0.0,0.0,0.0,0.0,0.0,0.0,0.0,0.0,0.0
PJM_EMAC,PJM_EMAC_naturalgas_ccavgcf_moderate_0,10,0,95,6.368921432153908e8,0.0,0.0,1.8956363534644264e8,0.0,0.0,7.890270282899748e7,7.527317849886355e8,0.0,0.0,0.0,0.0,8.817986120008671e8,0.0,0.0,0.0,7.762916543786001e8,0.0,0.0,0.0,8.817986120008671e8,1.6580902663794665e9,-7.762916543785994e8
PJM_EMAC,PJM_EMAC_naturalgas_ctavgcf_moderate_0,10,0,96,-0.0,0.0,0.0,0.0,0.0,0.0,0.0,0.0,0.0,0.0,0.0,0.0,0.0,0.0,0.0,0.0,0.0,0.0,0.0,0.0,0.0,0.0,0.0
PJM_EMAC,PJM_EMAC_nuclear_nuclear_moderate_0,10,0,97,-0.0,0.0,0.0,0.0,0.0,0.0,0.0,0.0,0.0,0.0,0.0,0.0,0.0,0.0,0.0,0.0,0.0,0.0,0.0,0.0,0.0,0.0,0.0
PJM_EMAC,PJM_EMAC_naturalgas_ccs100_moderate_0,10,0,98,-0.0,0.0,0.0,0.0,0.0,0.0,0.0,0.0,0.0,0.0,0.0,0.0,0.0,0.0,0.0,0.0,0.0,0.0,0.0,0.0,0.0,0.0,0.0
PJM_Rest,PJM_Rest_naturalgas_ccccsavgcf_moderate_0,11,0,99,-0.0,0.0,0.0,0.0,0.0,0.0,0.0,0.0,0.0,0.0,0.0,0.0,0.0,0.0,0.0,0.0,0.0,0.0,0.0,0.0,0.0,0.0,0.0
PJM_Rest,PJM_Rest_naturalgas_ccavgcf_moderate_0,11,0,100,3.549231516896221e9,0.0,0.0,1.2901369565958054e9,0.0,0.0,2.4892917844947013e8,2.577937006979728e9,0.0,0.0,0.0,0.0,2.3829293953332477e9,0.0,0.0,0.0,5.283305263587965e9,0.0,0.0,0.0,2.3829293953332477e9,7.666234658921225e9,-5.283305263587976e9
PJM_Rest,PJM_Rest_naturalgas_ctavgcf_moderate_0,11,0,101,-0.0,0.0,0.0,0.0,0.0,0.0,0.0,0.0,0.0,0.0,0.0,0.0,0.0,0.0,0.0,0.0,0.0,0.0,0.0,0.0,0.0,0.0,0.0
PJM_Rest,PJM_Rest_nuclear_nuclear_moderate_0,11,0,102,-0.0,0.0,0.0,0.0,0.0,0.0,0.0,0.0,0.0,0.0,0.0,0.0,0.0,0.0,0.0,0.0,0.0,0.0,0.0,0.0,0.0,0.0,0.0
PJM_Rest,PJM_Rest_naturalgas_ccs100_moderate_0,11,0,103,-0.0,0.0,0.0,0.0,0.0,0.0,0.0,0.0,0.0,0.0,0.0,0.0,0.0,0.0,0.0,0.0,0.0,0.0,0.0,0.0,0.0,0.0,0.0
NENG_Rest,NENG_Rest_offshore_wind_turbine_1,1,1,104,0.0,0.0,0.0,3.0097253000000003e6,0.0,0.0,0.0,0.0,0.0,0.0,0.0,0.0,0.0,0.0,0.0,0.0,3.8704489960963903e6,0.0,0.0,0.0,0.0,3.0097253000000003e6,-3.0097253000000003e6
NENG_Rest,NENG_Rest_onshore_wind_turbine_1,1,1,105,0.0,0.0,0.0,5.7766548e7,0.0,0.0,0.0,0.0,0.0,0.0,0.0,0.0,2.0484285858619787e7,0.0,0.0,0.0,1.5342636678097494e7,5.643357821384528e7,0.0,0.0,2.0484285858619787e7,5.7766548e7,-3.728226214138021e7
NENG_Rest,NENG_Rest_solar_photovoltaic_1,1,1,106,0.0,0.0,0.0,1.2515262299999999e7,0.0,0.0,0.0,0.0,0.0,0.0,0.0,0.0,6.424296941300972e6,0.0,0.0,0.0,7.512624294842035e6,2.4037843651220404e7,0.0,0.0,6.424296941300972e6,1.2515262299999999e7,-6.0909653586990265e6
NY_Z_A,NY_Z_A_onshore_wind_turbine_1,2,1,107,0.0,0.0,0.0,5.716745e6,0.0,0.0,0.0,0.0,0.0,0.0,0.0,0.0,1.791089015180732e6,0.0,0.0,0.0,463965.2674541503,6.505232280032651e6,0.0,0.0,1.791089015180732e6,5.716745e6,-3.925655984819268e6
NY_Z_A,NY_Z_A_solar_photovoltaic_1,2,1,108,0.0,0.0,0.0,69828.5,0.0,0.0,0.0,0.0,0.0,0.0,0.0,0.0,15180.009660551685,0.0,0.0,0.0,55615.88485716732,136022.5160005471,0.0,0.0,15180.009660551685,69828.5,-54648.49033944831
NY_Z_B,NY_Z_B_onshore_wind_turbine_1,3,1,109,0.0,0.0,0.0,0.0,0.0,0.0,0.0,0.0,0.0,0.0,0.0,0.0,0.0,0.0,0.0,0.0,0.0,0.0,0.0,0.0,0.0,0.0,0.0
NY_Z_B,NY_Z_B_solar_photovoltaic_1,3,1,110,0.0,0.0,0.0,39902.0,0.0,0.0,0.0,0.0,0.0,0.0,0.0,0.0,7435.5123168321425,0.0,0.0,0.0,31411.3912100194,79842.90782824864,0.0,0.0,7435.5123168321425,39902.0,-32466.487683167856
NY_Z_C&E,NY_Z_C&E_onshore_wind_turbine_1,4,1,111,0.0,0.0,0.0,4.2658309e7,0.0,0.0,0.0,0.0,0.0,0.0,0.0,0.0,8.327192915152568e6,0.0,0.0,0.0,1.103875368003631e6,5.372339960096236e7,0.0,0.0,8.327192915152568e6,4.2658309e7,-3.4331116084847435e7
NY_Z_C&E,NY_Z_C&E_solar_photovoltaic_1,4,1,112,0.0,0.0,0.0,849912.6,0.0,0.0,0.0,0.0,0.0,0.0,0.0,0.0,134902.53445920357,0.0,0.0,0.0,710649.7677261949,1.6952773399464886e6,0.0,0.0,134902.53445920357,849912.6,-715010.0655407964
NY_Z_D,NY_Z_D_onshore_wind_turbine_1,5,1,113,0.0,0.0,0.0,2.8625915e7,0.0,0.0,0.0,0.0,0.0,0.0,0.0,0.0,6.500862402896487e6,0.0,0.0,0.0,900838.5208073243,3.160472565644003e7,0.0,0.0,6.500862402896487e6,2.8625915e7,-2.2125052597103514e7
NY_Z_D,NY_Z_D_solar_photovoltaic_1,5,1,114,0.0,0.0,0.0,39902.0,0.0,0.0,0.0,0.0,0.0,0.0,0.0,0.0,4452.382820090369,0.0,0.0,0.0,24048.804643496114,72127.24744768672,0.0,0.0,4452.382820090369,39902.0,-35449.617179909634
NY_Z_F,NY_Z_F_solar_photovoltaic_1,6,1,115,0.0,0.0,0.0,181554.1,0.0,0.0,0.0,0.0,0.0,0.0,0.0,0.0,9631.506311991356,0.0,0.0,0.0,149288.41465890524,368674.0673150996,0.0,0.0,9631.506311991356,181554.1,-171922.59368800864
NY_Z_G-I,NY_Z_G-I_solar_photovoltaic_1,7,1,116,0.0,0.0,0.0,137661.9,0.0,0.0,0.0,0.0,0.0,0.0,0.0,0.0,55566.597018636516,0.0,0.0,0.0,103392.08306737809,289221.4132748799,0.0,0.0,55566.597018636516,137661.9,-82095.30298136348
PJM_EMAC,PJM_EMAC_solar_photovoltaic_1,10,1,117,0.0,0.0,0.0,1.70800511e7,0.0,0.0,0.0,0.0,0.0,0.0,0.0,0.0,1.889791928741566e7,0.0,0.0,0.0,5.978393296580979e6,2.1030347990007818e7,0.0,0.0,1.889791928741566e7,1.70800511e7,1.8178681874156594e6
PJM_Rest,PJM_Rest_onshore_wind_turbine_1,11,1,118,0.0,0.0,0.0,2.98726295e8,0.0,0.0,0.0,0.0,0.0,0.0,0.0,0.0,2.877900850402494e8,0.0,0.0,0.0,8.019376664329308e7,2.4646088046654937e8,0.0,0.0,2.877900850402494e8,2.98726295e8,-1.0936209959750593e7
PJM_Rest,PJM_Rest_solar_photovoltaic_1,11,1,119,0.0,0.0,0.0,1.5485966200000001e7,0.0,0.0,0.0,0.0,0.0,0.0,0.0,0.0,2.126979544809626e7,0.0,0.0,0.0,7.114828366930324e6,1.968616661640444e7,0.0,0.0,2.126979544809626e7,1.5485966200000001e7,5.783829248096259e6
NENG_Rest,NENG_Rest_offshorewind_class3_moderate_fixed_1_0,1,0,120,-0.0,0.0,0.0,0.0,0.0,0.0,0.0,0.0,0.0,0.0,0.0,0.0,0.0,0.0,0.0,0.0,0.0,0.0,0.0,0.0,0.0,0.0,0.0
NENG_Rest,NENG_Rest_offshorewind_class3_moderate_fixed_1_1,1,1,121,-0.0,0.0,0.0,0.0,0.0,0.0,0.0,0.0,0.0,0.0,0.0,0.0,0.0,0.0,0.0,0.0,0.0,0.0,0.0,0.0,0.0,0.0,0.0
NENG_Rest,NENG_Rest_offshorewind_class3_moderate_fixed_1_2,1,2,122,-0.0,0.0,0.0,0.0,0.0,0.0,0.0,0.0,0.0,0.0,0.0,0.0,0.0,0.0,0.0,0.0,0.0,0.0,0.0,0.0,0.0,0.0,0.0
NENG_Rest,NENG_Rest_offshorewind_class3_moderate_fixed_1_3,1,3,123,-0.0,0.0,0.0,0.0,0.0,0.0,0.0,0.0,0.0,0.0,0.0,0.0,0.0,0.0,0.0,0.0,0.0,0.0,0.0,0.0,0.0,0.0,0.0
NENG_Rest,NENG_Rest_offshorewind_class3_moderate_fixed_1_4,1,4,124,-0.0,0.0,0.0,0.0,0.0,0.0,0.0,0.0,0.0,0.0,0.0,0.0,0.0,0.0,0.0,0.0,0.0,0.0,0.0,0.0,0.0,0.0,0.0
NENG_Rest,NENG_Rest_offshorewind_class3_moderate_fixed_1_5,1,5,125,-0.0,0.0,0.0,0.0,0.0,0.0,0.0,0.0,0.0,0.0,0.0,0.0,0.0,0.0,0.0,0.0,0.0,0.0,0.0,0.0,0.0,0.0,0.0
NENG_Rest,NENG_Rest_offshorewind_class3_moderate_fixed_0_0,1,0,126,-0.0,0.0,0.0,0.0,0.0,0.0,0.0,0.0,0.0,0.0,0.0,0.0,0.0,0.0,0.0,0.0,0.0,0.0,0.0,0.0,0.0,0.0,0.0
NENG_Rest,NENG_Rest_offshorewind_class3_moderate_fixed_0_1,1,1,127,-0.0,0.0,0.0,0.0,0.0,0.0,0.0,0.0,0.0,0.0,0.0,0.0,0.0,0.0,0.0,0.0,0.0,0.0,0.0,0.0,0.0,0.0,0.0
NENG_Rest,NENG_Rest_offshorewind_class3_moderate_fixed_0_2,1,2,128,-0.0,0.0,0.0,0.0,0.0,0.0,0.0,0.0,0.0,0.0,0.0,0.0,0.0,0.0,0.0,0.0,0.0,0.0,0.0,0.0,0.0,0.0,0.0
NENG_Rest,NENG_Rest_offshorewind_class3_moderate_fixed_0_3,1,3,129,-0.0,0.0,0.0,0.0,0.0,0.0,0.0,0.0,0.0,0.0,0.0,0.0,0.0,0.0,0.0,0.0,0.0,0.0,0.0,0.0,0.0,0.0,0.0
NENG_Rest,NENG_Rest_offshorewind_class3_moderate_fixed_0_4,1,4,130,-0.0,0.0,0.0,0.0,0.0,0.0,0.0,0.0,0.0,0.0,0.0,0.0,0.0,0.0,0.0,0.0,0.0,0.0,0.0,0.0,0.0,0.0,0.0
NENG_Rest,NENG_Rest_offshorewind_class3_moderate_fixed_0_5,1,5,131,-0.0,0.0,0.0,0.0,0.0,0.0,0.0,0.0,0.0,0.0,0.0,0.0,0.0,0.0,0.0,0.0,0.0,0.0,0.0,0.0,0.0,0.0,0.0
NENG_Rest,NENG_Rest_offshorewind_class12_moderate_floating_0_0,1,0,132,-0.0,0.0,0.0,0.0,0.0,0.0,0.0,0.0,0.0,0.0,0.0,0.0,0.0,0.0,0.0,0.0,0.0,0.0,0.0,0.0,0.0,0.0,0.0
NENG_Rest,NENG_Rest_offshorewind_class12_moderate_floating_0_1,1,1,133,-0.0,0.0,0.0,0.0,0.0,0.0,0.0,0.0,0.0,0.0,0.0,0.0,0.0,0.0,0.0,0.0,0.0,0.0,0.0,0.0,0.0,0.0,0.0
NENG_Rest,NENG_Rest_offshorewind_class12_moderate_floating_0_2,1,2,134,-0.0,0.0,0.0,0.0,0.0,0.0,0.0,0.0,0.0,0.0,0.0,0.0,0.0,0.0,0.0,0.0,0.0,0.0,0.0,0.0,0.0,0.0,0.0
NENG_Rest,NENG_Rest_offshorewind_class12_moderate_floating_0_3,1,3,135,-0.0,0.0,0.0,0.0,0.0,0.0,0.0,0.0,0.0,0.0,0.0,0.0,0.0,0.0,0.0,0.0,0.0,0.0,0.0,0.0,0.0,0.0,0.0
NENG_Rest,NENG_Rest_offshorewind_class12_moderate_floating_0_4,1,4,136,-0.0,0.0,0.0,0.0,0.0,0.0,0.0,0.0,0.0,0.0,0.0,0.0,0.0,0.0,0.0,0.0,0.0,0.0,0.0,0.0,0.0,0.0,0.0
NENG_Rest,NENG_Rest_offshorewind_class12_moderate_floating_0_5,1,5,137,-0.0,0.0,0.0,0.0,0.0,0.0,0.0,0.0,0.0,0.0,0.0,0.0,0.0,0.0,0.0,0.0,0.0,0.0,0.0,0.0,0.0,0.0,0.0
NENG_Rest,NENG_Rest_offshorewind_class12_moderate_floating_1_0,1,0,138,-0.0,0.0,0.0,0.0,0.0,0.0,0.0,0.0,0.0,0.0,0.0,0.0,0.0,0.0,0.0,0.0,0.0,0.0,0.0,0.0,0.0,0.0,0.0
NENG_Rest,NENG_Rest_offshorewind_class12_moderate_floating_1_1,1,1,139,-0.0,0.0,0.0,0.0,0.0,0.0,0.0,0.0,0.0,0.0,0.0,0.0,0.0,0.0,0.0,0.0,0.0,0.0,0.0,0.0,0.0,0.0,0.0
NENG_Rest,NENG_Rest_offshorewind_class12_moderate_floating_1_2,1,2,140,-0.0,0.0,0.0,0.0,0.0,0.0,0.0,0.0,0.0,0.0,0.0,0.0,0.0,0.0,0.0,0.0,0.0,0.0,0.0,0.0,0.0,0.0,0.0
NENG_Rest,NENG_Rest_offshorewind_class12_moderate_floating_1_3,1,3,141,-0.0,0.0,0.0,0.0,0.0,0.0,0.0,0.0,0.0,0.0,0.0,0.0,0.0,0.0,0.0,0.0,0.0,0.0,0.0,0.0,0.0,0.0,0.0
NENG_Rest,NENG_Rest_offshorewind_class12_moderate_floating_1_4,1,4,142,-0.0,0.0,0.0,0.0,0.0,0.0,0.0,0.0,0.0,0.0,0.0,0.0,0.0,0.0,0.0,0.0,0.0,0.0,0.0,0.0,0.0,0.0,0.0
NENG_Rest,NENG_Rest_offshorewind_class12_moderate_floating_1_5,1,5,143,-0.0,0.0,0.0,0.0,0.0,0.0,0.0,0.0,0.0,0.0,0.0,0.0,0.0,0.0,0.0,0.0,0.0,0.0,0.0,0.0,0.0,0.0,0.0
NENG_Rest,NENG_Rest_landbasedwind_class1_moderate_1,1,1,144,5.916478222677508e7,0.0,0.0,2.0380026168069597e7,0.0,0.0,0.0,0.0,0.0,0.0,0.0,0.0,1.82429741860441e7,0.0,0.0,0.0,1.1825700135340495e7,4.9476134073460035e7,0.0,0.0,1.82429741860441e7,7.954480839484468e7,-6.1301834208800584e7
NENG_Rest,NENG_Rest_landbasedwind_class1_moderate_2,1,2,145,8.674091318e8,0.0,0.0,2.880849084e8,0.0,0.0,0.0,0.0,0.0,0.0,0.0,0.0,2.456036559921603e8,0.0,0.0,0.0,1.8040820653915787e8,8.255402283999966e8,0.0,0.0,2.456036559921603e8,1.1554940401999998e9,-9.098903842078395e8
NENG_Rest,NENG_Rest_landbasedwind_class1_moderate_3,1,3,146,-0.0,0.0,0.0,0.0,0.0,0.0,0.0,0.0,0.0,0.0,0.0,0.0,0.0,0.0,0.0,0.0,0.0,0.0,0.0,0.0,0.0,0.0,0.0
NENG_Rest,NENG_Rest_landbasedwind_class1_moderate_4,1,4,147,-0.0,0.0,0.0,0.0,0.0,0.0,0.0,0.0,0.0,0.0,0.0,0.0,0.0,0.0,0.0,0.0,0.0,0.0,0.0,0.0,0.0,0.0,0.0
NENG_Rest,NENG_Rest_landbasedwind_class1_moderate_5,1,5,148,-0.0,0.0,0.0,0.0,0.0,0.0,0.0,0.0,0.0,0.0,0.0,0.0,0.0,0.0,0.0,0.0,0.0,0.0,0.0,0.0,0.0,0.0,0.0
NENG_Rest,NENG_Rest_landbasedwind_class1_moderate_6,1,6,149,-0.0,0.0,0.0,0.0,0.0,0.0,0.0,0.0,0.0,0.0,0.0,0.0,0.0,0.0,0.0,0.0,0.0,0.0,0.0,0.0,0.0,0.0,0.0
NENG_Rest,NENG_Rest_utilitypv_class1_moderate_1,1,1,150,-0.0,0.0,0.0,0.0,0.0,0.0,0.0,0.0,0.0,0.0,0.0,0.0,0.0,0.0,0.0,0.0,0.0,0.0,0.0,0.0,0.0,0.0,0.0
NENG_Rest,NENG_Rest_utilitypv_class1_moderate_2,1,2,151,1.9658180387195593e8,0.0,0.0,4.755750014075535e7,0.0,0.0,0.0,0.0,0.0,0.0,0.0,0.0,2.588050750505361e7,0.0,0.0,0.0,6.024574507437112e7,1.5801305143328646e8,0.0,0.0,2.588050750505361e7,2.441393040127113e8,-2.1825879650765768e8
NENG_Rest,NENG_Rest_utilitypv_class1_moderate_3,1,3,152,-0.0,0.0,0.0,0.0,0.0,0.0,0.0,0.0,0.0,0.0,0.0,0.0,0.0,0.0,0.0,0.0,0.0,0.0,0.0,0.0,0.0,0.0,0.0
NENG_Rest,NENG_Rest_utilitypv_class1_moderate_4,1,4,153,-0.0,0.0,0.0,0.0,0.0,0.0,0.0,0.0,0.0,0.0,0.0,0.0,0.0,0.0,0.0,0.0,0.0,0.0,0.0,0.0,0.0,0.0,0.0
NENG_Rest,NENG_Rest_utilitypv_class1_moderate_5,1,5,154,-0.0,0.0,0.0,0.0,0.0,0.0,0.0,0.0,0.0,0.0,0.0,0.0,0.0,0.0,0.0,0.0,0.0,0.0,0.0,0.0,0.0,0.0,0.0
NENG_Rest,NENG_Rest_utilitypv_class1_moderate_6,1,6,155,-0.0,0.0,0.0,0.0,0.0,0.0,0.0,0.0,0.0,0.0,0.0,0.0,0.0,0.0,0.0,0.0,0.0,0.0,0.0,0.0,0.0,0.0,0.0
NY_Z_A,NY_Z_A_landbasedwind_class1_moderate_1,2,1,156,-0.0,0.0,0.0,0.0,0.0,0.0,0.0,0.0,0.0,0.0,0.0,0.0,0.0,0.0,0.0,0.0,0.0,0.0,0.0,0.0,0.0,0.0,0.0
NY_Z_A,NY_Z_A_landbasedwind_class1_moderate_2,2,2,157,-0.0,0.0,0.0,0.0,0.0,0.0,0.0,0.0,0.0,0.0,0.0,0.0,0.0,0.0,0.0,0.0,0.0,0.0,0.0,0.0,0.0,0.0,0.0
NY_Z_A,NY_Z_A_landbasedwind_class1_moderate_3,2,3,158,-0.0,0.0,0.0,0.0,0.0,0.0,0.0,0.0,0.0,0.0,0.0,0.0,0.0,0.0,0.0,0.0,0.0,0.0,0.0,0.0,0.0,0.0,0.0
NY_Z_A,NY_Z_A_landbasedwind_class1_moderate_4,2,4,159,-0.0,0.0,0.0,0.0,0.0,0.0,0.0,0.0,0.0,0.0,0.0,0.0,0.0,0.0,0.0,0.0,0.0,0.0,0.0,0.0,0.0,0.0,0.0
NY_Z_A,NY_Z_A_landbasedwind_class1_moderate_5,2,5,160,-0.0,0.0,0.0,0.0,0.0,0.0,0.0,0.0,0.0,0.0,0.0,0.0,0.0,0.0,0.0,0.0,0.0,0.0,0.0,0.0,0.0,0.0,0.0
NY_Z_A,NY_Z_A_landbasedwind_class1_moderate_6,2,6,161,-0.0,0.0,0.0,0.0,0.0,0.0,0.0,0.0,0.0,0.0,0.0,0.0,0.0,0.0,0.0,0.0,0.0,0.0,0.0,0.0,0.0,0.0,0.0
NY_Z_A,NY_Z_A_utilitypv_class1_moderate_1,2,1,162,-0.0,0.0,0.0,0.0,0.0,0.0,0.0,0.0,0.0,0.0,0.0,0.0,0.0,0.0,0.0,0.0,0.0,0.0,0.0,0.0,0.0,0.0,0.0
NY_Z_A,NY_Z_A_utilitypv_class1_moderate_2,2,2,163,1.3109946976353377e8,0.0,0.0,3.528388218934965e7,0.0,0.0,0.0,0.0,0.0,0.0,0.0,0.0,-2.456789345731739e7,0.0,0.0,0.0,4.606632469803139e7,1.4488492071216944e8,0.0,0.0,-2.456789345731739e7,1.6638335195288342e8,-1.909512454102008e8
NY_Z_A,NY_Z_A_utilitypv_class1_moderate_3,2,3,164,-0.0,0.0,0.0,0.0,0.0,0.0,0.0,0.0,0.0,0.0,0.0,0.0,0.0,0.0,0.0,0.0,0.0,0.0,0.0,0.0,0.0,0.0,0.0
NY_Z_A,NY_Z_A_utilitypv_class1_moderate_4,2,4,165,-0.0,0.0,0.0,0.0,0.0,0.0,0.0,0.0,0.0,0.0,0.0,0.0,0.0,0.0,0.0,0.0,0.0,0.0,0.0,0.0,0.0,0.0,0.0
NY_Z_A,NY_Z_A_utilitypv_class1_moderate_5,2,5,166,-0.0,0.0,0.0,0.0,0.0,0.0,0.0,0.0,0.0,0.0,0.0,0.0,0.0,0.0,0.0,0.0,0.0,0.0,0.0,0.0,0.0,0.0,0.0
NY_Z_A,NY_Z_A_utilitypv_class1_moderate_6,2,6,167,-0.0,0.0,0.0,0.0,0.0,0.0,0.0,0.0,0.0,0.0,0.0,0.0,0.0,0.0,0.0,0.0,0.0,0.0,0.0,0.0,0.0,0.0,0.0
NY_Z_B,NY_Z_B_landbasedwind_class1_moderate_1,3,1,168,-0.0,0.0,0.0,0.0,0.0,0.0,0.0,0.0,0.0,0.0,0.0,0.0,0.0,0.0,0.0,0.0,0.0,0.0,0.0,0.0,0.0,0.0,0.0
NY_Z_B,NY_Z_B_landbasedwind_class1_moderate_2,3,2,169,4.9505428800000004e7,0.0,0.0,1.5643569600000001e7,0.0,0.0,0.0,0.0,0.0,0.0,0.0,0.0,1.446640955578617e7,0.0,0.0,0.0,5.93874622584518e6,4.8284598529951856e7,0.0,0.0,1.446640955578617e7,6.5148998400000006e7,-5.0682588844213836e7
NY_Z_B,NY_Z_B_landbasedwind_class1_moderate_3,3,3,170,-0.0,0.0,0.0,0.0,0.0,0.0,0.0,0.0,0.0,0.0,0.0,0.0,0.0,0.0,0.0,0.0,0.0,0.0,0.0,0.0,0.0,0.0,0.0
NY_Z_B,NY_Z_B_landbasedwind_class1_moderate_4,3,4,171,-0.0,0.0,0.0,0.0,0.0,0.0,0.0,0.0,0.0,0.0,0.0,0.0,0.0,0.0,0.0,0.0,0.0,0.0,0.0,0.0,0.0,0.0,0.0
NY_Z_B,NY_Z_B_landbasedwind_class1_moderate_5,3,5,172,-0.0,0.0,0.0,0.0,0.0,0.0,0.0,0.0,0.0,0.0,0.0,0.0,0.0,0.0,0.0,0.0,0.0,0.0,0.0,0.0,0.0,0.0,0.0
NY_Z_B,NY_Z_B_landbasedwind_class1_moderate_6,3,6,173,-0.0,0.0,0.0,0.0,0.0,0.0,0.0,0.0,0.0,0.0,0.0,0.0,0.0,0.0,0.0,0.0,0.0,0.0,0.0,0.0,0.0,0.0,0.0
NY_Z_B,NY_Z_B_utilitypv_class1_moderate_1,3,1,174,-0.0,0.0,0.0,0.0,0.0,0.0,0.0,0.0,0.0,0.0,0.0,0.0,0.0,0.0,0.0,0.0,0.0,0.0,0.0,0.0,0.0,0.0,0.0
NY_Z_B,NY_Z_B_utilitypv_class1_moderate_2,3,2,175,-0.0,0.0,0.0,0.0,0.0,0.0,0.0,0.0,0.0,0.0,0.0,0.0,0.0,0.0,0.0,0.0,0.0,0.0,0.0,0.0,0.0,0.0,0.0
NY_Z_B,NY_Z_B_utilitypv_class1_moderate_3,3,3,176,-0.0,0.0,0.0,0.0,0.0,0.0,0.0,0.0,0.0,0.0,0.0,0.0,0.0,0.0,0.0,0.0,0.0,0.0,0.0,0.0,0.0,0.0,0.0
NY_Z_B,NY_Z_B_utilitypv_class1_moderate_4,3,4,177,-0.0,0.0,0.0,0.0,0.0,0.0,0.0,0.0,0.0,0.0,0.0,0.0,0.0,0.0,0.0,0.0,0.0,0.0,0.0,0.0,0.0,0.0,0.0
NY_Z_B,NY_Z_B_utilitypv_class1_moderate_5,3,5,178,-0.0,0.0,0.0,0.0,0.0,0.0,0.0,0.0,0.0,0.0,0.0,0.0,0.0,0.0,0.0,0.0,0.0,0.0,0.0,0.0,0.0,0.0,0.0
NY_Z_B,NY_Z_B_utilitypv_class1_moderate_6,3,6,179,-0.0,0.0,0.0,0.0,0.0,0.0,0.0,0.0,0.0,0.0,0.0,0.0,0.0,0.0,0.0,0.0,0.0,0.0,0.0,0.0,0.0,0.0,0.0
NY_Z_C&E,NY_Z_C&E_landbasedwind_class1_moderate_1,4,1,180,-0.0,0.0,0.0,0.0,0.0,0.0,0.0,0.0,0.0,0.0,0.0,0.0,0.0,0.0,0.0,0.0,0.0,0.0,0.0,0.0,0.0,0.0,0.0
NY_Z_C&E,NY_Z_C&E_landbasedwind_class1_moderate_2,4,2,181,9.51037302e7,0.0,0.0,3.0477838200000003e7,0.0,0.0,0.0,0.0,0.0,0.0,0.0,0.0,2.2851693889398966e7,0.0,0.0,0.0,1.1836102036523841e7,9.092599477108829e7,0.0,0.0,2.2851693889398966e7,1.255815684e8,-1.0272987451060104e8
NY_Z_C&E,NY_Z_C&E_landbasedwind_class1_moderate_3,4,3,182,-0.0,0.0,0.0,0.0,0.0,0.0,0.0,0.0,0.0,0.0,0.0,0.0,0.0,0.0,0.0,0.0,0.0,0.0,0.0,0.0,0.0,0.0,0.0
NY_Z_C&E,NY_Z_C&E_landbasedwind_class1_moderate_4,4,4,183,-0.0,0.0,0.0,0.0,0.0,0.0,0.0,0.0,0.0,0.0,0.0,0.0,0.0,0.0,0.0,0.0,0.0,0.0,0.0,0.0,0.0,0.0,0.0
NY_Z_C&E,NY_Z_C&E_landbasedwind_class1_moderate_5,4,5,184,-0.0,0.0,0.0,0.0,0.0,0.0,0.0,0.0,0.0,0.0,0.0,0.0,0.0,0.0,0.0,0.0,0.0,0.0,0.0,0.0,0.0,0.0,0.0
NY_Z_C&E,NY_Z_C&E_landbasedwind_class1_moderate_6,4,6,185,-0.0,0.0,0.0,0.0,0.0,0.0,0.0,0.0,0.0,0.0,0.0,0.0,0.0,0.0,0.0,0.0,0.0,0.0,0.0,0.0,0.0,0.0,0.0
NY_Z_C&E,NY_Z_C&E_utilitypv_class1_moderate_1,4,1,186,-0.0,0.0,0.0,0.0,0.0,0.0,0.0,0.0,0.0,0.0,0.0,0.0,0.0,0.0,0.0,0.0,0.0,0.0,0.0,0.0,0.0,0.0,0.0
NY_Z_C&E,NY_Z_C&E_utilitypv_class1_moderate_2,4,2,187,4.566964858030688e8,0.0,0.0,1.1864949118154234e8,0.0,0.0,0.0,0.0,0.0,0.0,0.0,0.0,-9.228841183297543e7,0.0,0.0,0.0,1.7469992600548816e8,4.929344628121016e8,0.0,0.0,-9.228841183297543e7,5.753459769846112e8,-6.676343888175865e8
NY_Z_C&E,NY_Z_C&E_utilitypv_class1_moderate_3,4,3,188,-0.0,0.0,0.0,0.0,0.0,0.0,0.0,0.0,0.0,0.0,0.0,0.0,0.0,0.0,0.0,0.0,0.0,0.0,0.0,0.0,0.0,0.0,0.0
NY_Z_C&E,NY_Z_C&E_utilitypv_class1_moderate_4,4,4,189,-0.0,0.0,0.0,0.0,0.0,0.0,0.0,0.0,0.0,0.0,0.0,0.0,0.0,0.0,0.0,0.0,0.0,0.0,0.0,0.0,0.0,0.0,0.0
NY_Z_C&E,NY_Z_C&E_utilitypv_class1_moderate_5,4,5,190,-0.0,0.0,0.0,0.0,0.0,0.0,0.0,0.0,0.0,0.0,0.0,0.0,0.0,0.0,0.0,0.0,0.0,0.0,0.0,0.0,0.0,0.0,0.0
NY_Z_C&E,NY_Z_C&E_utilitypv_class1_moderate_6,4,6,191,-0.0,0.0,0.0,0.0,0.0,0.0,0.0,0.0,0.0,0.0,0.0,0.0,0.0,0.0,0.0,0.0,0.0,0.0,0.0,0.0,0.0,0.0,0.0
NY_Z_D,NY_Z_D_landbasedwind_class1_moderate_1,5,1,192,-0.0,0.0,0.0,0.0,0.0,0.0,0.0,0.0,0.0,0.0,0.0,0.0,0.0,0.0,0.0,0.0,0.0,0.0,0.0,0.0,0.0,0.0,0.0
NY_Z_D,NY_Z_D_landbasedwind_class1_moderate_2,5,2,193,-0.0,0.0,0.0,0.0,0.0,0.0,0.0,0.0,0.0,0.0,0.0,0.0,0.0,0.0,0.0,0.0,0.0,0.0,0.0,0.0,0.0,0.0,0.0
NY_Z_D,NY_Z_D_landbasedwind_class1_moderate_3,5,3,194,-0.0,0.0,0.0,0.0,0.0,0.0,0.0,0.0,0.0,0.0,0.0,0.0,0.0,0.0,0.0,0.0,0.0,0.0,0.0,0.0,0.0,0.0,0.0
NY_Z_D,NY_Z_D_landbasedwind_class1_moderate_4,5,4,195,-0.0,0.0,0.0,0.0,0.0,0.0,0.0,0.0,0.0,0.0,0.0,0.0,0.0,0.0,0.0,0.0,0.0,0.0,0.0,0.0,0.0,0.0,0.0
NY_Z_D,NY_Z_D_landbasedwind_class1_moderate_5,5,5,196,-0.0,0.0,0.0,0.0,0.0,0.0,0.0,0.0,0.0,0.0,0.0,0.0,0.0,0.0,0.0,0.0,0.0,0.0,0.0,0.0,0.0,0.0,0.0
NY_Z_D,NY_Z_D_landbasedwind_class1_moderate_6,5,6,197,-0.0,0.0,0.0,0.0,0.0,0.0,0.0,0.0,0.0,0.0,0.0,0.0,0.0,0.0,0.0,0.0,0.0,0.0,0.0,0.0,0.0,0.0,0.0
NY_Z_D,NY_Z_D_utilitypv_class1_moderate_1,5,1,198,-0.0,0.0,0.0,0.0,0.0,0.0,0.0,0.0,0.0,0.0,0.0,0.0,0.0,0.0,0.0,0.0,0.0,0.0,0.0,0.0,0.0,0.0,0.0
NY_Z_D,NY_Z_D_utilitypv_class1_moderate_2,5,2,199,-0.0,0.0,0.0,0.0,0.0,0.0,0.0,0.0,0.0,0.0,0.0,0.0,0.0,0.0,0.0,0.0,0.0,0.0,0.0,0.0,0.0,0.0,0.0
NY_Z_D,NY_Z_D_utilitypv_class1_moderate_3,5,3,200,-0.0,0.0,0.0,0.0,0.0,0.0,0.0,0.0,0.0,0.0,0.0,0.0,0.0,0.0,0.0,0.0,0.0,0.0,0.0,0.0,0.0,0.0,0.0
NY_Z_D,NY_Z_D_utilitypv_class1_moderate_4,5,4,201,-0.0,0.0,0.0,0.0,0.0,0.0,0.0,0.0,0.0,0.0,0.0,0.0,0.0,0.0,0.0,0.0,0.0,0.0,0.0,0.0,0.0,0.0,0.0
NY_Z_D,NY_Z_D_utilitypv_class1_moderate_5,5,5,202,-0.0,0.0,0.0,0.0,0.0,0.0,0.0,0.0,0.0,0.0,0.0,0.0,0.0,0.0,0.0,0.0,0.0,0.0,0.0,0.0,0.0,0.0,0.0
NY_Z_D,NY_Z_D_utilitypv_class1_moderate_6,5,6,203,-0.0,0.0,0.0,0.0,0.0,0.0,0.0,0.0,0.0,0.0,0.0,0.0,0.0,0.0,0.0,0.0,0.0,0.0,0.0,0.0,0.0,0.0,0.0
NY_Z_F,NY_Z_F_landbasedwind_class1_moderate_1,6,1,204,5.651996674664768e7,0.0,0.0,1.869850840800455e7,0.0,0.0,0.0,0.0,0.0,0.0,0.0,0.0,1.242300922983171e7,0.0,0.0,0.0,9.412205466368144e6,5.338326045845243e7,0.0,0.0,1.242300922983171e7,7.521847515465222e7,-6.279546592482051e7
NY_Z_F,NY_Z_F_landbasedwind_class1_moderate_2,6,2,205,8.7786576e7,0.0,0.0,2.8697376e7,0.0,0.0,0.0,0.0,0.0,0.0,0.0,0.0,2.0936412821062107e7,0.0,0.0,0.0,1.6098009299466778e7,9.351211950988936e7,0.0,0.0,2.0936412821062107e7,1.16483952e8,-9.55475391789379e7
NY_Z_F,NY_Z_F_landbasedwind_class1_moderate_3,6,3,206,-0.0,0.0,0.0,0.0,0.0,0.0,0.0,0.0,0.0,0.0,0.0,0.0,0.0,0.0,0.0,0.0,0.0,0.0,0.0,0.0,0.0,0.0,0.0
NY_Z_F,NY_Z_F_landbasedwind_class1_moderate_4,6,4,207,7.9744887e7,0.0,0.0,2.52370674e7,0.0,0.0,0.0,0.0,0.0,0.0,0.0,0.0,1.540201996605206e7,0.0,0.0,0.0,1.812718265450919e7,7.560323175387351e7,0.0,0.0,1.540201996605206e7,1.049819544e8,-8.957993443394795e7
NY_Z_F,NY_Z_F_landbasedwind_class1_moderate_5,6,5,208,-0.0,0.0,0.0,0.0,0.0,0.0,0.0,0.0,0.0,0.0,0.0,0.0,0.0,0.0,0.0,0.0,0.0,0.0,0.0,0.0,0.0,0.0,0.0
NY_Z_F,NY_Z_F_landbasedwind_class1_moderate_6,6,6,209,-0.0,0.0,0.0,0.0,0.0,0.0,0.0,0.0,0.0,0.0,0.0,0.0,0.0,0.0,0.0,0.0,0.0,0.0,0.0,0.0,0.0,0.0,0.0
NY_Z_F,NY_Z_F_utilitypv_class1_moderate_1,6,1,210,1.02021869e9,0.0,0.0,2.6977776940000004e8,0.0,0.0,0.0,0.0,0.0,0.0,0.0,0.0,-2.6346365294246e8,0.0,0.0,0.0,4.269709901744228e8,1.165031441226296e9,0.0,0.0,-2.6346365294246e8,1.2899964594e9,-1.5534601123424602e9
NY_Z_F,NY_Z_F_utilitypv_class1_moderate_2,6,2,211,2.53112347413758e8,0.0,0.0,6.5729829313737124e7,0.0,0.0,0.0,0.0,0.0,0.0,0.0,0.0,-5.454539586322e7,0.0,0.0,0.0,9.947835780776922e7,2.739092147829459e8,0.0,0.0,-5.454539586322e7,3.1884217672749513e8,-3.733875725907151e8
NY_Z_F,NY_Z_F_utilitypv_class1_moderate_3,6,3,212,-0.0,0.0,0.0,0.0,0.0,0.0,0.0,0.0,0.0,0.0,0.0,0.0,0.0,0.0,0.0,0.0,0.0,0.0,0.0,0.0,0.0,0.0,0.0
NY_Z_F,NY_Z_F_utilitypv_class1_moderate_4,6,4,213,-0.0,0.0,0.0,0.0,0.0,0.0,0.0,0.0,0.0,0.0,0.0,0.0,0.0,0.0,0.0,0.0,0.0,0.0,0.0,0.0,0.0,0.0,0.0
NY_Z_F,NY_Z_F_utilitypv_class1_moderate_5,6,5,214,-0.0,0.0,0.0,0.0,0.0,0.0,0.0,0.0,0.0,0.0,0.0,0.0,0.0,0.0,0.0,0.0,0.0,0.0,0.0,0.0,0.0,0.0,0.0
NY_Z_F,NY_Z_F_utilitypv_class1_moderate_6,6,6,215,-0.0,0.0,0.0,0.0,0.0,0.0,0.0,0.0,0.0,0.0,0.0,0.0,0.0,0.0,0.0,0.0,0.0,0.0,0.0,0.0,0.0,0.0,0.0
NY_Z_G-I,NY_Z_G-I_landbasedwind_class1_moderate_1,7,1,216,906358.4,0.0,0.0,297472.8,0.0,0.0,0.0,0.0,0.0,0.0,0.0,0.0,310003.4837113104,0.0,0.0,0.0,189478.53203134198,911899.9752033711,0.0,0.0,310003.4837113104,1.2038312e6,-893827.7162886895
NY_Z_G-I,NY_Z_G-I_landbasedwind_class1_moderate_2,7,2,217,1.9502406e6,0.0,0.0,673688.4,0.0,0.0,0.0,0.0,0.0,0.0,0.0,0.0,730103.4915253918,0.0,0.0,0.0,419030.5526428705,2.103149113405221e6,0.0,0.0,730103.4915253918,2.623929e6,-1.8938255084746082e6
NY_Z_G-I,NY_Z_G-I_landbasedwind_class1_moderate_3,7,3,218,-0.0,0.0,0.0,0.0,0.0,0.0,0.0,0.0,0.0,0.0,0.0,0.0,0.0,0.0,0.0,0.0,0.0,0.0,0.0,0.0,0.0,0.0,0.0
NY_Z_G-I,NY_Z_G-I_landbasedwind_class1_moderate_4,7,4,219,197766.0,0.0,0.0,65619.0,0.0,0.0,0.0,0.0,0.0,0.0,0.0,0.0,61278.82092424843,0.0,0.0,0.0,32873.77441896069,186408.1459542914,0.0,0.0,61278.82092424843,263385.0,-202106.17907575157
NY_Z_G-I,NY_Z_G-I_landbasedwind_class1_moderate_5,7,5,220,-0.0,0.0,0.0,0.0,0.0,0.0,0.0,0.0,0.0,0.0,0.0,0.0,0.0,0.0,0.0,0.0,0.0,0.0,0.0,0.0,0.0,0.0,0.0
NY_Z_G-I,NY_Z_G-I_landbasedwind_class1_moderate_6,7,6,221,-0.0,0.0,0.0,0.0,0.0,0.0,0.0,0.0,0.0,0.0,0.0,0.0,0.0,0.0,0.0,0.0,0.0,0.0,0.0,0.0,0.0,0.0,0.0
NY_Z_G-I,NY_Z_G-I_utilitypv_class1_moderate_1,7,1,222,4.47654455e7,0.0,0.0,1.2737273e7,0.0,0.0,0.0,0.0,0.0,0.0,0.0,0.0,-3.264397890122403e6,0.0,0.0,0.0,1.698757853553672e7,5.247777009049341e7,0.0,0.0,-3.264397890122403e6,5.75027185e7,-6.0767116390122406e7
NY_Z_G-I,NY_Z_G-I_utilitypv_class1_moderate_2,7,2,223,6.70011472e7,0.0,0.0,1.87684568e7,0.0,0.0,0.0,0.0,0.0,0.0,0.0,0.0,-8.536547956019852e6,0.0,0.0,0.0,2.2795619508682866e7,8.082755643609044e7,0.0,0.0,-8.536547956019852e6,8.5769604e7,-9.430615195601985e7
NY_Z_G-I,NY_Z_G-I_utilitypv_class1_moderate_3,7,3,224,-0.0,0.0,0.0,0.0,0.0,0.0,0.0,0.0,0.0,0.0,0.0,0.0,0.0,0.0,0.0,0.0,0.0,0.0,0.0,0.0,0.0,0.0,0.0
NY_Z_G-I,NY_Z_G-I_utilitypv_class1_moderate_4,7,4,225,-0.0,0.0,0.0,0.0,0.0,0.0,0.0,0.0,0.0,0.0,0.0,0.0,0.0,0.0,0.0,0.0,0.0,0.0,0.0,0.0,0.0,0.0,0.0
NY_Z_G-I,NY_Z_G-I_utilitypv_class1_moderate_5,7,5,226,-0.0,0.0,0.0,0.0,0.0,0.0,0.0,0.0,0.0,0.0,0.0,0.0,0.0,0.0,0.0,0.0,0.0,0.0,0.0,0.0,0.0,0.0,0.0
NY_Z_G-I,NY_Z_G-I_utilitypv_class1_moderate_6,7,6,227,-0.0,0.0,0.0,0.0,0.0,0.0,0.0,0.0,0.0,0.0,0.0,0.0,0.0,0.0,0.0,0.0,0.0,0.0,0.0,0.0,0.0,0.0,0.0
NY_Z_J,NY_Z_J_offshorewind_class3_moderate_fixed_1_0,8,0,228,-0.0,0.0,0.0,0.0,0.0,0.0,0.0,0.0,0.0,0.0,0.0,0.0,0.0,0.0,0.0,0.0,0.0,0.0,0.0,0.0,0.0,0.0,0.0
NY_Z_J,NY_Z_J_offshorewind_class3_moderate_fixed_1_1,8,1,229,-0.0,0.0,0.0,0.0,0.0,0.0,0.0,0.0,0.0,0.0,0.0,0.0,0.0,0.0,0.0,0.0,0.0,0.0,0.0,0.0,0.0,0.0,0.0
NY_Z_J,NY_Z_J_offshorewind_class3_moderate_fixed_1_2,8,2,230,-0.0,0.0,0.0,0.0,0.0,0.0,0.0,0.0,0.0,0.0,0.0,0.0,0.0,0.0,0.0,0.0,0.0,0.0,0.0,0.0,0.0,0.0,0.0
NY_Z_J,NY_Z_J_offshorewind_class3_moderate_fixed_1_3,8,3,231,-0.0,0.0,0.0,0.0,0.0,0.0,0.0,0.0,0.0,0.0,0.0,0.0,0.0,0.0,0.0,0.0,0.0,0.0,0.0,0.0,0.0,0.0,0.0
NY_Z_J,NY_Z_J_offshorewind_class3_moderate_fixed_1_4,8,4,232,-0.0,0.0,0.0,0.0,0.0,0.0,0.0,0.0,0.0,0.0,0.0,0.0,0.0,0.0,0.0,0.0,0.0,0.0,0.0,0.0,0.0,0.0,0.0
NY_Z_J,NY_Z_J_offshorewind_class3_moderate_fixed_1_5,8,5,233,-0.0,0.0,0.0,0.0,0.0,0.0,0.0,0.0,0.0,0.0,0.0,0.0,0.0,0.0,0.0,0.0,0.0,0.0,0.0,0.0,0.0,0.0,0.0
NY_Z_J,NY_Z_J_offshorewind_class3_moderate_fixed_0_0,8,0,234,-0.0,0.0,0.0,0.0,0.0,0.0,0.0,0.0,0.0,0.0,0.0,0.0,0.0,0.0,0.0,0.0,0.0,0.0,0.0,0.0,0.0,0.0,0.0
NY_Z_J,NY_Z_J_offshorewind_class3_moderate_fixed_0_1,8,1,235,-0.0,0.0,0.0,0.0,0.0,0.0,0.0,0.0,0.0,0.0,0.0,0.0,0.0,0.0,0.0,0.0,0.0,0.0,0.0,0.0,0.0,0.0,0.0
NY_Z_J,NY_Z_J_offshorewind_class3_moderate_fixed_0_2,8,2,236,-0.0,0.0,0.0,0.0,0.0,0.0,0.0,0.0,0.0,0.0,0.0,0.0,0.0,0.0,0.0,0.0,0.0,0.0,0.0,0.0,0.0,0.0,0.0
NY_Z_J,NY_Z_J_offshorewind_class3_moderate_fixed_0_3,8,3,237,-0.0,0.0,0.0,0.0,0.0,0.0,0.0,0.0,0.0,0.0,0.0,0.0,0.0,0.0,0.0,0.0,0.0,0.0,0.0,0.0,0.0,0.0,0.0
NY_Z_J,NY_Z_J_offshorewind_class3_moderate_fixed_0_4,8,4,238,-0.0,0.0,0.0,0.0,0.0,0.0,0.0,0.0,0.0,0.0,0.0,0.0,0.0,0.0,0.0,0.0,0.0,0.0,0.0,0.0,0.0,0.0,0.0
NY_Z_J,NY_Z_J_offshorewind_class3_moderate_fixed_0_5,8,5,239,-0.0,0.0,0.0,0.0,0.0,0.0,0.0,0.0,0.0,0.0,0.0,0.0,0.0,0.0,0.0,0.0,0.0,0.0,0.0,0.0,0.0,0.0,0.0
NY_Z_J,NY_Z_J_offshorewind_class12_moderate_floating_0_0,8,0,240,-0.0,0.0,0.0,0.0,0.0,0.0,0.0,0.0,0.0,0.0,0.0,0.0,0.0,0.0,0.0,0.0,0.0,0.0,0.0,0.0,0.0,0.0,0.0
NY_Z_J,NY_Z_J_offshorewind_class12_moderate_floating_0_1,8,1,241,-0.0,0.0,0.0,0.0,0.0,0.0,0.0,0.0,0.0,0.0,0.0,0.0,0.0,0.0,0.0,0.0,0.0,0.0,0.0,0.0,0.0,0.0,0.0
NY_Z_J,NY_Z_J_offshorewind_class12_moderate_floating_0_2,8,2,242,-0.0,0.0,0.0,0.0,0.0,0.0,0.0,0.0,0.0,0.0,0.0,0.0,0.0,0.0,0.0,0.0,0.0,0.0,0.0,0.0,0.0,0.0,0.0
NY_Z_J,NY_Z_J_offshorewind_class12_moderate_floating_0_3,8,3,243,-0.0,0.0,0.0,0.0,0.0,0.0,0.0,0.0,0.0,0.0,0.0,0.0,0.0,0.0,0.0,0.0,0.0,0.0,0.0,0.0,0.0,0.0,0.0
NY_Z_J,NY_Z_J_offshorewind_class12_moderate_floating_0_4,8,4,244,-0.0,0.0,0.0,0.0,0.0,0.0,0.0,0.0,0.0,0.0,0.0,0.0,0.0,0.0,0.0,0.0,0.0,0.0,0.0,0.0,0.0,0.0,0.0
NY_Z_J,NY_Z_J_offshorewind_class12_moderate_floating_0_5,8,5,245,-0.0,0.0,0.0,0.0,0.0,0.0,0.0,0.0,0.0,0.0,0.0,0.0,0.0,0.0,0.0,0.0,0.0,0.0,0.0,0.0,0.0,0.0,0.0
NY_Z_J,NY_Z_J_offshorewind_class12_moderate_floating_1_0,8,0,246,-0.0,0.0,0.0,0.0,0.0,0.0,0.0,0.0,0.0,0.0,0.0,0.0,0.0,0.0,0.0,0.0,0.0,0.0,0.0,0.0,0.0,0.0,0.0
NY_Z_J,NY_Z_J_offshorewind_class12_moderate_floating_1_1,8,1,247,-0.0,0.0,0.0,0.0,0.0,0.0,0.0,0.0,0.0,0.0,0.0,0.0,0.0,0.0,0.0,0.0,0.0,0.0,0.0,0.0,0.0,0.0,0.0
NY_Z_J,NY_Z_J_offshorewind_class12_moderate_floating_1_2,8,2,248,-0.0,0.0,0.0,0.0,0.0,0.0,0.0,0.0,0.0,0.0,0.0,0.0,0.0,0.0,0.0,0.0,0.0,0.0,0.0,0.0,0.0,0.0,0.0
NY_Z_J,NY_Z_J_offshorewind_class12_moderate_floating_1_3,8,3,249,-0.0,0.0,0.0,0.0,0.0,0.0,0.0,0.0,0.0,0.0,0.0,0.0,0.0,0.0,0.0,0.0,0.0,0.0,0.0,0.0,0.0,0.0,0.0
NY_Z_J,NY_Z_J_offshorewind_class12_moderate_floating_1_4,8,4,250,-0.0,0.0,0.0,0.0,0.0,0.0,0.0,0.0,0.0,0.0,0.0,0.0,0.0,0.0,0.0,0.0,0.0,0.0,0.0,0.0,0.0,0.0,0.0
NY_Z_J,NY_Z_J_offshorewind_class12_moderate_floating_1_5,8,5,251,-0.0,0.0,0.0,0.0,0.0,0.0,0.0,0.0,0.0,0.0,0.0,0.0,0.0,0.0,0.0,0.0,0.0,0.0,0.0,0.0,0.0,0.0,0.0
NY_Z_K,NY_Z_K_utilitypv_class1_moderate_1,9,1,252,-0.0,0.0,0.0,0.0,0.0,0.0,0.0,0.0,0.0,0.0,0.0,0.0,0.0,0.0,0.0,0.0,0.0,0.0,0.0,0.0,0.0,0.0,0.0
PJM_EMAC,PJM_EMAC_offshorewind_class3_moderate_fixed_1_0,10,0,253,-0.0,0.0,0.0,0.0,0.0,0.0,0.0,0.0,0.0,0.0,0.0,0.0,0.0,0.0,0.0,0.0,0.0,0.0,0.0,0.0,0.0,0.0,0.0
PJM_EMAC,PJM_EMAC_offshorewind_class3_moderate_fixed_1_1,10,1,254,-0.0,0.0,0.0,0.0,0.0,0.0,0.0,0.0,0.0,0.0,0.0,0.0,0.0,0.0,0.0,0.0,0.0,0.0,0.0,0.0,0.0,0.0,0.0
PJM_EMAC,PJM_EMAC_offshorewind_class3_moderate_fixed_1_2,10,2,255,-0.0,0.0,0.0,0.0,0.0,0.0,0.0,0.0,0.0,0.0,0.0,0.0,0.0,0.0,0.0,0.0,0.0,0.0,0.0,0.0,0.0,0.0,0.0
PJM_EMAC,PJM_EMAC_offshorewind_class3_moderate_fixed_1_3,10,3,256,-0.0,0.0,0.0,0.0,0.0,0.0,0.0,0.0,0.0,0.0,0.0,0.0,0.0,0.0,0.0,0.0,0.0,0.0,0.0,0.0,0.0,0.0,0.0
PJM_EMAC,PJM_EMAC_offshorewind_class3_moderate_fixed_1_4,10,4,257,-0.0,0.0,0.0,0.0,0.0,0.0,0.0,0.0,0.0,0.0,0.0,0.0,0.0,0.0,0.0,0.0,0.0,0.0,0.0,0.0,0.0,0.0,0.0
PJM_EMAC,PJM_EMAC_offshorewind_class3_moderate_fixed_1_5,10,5,258,-0.0,0.0,0.0,0.0,0.0,0.0,0.0,0.0,0.0,0.0,0.0,0.0,0.0,0.0,0.0,0.0,0.0,0.0,0.0,0.0,0.0,0.0,0.0
PJM_EMAC,PJM_EMAC_offshorewind_class3_moderate_fixed_0_0,10,0,259,-0.0,0.0,0.0,0.0,0.0,0.0,0.0,0.0,0.0,0.0,0.0,0.0,0.0,0.0,0.0,0.0,0.0,0.0,0.0,0.0,0.0,0.0,0.0
PJM_EMAC,PJM_EMAC_offshorewind_class3_moderate_fixed_0_1,10,1,260,-0.0,0.0,0.0,0.0,0.0,0.0,0.0,0.0,0.0,0.0,0.0,0.0,0.0,0.0,0.0,0.0,0.0,0.0,0.0,0.0,0.0,0.0,0.0
PJM_EMAC,PJM_EMAC_offshorewind_class3_moderate_fixed_0_2,10,2,261,-0.0,0.0,0.0,0.0,0.0,0.0,0.0,0.0,0.0,0.0,0.0,0.0,0.0,0.0,0.0,0.0,0.0,0.0,0.0,0.0,0.0,0.0,0.0
PJM_EMAC,PJM_EMAC_offshorewind_class3_moderate_fixed_0_3,10,3,262,-0.0,0.0,0.0,0.0,0.0,0.0,0.0,0.0,0.0,0.0,0.0,0.0,0.0,0.0,0.0,0.0,0.0,0.0,0.0,0.0,0.0,0.0,0.0
PJM_EMAC,PJM_EMAC_offshorewind_class3_moderate_fixed_0_4,10,4,263,-0.0,0.0,0.0,0.0,0.0,0.0,0.0,0.0,0.0,0.0,0.0,0.0,0.0,0.0,0.0,0.0,0.0,0.0,0.0,0.0,0.0,0.0,0.0
PJM_EMAC,PJM_EMAC_offshorewind_class3_moderate_fixed_0_5,10,5,264,-0.0,0.0,0.0,0.0,0.0,0.0,0.0,0.0,0.0,0.0,0.0,0.0,0.0,0.0,0.0,0.0,0.0,0.0,0.0,0.0,0.0,0.0,0.0
PJM_EMAC,PJM_EMAC_offshorewind_class12_moderate_floating_0_0,10,0,265,-0.0,0.0,0.0,0.0,0.0,0.0,0.0,0.0,0.0,0.0,0.0,0.0,0.0,0.0,0.0,0.0,0.0,0.0,0.0,0.0,0.0,0.0,0.0
PJM_EMAC,PJM_EMAC_offshorewind_class12_moderate_floating_0_1,10,1,266,-0.0,0.0,0.0,0.0,0.0,0.0,0.0,0.0,0.0,0.0,0.0,0.0,0.0,0.0,0.0,0.0,0.0,0.0,0.0,0.0,0.0,0.0,0.0
PJM_EMAC,PJM_EMAC_offshorewind_class12_moderate_floating_0_2,10,2,267,-0.0,0.0,0.0,0.0,0.0,0.0,0.0,0.0,0.0,0.0,0.0,0.0,0.0,0.0,0.0,0.0,0.0,0.0,0.0,0.0,0.0,0.0,0.0
PJM_EMAC,PJM_EMAC_offshorewind_class12_moderate_floating_0_3,10,3,268,-0.0,0.0,0.0,0.0,0.0,0.0,0.0,0.0,0.0,0.0,0.0,0.0,0.0,0.0,0.0,0.0,0.0,0.0,0.0,0.0,0.0,0.0,0.0
PJM_EMAC,PJM_EMAC_offshorewind_class12_moderate_floating_0_4,10,4,269,-0.0,0.0,0.0,0.0,0.0,0.0,0.0,0.0,0.0,0.0,0.0,0.0,0.0,0.0,0.0,0.0,0.0,0.0,0.0,0.0,0.0,0.0,0.0
PJM_EMAC,PJM_EMAC_offshorewind_class12_moderate_floating_0_5,10,5,270,-0.0,0.0,0.0,0.0,0.0,0.0,0.0,0.0,0.0,0.0,0.0,0.0,0.0,0.0,0.0,0.0,0.0,0.0,0.0,0.0,0.0,0.0,0.0
PJM_EMAC,PJM_EMAC_landbasedwind_class1_moderate_1,10,1,271,8.105522999999999e6,0.0,0.0,3.3728165999999996e6,0.0,0.0,0.0,0.0,0.0,0.0,0.0,0.0,5.981129762795022e6,0.0,0.0,0.0,1.058063925614136e6,4.639878433483332e6,0.0,0.0,5.981129762795022e6,1.1478339599999998e7,-5.497209837204976e6
PJM_EMAC,PJM_EMAC_landbasedwind_class1_moderate_2,10,2,272,3.96716096e7,0.0,0.0,1.58885472e7,0.0,0.0,0.0,0.0,0.0,0.0,0.0,0.0,3.298633327381983e7,0.0,0.0,0.0,7.467113431847379e6,2.539799589925814e7,0.0,0.0,3.298633327381983e7,5.55601568e7,-2.2573823526180167e7
PJM_EMAC,PJM_EMAC_landbasedwind_class1_moderate_3,10,3,273,-0.0,0.0,0.0,0.0,0.0,0.0,0.0,0.0,0.0,0.0,0.0,0.0,0.0,0.0,0.0,0.0,0.0,0.0,0.0,0.0,0.0,0.0,0.0
PJM_EMAC,PJM_EMAC_landbasedwind_class1_moderate_4,10,4,274,2.40155488e7,0.0,0.0,9.1691616e6,0.0,0.0,0.0,0.0,0.0,0.0,0.0,0.0,1.764653350542898e7,0.0,0.0,0.0,4.938953993266705e6,1.3541541305236196e7,0.0,0.0,1.764653350542898e7,3.31847104e7,-1.5538176894571017e7
PJM_EMAC,PJM_EMAC_landbasedwind_class1_moderate_5,10,5,275,-0.0,0.0,0.0,0.0,0.0,0.0,0.0,0.0,0.0,0.0,0.0,0.0,0.0,0.0,0.0,0.0,0.0,0.0,0.0,0.0,0.0,0.0,0.0
PJM_EMAC,PJM_EMAC_landbasedwind_class1_moderate_6,10,6,276,2.8456560858741854e6,0.0,0.0,1.0265537836875309e6,0.0,0.0,0.0,0.0,0.0,0.0,0.0,0.0,1.922743092621544e6,0.0,0.0,0.0,494769.41472778365,1.4546973622089832e6,0.0,0.0,1.922743092621544e6,3.8722098695617164e6,-1.9494667769401725e6
PJM_EMAC,PJM_EMAC_utilitypv_class1_moderate_1,10,1,277,5.0833217932243496e8,0.0,0.0,1.3132495380951339e8,0.0,0.0,0.0,0.0,0.0,0.0,0.0,0.0,2.0981459143333358e8,0.0,0.0,0.0,1.5327330652857512e8,2.765692351700392e8,0.0,0.0,2.0981459143333358e8,6.396571331319484e8,-4.298425416986148e8
PJM_EMAC,PJM_EMAC_utilitypv_class1_moderate_2,10,2,278,-0.0,0.0,0.0,0.0,0.0,0.0,0.0,0.0,0.0,0.0,0.0,0.0,0.0,0.0,0.0,0.0,0.0,0.0,0.0,0.0,0.0,0.0,0.0
PJM_EMAC,PJM_EMAC_utilitypv_class1_moderate_3,10,3,279,-0.0,0.0,0.0,0.0,0.0,0.0,0.0,0.0,0.0,0.0,0.0,0.0,0.0,0.0,0.0,0.0,0.0,0.0,0.0,0.0,0.0,0.0,0.0
PJM_EMAC,PJM_EMAC_utilitypv_class1_moderate_4,10,4,280,-0.0,0.0,0.0,0.0,0.0,0.0,0.0,0.0,0.0,0.0,0.0,0.0,0.0,0.0,0.0,0.0,0.0,0.0,0.0,0.0,0.0,0.0,0.0
PJM_EMAC,PJM_EMAC_utilitypv_class1_moderate_5,10,5,281,-0.0,0.0,0.0,0.0,0.0,0.0,0.0,0.0,0.0,0.0,0.0,0.0,0.0,0.0,0.0,0.0,0.0,0.0,0.0,0.0,0.0,0.0,0.0
PJM_EMAC,PJM_EMAC_utilitypv_class1_moderate_6,10,6,282,-0.0,0.0,0.0,0.0,0.0,0.0,0.0,0.0,0.0,0.0,0.0,0.0,0.0,0.0,0.0,0.0,0.0,0.0,0.0,0.0,0.0,0.0,0.0
PJM_Rest,PJM_Rest_landbasedwind_class1_moderate_1,11,1,283,4.9776081809999996e8,0.0,0.0,2.564696742e8,0.0,0.0,0.0,0.0,0.0,0.0,0.0,0.0,3.5199661221077204e8,0.0,0.0,0.0,1.6403023494628865e8,2.9641801368903387e8,0.0,0.0,3.5199661221077204e8,7.542304923e8,-4.022338800892279e8
PJM_Rest,PJM_Rest_landbasedwind_class1_moderate_2,11,2,284,9.891368644e8,0.0,0.0,4.580906136e8,0.0,0.0,0.0,0.0,0.0,0.0,0.0,0.0,7.846021460788053e8,0.0,0.0,0.0,2.4257171962997022e8,6.65344117781893e8,0.0,0.0,7.846021460788053e8,1.447227478e9,-6.626253319211947e8
PJM_Rest,PJM_Rest_landbasedwind_class1_moderate_3,11,3,285,-0.0,0.0,0.0,0.0,0.0,0.0,0.0,0.0,0.0,0.0,0.0,0.0,0.0,0.0,0.0,0.0,0.0,0.0,0.0,0.0,0.0,0.0,0.0
PJM_Rest,PJM_Rest_landbasedwind_class1_moderate_4,11,4,286,-0.0,0.0,0.0,0.0,0.0,0.0,0.0,0.0,0.0,0.0,0.0,0.0,0.0,0.0,0.0,0.0,0.0,0.0,0.0,0.0,0.0,0.0,0.0
PJM_Rest,PJM_Rest_landbasedwind_class1_moderate_5,11,5,287,-0.0,0.0,0.0,0.0,0.0,0.0,0.0,0.0,0.0,0.0,0.0,0.0,0.0,0.0,0.0,0.0,0.0,0.0,0.0,0.0,0.0,0.0,0.0
PJM_Rest,PJM_Rest_landbasedwind_class1_moderate_6,11,6,288,-0.0,0.0,0.0,0.0,0.0,0.0,0.0,0.0,0.0,0.0,0.0,0.0,0.0,0.0,0.0,0.0,0.0,0.0,0.0,0.0,0.0,0.0,0.0
PJM_Rest,PJM_Rest_utilitypv_class1_moderate_1,11,1,289,-0.0,0.0,0.0,0.0,0.0,0.0,0.0,0.0,0.0,0.0,0.0,0.0,0.0,0.0,0.0,0.0,0.0,0.0,0.0,0.0,0.0,0.0,0.0
PJM_Rest,PJM_Rest_utilitypv_class1_moderate_2,11,2,290,2.279101484588846e9,0.0,0.0,6.202565335528965e8,0.0,0.0,0.0,0.0,0.0,0.0,0.0,0.0,8.833984540984164e8,0.0,0.0,0.0,6.91611228836465e8,1.3243483352068603e9,0.0,0.0,8.833984540984164e8,2.8993580181417427e9,-2.0159595640433264e9
PJM_Rest,PJM_Rest_utilitypv_class1_moderate_3,11,3,291,-0.0,0.0,0.0,0.0,0.0,0.0,0.0,0.0,0.0,0.0,0.0,0.0,0.0,0.0,0.0,0.0,0.0,0.0,0.0,0.0,0.0,0.0,0.0
PJM_Rest,PJM_Rest_utilitypv_class1_moderate_4,11,4,292,-0.0,0.0,0.0,0.0,0.0,0.0,0.0,0.0,0.0,0.0,0.0,0.0,0.0,0.0,0.0,0.0,0.0,0.0,0.0,0.0,0.0,0.0,0.0
PJM_Rest,PJM_Rest_utilitypv_class1_moderate_5,11,5,293,-0.0,0.0,0.0,0.0,0.0,0.0,0.0,0.0,0.0,0.0,0.0,0.0,0.0,0.0,0.0,0.0,0.0,0.0,0.0,0.0,0.0,0.0,0.0
PJM_Rest,PJM_Rest_utilitypv_class1_moderate_6,11,6,294,-0.0,0.0,0.0,0.0,0.0,0.0,0.0,0.0,0.0,0.0,0.0,0.0,0.0,0.0,0.0,0.0,0.0,0.0,0.0,0.0,0.0,0.0,0.0
NENG_Rest,NENG_Rest_hydroelectric_pumped_storage_1,1,1,295,0.0,0.0,0.0,9.735783e7,0.0,0.0,0.0,0.0,0.0,0.0,-4.6534809327008665e7,0.0,6.18351767726442e7,0.0,0.0,0.0,2.5398778604365796e8,0.0,0.0,0.0,6.18351767726442e7,5.0823020672991335e7,1.1012156099652864e7
NY_Z_A,NY_Z_A_hydroelectric_pumped_storage_1,2,1,296,0.0,0.0,0.0,1.276824e7,0.0,0.0,0.0,0.0,0.0,0.0,-1.0847870856271945e7,0.0,6.503501652315431e6,0.0,0.0,0.0,3.1061804403436363e7,0.0,0.0,0.0,6.503501652315431e6,1.920369143728055e6,4.583132508587376e6
NY_Z_F,NY_Z_F_hydroelectric_pumped_storage_1,6,1,297,0.0,0.0,0.0,6.20696067e7,0.0,0.0,0.0,0.0,0.0,0.0,-5.243162898174675e7,0.0,3.396732331498702e7,0.0,0.0,0.0,1.500129148936508e8,0.0,0.0,0.0,3.396732331498702e7,9.637977718253255e6,2.4329345596733764e7
PJM_EMAC,PJM_EMAC_hydroelectric_pumped_storage_1,10,1,298,0.0,0.0,0.0,7.926949e7,0.0,0.0,0.0,0.0,0.0,0.0,-8.484923268153537e6,0.0,4.579354756468037e7,0.0,0.0,0.0,1.9699242081884757e8,0.0,0.0,0.0,4.579354756468037e7,7.078456673184647e7,-2.49910191671661e7
PJM_Rest,PJM_Rest_hydroelectric_pumped_storage_1,11,1,299,0.0,0.0,0.0,1.96471293e8,0.0,0.0,0.0,0.0,0.0,0.0,-5.363931674467731e7,0.0,8.105778993849419e7,0.0,0.0,0.0,4.8824948166640323e8,0.0,0.0,0.0,8.105778993849419e7,1.428319762553227e8,-6.1774186316828504e7
NENG_Rest,NENG_Rest_battery_moderate_0,1,0,300,1.5307319247001072e7,6.846984700906095e7,0.0,4.592653861547327e6,2.0541380892265186e7,0.0,249045.24312477643,0.0,294240.5991549814,0.0,-4.407712094338669e6,0.0,2.8291732902512714e7,0.0,0.0,0.0,7.68321849243397e7,0.0,0.0,0.0,2.8291732902512714e7,1.0504677475781561e8,-7.67550418553029e7
NY_Z_A,NY_Z_A_battery_moderate_0,2,0,301,4.786663795611646e6,1.9528567319921464e7,0.0,1.4744033759481446e6,6.01503868621413e6,0.0,72786.61230880598,0.0,85995.52493951557,0.0,-5.2013032620156845e6,0.0,6.408305029619692e6,0.0,0.0,0.0,2.0360130554685935e7,0.0,0.0,0.0,6.408305029619692e6,2.6762152052928023e7,-2.035384702330833e7
NY_Z_B,NY_Z_B_battery_moderate_0,3,0,302,7.715551737751991e6,3.095649803390517e7,0.0,2.376568736637266e6,9.53498176354701e6,0.0,110752.8059649626,0.0,130851.6138527441,0.0,-1.009609477219751e7,0.0,9.05293803801117e6,0.0,0.0,0.0,3.168702663167208e7,0.0,0.0,0.0,9.05293803801117e6,4.072910991946164e7,-3.1676171881450467e7
NY_Z_C&E,NY_Z_C&E_battery_moderate_0,4,0,303,3.3600916272133395e7,1.2146851141702287e8,0.0,1.0349860884736313e7,3.7413794025990725e7,0.0,466433.2718416209,0.0,551079.0073743159,0.0,-3.555144629541529e7,0.0,3.698143582295679e7,0.0,0.0,0.0,1.3135371995898156e8,0.0,0.0,0.0,3.698143582295679e7,1.6829914858368394e8,-1.3131771276072714e8
NY_Z_D,NY_Z_D_battery_moderate_0,5,0,304,-0.0,-0.0,0.0,0.0,0.0,0.0,0.0,0.0,0.0,0.0,0.0,0.0,0.0,0.0,0.0,0.0,0.0,0.0,0.0,0.0,0.0,0.0,0.0
NY_Z_F,NY_Z_F_battery_moderate_0,6,0,305,1.2237945028201863e8,4.3799327101559955e8,0.0,3.769570672749327e7,1.3490730918968904e8,0.0,1.7540311338296141e6,0.0,2.0723430220104128e6,0.0,-1.1533482413007127e8,0.0,1.4339764823167637e8,0.0,0.0,0.0,4.78238808443542e8,0.0,0.0,0.0,1.4339764823167637e8,6.214672872405692e8,-4.780696390088929e8
NY_Z_G-I,NY_Z_G-I_battery_moderate_0,7,0,306,3.1708027735692177e7,1.2835485009345315e8,0.0,9.766807349415716e6,3.9534870952245615e7,0.0,464252.6006857831,0.0,548502.6000540918,0.0,-2.721493936418467e7,0.0,4.126996744495237e7,0.0,0.0,0.0,1.422834288583183e8,0.0,0.0,0.0,4.126996744495237e7,1.8316237196736187e8,-1.418924045224095e8
NY_Z_J,NY_Z_J_battery_moderate_0,8,0,307,-0.0,-0.0,0.0,0.0,0.0,0.0,0.0,0.0,0.0,0.0,0.0,0.0,0.0,0.0,0.0,0.0,0.0,0.0,0.0,0.0,0.0,0.0,0.0
NY_Z_K,NY_Z_K_battery_moderate_0,9,0,308,5.223493506245898e6,2.3365109208894823e7,0.0,1.5727177239192463e6,7.034232227585587e6,0.0,80041.86606438602,0.0,94567.42209875483,0.0,-2.4939314623227254e6,0.0,1.0133775549257418e7,0.0,0.0,0.0,2.474429306974009e7,0.0,0.0,0.0,1.0133775549257418e7,3.487623049248597e7,-2.474245494322855e7
PJM_EMAC,PJM_EMAC_battery_moderate_0,10,0,309,4.4525300600996144e7,1.1981651542661186e8,0.0,1.3675808990231123e7,3.6796636597006306e7,0.0,406865.210592213,0.0,480700.86317605514,0.0,1.7740770620590594e7,0.0,5.704403479494112e7,0.0,0.0,0.0,1.765093572544107e8,0.0,0.0,0.0,5.704403479494112e7,2.334425983092043e8,-1.7639856351426318e8
PJM_Rest,PJM_Rest_battery_moderate_0,11,0,310,1.5701199129801142e8,4.249397391402461e8,0.0,4.867954386505762e7,1.3173816196341413e8,0.0,1.0059771490992177e6,0.0,1.1885363292760137e6,0.0,-3.6861471188653946e7,0.0,1.0114263833155817e8,0.0,0.0,0.0,6.30792852067014e8,0.0,0.0,0.0,1.0114263833155817e8,7.277024785564504e8,-6.265598402248921e8
NY_Z_A,NY_Z_A_res_water_heat_1,2,1,311,0.0,0.0,0.0,0.0,0.0,0.0,0.0,0.0,0.0,0.0,217024.28932125497,0.0,401723.57650352624,0.0,0.0,0.0,0.0,0.0,0.0,0.0,401723.57650352624,217024.28932125497,184699.28718227128
NY_Z_B,NY_Z_B_res_water_heat_1,3,1,312,0.0,0.0,0.0,0.0,0.0,0.0,0.0,0.0,0.0,0.0,158593.99712608175,0.0,300531.021128787,0.0,0.0,0.0,0.0,0.0,0.0,0.0,300531.021128787,158593.99712608175,141937.02400270526
NY_Z_C&E,NY_Z_C&E_res_water_heat_1,4,1,313,0.0,0.0,0.0,0.0,0.0,0.0,0.0,0.0,0.0,0.0,312251.7844858889,0.0,586675.4408069577,0.0,0.0,0.0,0.0,0.0,0.0,0.0,586675.4408069577,312251.7844858889,274423.65632106876
NY_Z_D,NY_Z_D_res_water_heat_1,5,1,314,0.0,0.0,0.0,0.0,0.0,0.0,0.0,0.0,0.0,0.0,31836.832344493258,0.0,63411.93628352348,0.0,0.0,0.0,0.0,0.0,0.0,0.0,63411.93628352348,31836.832344493258,31575.10393903022
NY_Z_F,NY_Z_F_res_water_heat_1,6,1,315,0.0,0.0,0.0,0.0,0.0,0.0,0.0,0.0,0.0,0.0,194443.73128629752,0.0,363668.6118402528,0.0,0.0,0.0,0.0,0.0,0.0,0.0,363668.6118402528,194443.73128629752,169224.8805539553
NY_Z_G-I,NY_Z_G-I_res_water_heat_1,7,1,316,0.0,0.0,0.0,0.0,0.0,0.0,0.0,0.0,0.0,0.0,527581.0800780075,0.0,781901.2799949411,0.0,0.0,0.0,0.0,0.0,0.0,0.0,781901.2799949411,527581.0800780075,254320.19991693355
NY_Z_J,NY_Z_J_res_water_heat_1,8,1,317,0.0,0.0,0.0,0.0,0.0,0.0,0.0,0.0,0.0,0.0,2.1757313919488178e6,0.0,3.07258613417632e6,0.0,0.0,0.0,0.0,0.0,0.0,0.0,3.07258613417632e6,2.1757313919488178e6,896854.7422275022
NY_Z_K,NY_Z_K_res_water_heat_1,9,1,318,0.0,0.0,0.0,0.0,0.0,0.0,0.0,0.0,0.0,0.0,971846.1846570083,0.0,1.293475940016709e6,0.0,0.0,0.0,0.0,0.0,0.0,0.0,1.293475940016709e6,971846.1846570083,321629.75535970076
PJM_EMAC,PJM_EMAC_res_water_heat_1,10,1,319,0.0,0.0,0.0,0.0,0.0,0.0,0.0,0.0,0.0,0.0,1.612692861389791e7,0.0,1.761667999856398e7,0.0,0.0,0.0,0.0,0.0,0.0,0.0,1.761667999856398e7,1.612692861389791e7,1.4897513846660685e6
PJM_Rest,PJM_Rest_res_water_heat_1,11,1,320,0.0,0.0,0.0,0.0,0.0,0.0,0.0,0.0,0.0,0.0,6.472224337358551e7,0.0,7.28684012042685e7,0.0,0.0,0.0,0.0,0.0,0.0,0.0,7.28684012042685e7,6.472224337358551e7,8.146157830682993e6
NENG_Rest,NENG_Rest_res_water_heat_1,1,1,321,0.0,0.0,0.0,0.0,0.0,0.0,0.0,0.0,0.0,0.0,6.342734439743311e6,0.0,8.083338862923356e6,0.0,0.0,0.0,0.0,0.0,0.0,0.0,8.083338862923356e6,6.342734439743311e6,1.7406044231800446e6
NY_Z_A,NY_Z_A_trans_light_duty_1,2,1,322,0.0,0.0,0.0,0.0,0.0,0.0,0.0,0.0,0.0,0.0,620207.5834594485,0.0,976478.3545140483,0.0,0.0,0.0,0.0,0.0,0.0,0.0,976478.3545140483,620207.5834594485,356270.7710545998
NY_Z_B,NY_Z_B_trans_light_duty_1,3,1,323,0.0,0.0,0.0,0.0,0.0,0.0,0.0,0.0,0.0,0.0,463648.58887211484,0.0,734926.8006020093,0.0,0.0,0.0,0.0,0.0,0.0,0.0,734926.8006020093,463648.58887211484,271278.21172989445
NY_Z_C&E,NY_Z_C&E_trans_light_duty_1,4,1,324,0.0,0.0,0.0,0.0,0.0,0.0,0.0,0.0,0.0,0.0,853151.6010992085,0.0,1.3905330481494009e6,0.0,0.0,0.0,0.0,0.0,0.0,0.0,1.3905330481494009e6,853151.6010992085,537381.4470501924
NY_Z_D,NY_Z_D_trans_light_duty_1,5,1,325,0.0,0.0,0.0,0.0,0.0,0.0,0.0,0.0,0.0,0.0,100688.75876849047,0.0,162268.32586226682,0.0,0.0,0.0,0.0,0.0,0.0,0.0,162268.32586226682,100688.75876849047,61579.56709377635
NY_Z_F,NY_Z_F_trans_light_duty_1,6,1,326,0.0,0.0,0.0,0.0,0.0,0.0,0.0,0.0,0.0,0.0,456328.8677343739,0.0,788619.6102455364,0.0,0.0,0.0,0.0,0.0,0.0,0.0,788619.6102455364,456328.8677343739,332290.74251116253
NY_Z_G-I,NY_Z_G-I_trans_light_duty_1,7,1,327,0.0,0.0,0.0,0.0,0.0,0.0,0.0,0.0,0.0,0.0,1.8967706346624133e6,0.0,2.2091971314711915e6,0.0,0.0,0.0,0.0,0.0,0.0,0.0,2.2091971314711915e6,1.8967706346624133e6,312426.49680877826
NY_Z_J,NY_Z_J_trans_light_duty_1,8,1,328,0.0,0.0,0.0,0.0,0.0,0.0,0.0,0.0,0.0,0.0,8.302677745829734e6,0.0,9.377032703119677e6,0.0,0.0,0.0,0.0,0.0,0.0,0.0,9.377032703119677e6,8.302677745829734e6,1.0743549572899425e6
NY_Z_K,NY_Z_K_trans_light_duty_1,9,1,329,0.0,0.0,0.0,0.0,0.0,0.0,0.0,0.0,0.0,0.0,3.0173745396955735e6,0.0,4.1940803624549177e6,0.0,0.0,0.0,0.0,0.0,0.0,0.0,4.1940803624549177e6,3.0173745396955735e6,1.1767058227593442e6
PJM_EMAC,PJM_EMAC_trans_light_duty_1,10,1,330,0.0,0.0,0.0,0.0,0.0,0.0,0.0,0.0,0.0,0.0,4.389190103742606e7,0.0,4.66362992607229e7,0.0,0.0,0.0,0.0,0.0,0.0,0.0,4.66362992607229e7,4.389190103742606e7,2.744398223296836e6
PJM_Rest,PJM_Rest_trans_light_duty_1,11,1,331,0.0,0.0,0.0,0.0,0.0,0.0,0.0,0.0,0.0,0.0,1.2584257437459451e8,0.0,1.3348532360645208e8,0.0,0.0,0.0,0.0,0.0,0.0,0.0,1.3348532360645208e8,1.2584257437459451e8,7.642749231857568e6
NENG_Rest,NENG_Rest_trans_light_duty_1,1,1,332,0.0,0.0,0.0,0.0,0.0,0.0,0.0,0.0,0.0,0.0,2.069791408734132e7,0.0,2.36037197126855e7,0.0,0.0,0.0,0.0,0.0,0.0,0.0,2.36037197126855e7,2.069791408734132e7,2.9058056253441796e6
NENG_Rest,NENG_Rest_biomass_1,1,1,333,0.0,0.0,0.0,4.600925e6,0.0,0.0,3.353109e6,0.0,0.0,0.0,0.0,0.0,3.36207649470538e6,0.0,0.0,0.0,4.683672601291558e6,8.01536775958587e6,0.0,0.0,3.36207649470538e6,7.954034e6,-4.59195750529462e6
NENG_Rest,NENG_Rest_biomass_2,1,2,334,0.0,0.0,0.0,8.734215e6,0.0,0.0,2.672965079999997e6,0.0,0.0,0.0,0.0,0.0,6.382433739129225e6,0.0,0.0,0.0,8.891299790648563e6,1.5216058796066275e7,0.0,0.0,6.382433739129225e6,1.1407180079999996e7,-5.024746340870772e6
NENG_Rest,NENG_Rest_biomass_3,1,3,335,0.0,0.0,0.0,1.6367225e7,0.0,0.0,7.0619178e6,0.0,0.0,0.0,0.0,0.0,1.1960173759853555e7,0.0,0.0,0.0,1.6661589417709311e7,2.851368530869072e7,0.0,0.0,1.1960173759853555e7,2.34291428e7,-1.1468969040146446e7
NENG_Rest,NENG_Rest_small_hydroelectric_1,1,1,336,0.0,0.0,0.0,2.22699386e7,0.0,0.0,0.0,0.0,0.0,0.0,0.0,0.0,1.6074345902388243e7,0.0,0.0,0.0,1.449323786826264e7,4.643331354476512e7,0.0,0.0,1.6074345902388243e7,2.22699386e7,-6.1955926976117585e6
NY_Z_A,NY_Z_A_biomass_1,2,1,337,0.0,0.0,0.0,3.725995e6,0.0,0.0,1.1056609200000004e6,0.0,0.0,0.0,0.0,0.0,2.0197584812191098e6,0.0,0.0,0.0,3.6872936887229998e6,7.318977304010467e6,0.0,0.0,2.0197584812191098e6,4.83165592e6,-2.81189743878089e6
NY_Z_A,NY_Z_A_small_hydroelectric_1,2,1,338,0.0,0.0,0.0,53201.0,0.0,0.0,0.0,0.0,0.0,0.0,0.0,0.0,49043.73563778706,0.0,0.0,0.0,65537.01477259996,192058.5264686562,0.0,0.0,49043.73563778706,53201.0,-4157.26436221294
NY_Z_B,NY_Z_B_biomass_1,3,1,339,0.0,0.0,0.0,1.704605e6,0.0,0.0,562251.8400000002,0.0,0.0,0.0,0.0,0.0,932897.4573739044,0.0,0.0,0.0,1.6868995418044492e6,3.348358037867137e6,0.0,0.0,932897.4573739044,2.2668568400000003e6,-1.3339593826260958e6
NY_Z_B,NY_Z_B_small_hydroelectric_1,3,1,340,0.0,0.0,0.0,1.51888855e7,0.0,0.0,0.0,0.0,0.0,0.0,0.0,0.0,2.310576658619266e6,0.0,0.0,0.0,3.316577001122065e6,9.190291418268427e6,0.0,0.0,2.310576658619266e6,1.51888855e7,-1.2878308841380734e7
NY_Z_C&E,NY_Z_C&E_biomass_1,4,1,341,0.0,0.0,0.0,1.143443e7,0.0,0.0,4.60821552e6,0.0,0.0,0.0,0.0,0.0,6.168296551282858e6,0.0,0.0,0.0,1.1315662413166128e7,2.2460667192064498e7,0.0,0.0,6.168296551282858e6,1.604264552e7,-9.874348968717143e6
NY_Z_C&E,NY_Z_C&E_small_hydroelectric_1,4,1,342,0.0,0.0,0.0,1.4768597600000001e7,0.0,0.0,0.0,0.0,0.0,0.0,0.0,0.0,8.41442995390253e6,0.0,0.0,0.0,1.1999183920848971e7,3.295064563595277e7,0.0,0.0,8.41442995390253e6,1.4768597600000001e7,-6.354167646097472e6
NY_Z_D,NY_Z_D_small_hydroelectric_1,5,1,343,0.0,0.0,0.0,1.6066702e6,0.0,0.0,0.0,0.0,0.0,0.0,0.0,0.0,1.7564752669417977e6,0.0,0.0,0.0,3.0049190394392936e6,7.171935036191762e6,0.0,0.0,1.7564752669417977e6,1.6066702e6,149805.06694179773
NY_Z_F,NY_Z_F_small_hydroelectric_1,6,1,344,0.0,0.0,0.0,5.9478718e6,0.0,0.0,0.0,0.0,0.0,0.0,0.0,0.0,3.7470731774990316e6,0.0,0.0,0.0,4.818477213998563e6,1.4589109431529172e7,0.0,0.0,3.7470731774990316e6,5.9478718e6,-2.200798622500968e6
NY_Z_G-I,NY_Z_G-I_small_hydroelectric_1,7,1,345,0.0,0.0,0.0,1.702432e6,0.0,0.0,0.0,0.0,0.0,0.0,0.0,0.0,856773.7645422674,0.0,0.0,0.0,1.0386113174640725e6,2.8516625497024e6,0.0,0.0,856773.7645422674,1.702432e6,-845658.2354577326
PJM_EMAC,PJM_EMAC_biomass_1,10,1,346,0.0,0.0,0.0,2.341192e7,0.0,0.0,9.77517887999998e6,0.0,0.0,0.0,0.0,0.0,2.801679662909359e7,0.0,0.0,0.0,2.012269910197189e7,2.4305328760587003e7,0.0,0.0,2.801679662909359e7,3.318709887999998e7,-5.170302250906389e6
PJM_EMAC,PJM_EMAC_small_hydroelectric_1,10,1,347,0.0,0.0,0.0,271325.1,0.0,0.0,0.0,0.0,0.0,0.0,0.0,0.0,426207.1030526898,0.0,0.0,0.0,153836.2132667983,374649.39574918034,0.0,0.0,426207.1030526898,271325.1,154882.00305268983
PJM_Rest,PJM_Rest_biomass_1,11,1,348,0.0,0.0,0.0,2.024407e7,0.0,0.0,6.124834320000004e6,0.0,0.0,0.0,0.0,0.0,2.2784398082860272e7,0.0,0.0,0.0,1.739991120801951e7,2.1016592265920002e7,0.0,0.0,2.2784398082860272e7,2.6368904320000004e7,-3.5845062371397316e6
PJM_Rest,PJM_Rest_biomass_2,11,2,349,0.0,0.0,0.0,1.1690875e7,0.0,0.0,5.960742e6,0.0,0.0,0.0,0.0,0.0,1.3157905003142096e7,0.0,0.0,0.0,1.004838389434808e7,1.2137003730318923e7,0.0,0.0,1.3157905003142096e7,1.7651617e7,-4.493711996857904e6
PJM_Rest,PJM_Rest_small_hydroelectric_1,11,1,350,0.0,0.0,0.0,1.60401015e7,0.0,0.0,0.0,0.0,0.0,0.0,0.0,0.0,1.2259394701772938e7,0.0,0.0,0.0,6.198882824221538e6,1.1703099972408934e7,0.0,0.0,1.2259394701772938e7,1.60401015e7,-3.7807067982270624e6
NENG_Rest,NENG_Rest_distributed_generation_1,1,1,351,0.0,0.0,0.0,0.0,0.0,0.0,0.0,0.0,0.0,0.0,0.0,0.0,2.167340157013132e-8,0.0,0.0,0.0,0.0,0.0,0.0,0.0,2.167340157013132e-8,0.0,2.167340157013132e-8
NY_Z_A,NY_Z_A_distributed_generation_1,2,1,352,0.0,0.0,0.0,0.0,0.0,0.0,0.0,0.0,0.0,0.0,0.0,0.0,0.0,0.0,0.0,0.0,0.0,0.0,0.0,0.0,0.0,0.0,0.0
NY_Z_B,NY_Z_B_distributed_generation_1,3,1,353,0.0,0.0,0.0,0.0,0.0,0.0,0.0,0.0,0.0,0.0,0.0,0.0,0.0,0.0,0.0,0.0,0.0,0.0,0.0,0.0,0.0,0.0,0.0
NY_Z_C&E,NY_Z_C&E_distributed_generation_1,4,1,354,0.0,0.0,0.0,0.0,0.0,0.0,0.0,0.0,0.0,0.0,0.0,0.0,0.0,0.0,0.0,0.0,0.0,0.0,0.0,0.0,0.0,0.0,0.0
NY_Z_D,NY_Z_D_distributed_generation_1,5,1,355,0.0,0.0,0.0,0.0,0.0,0.0,0.0,0.0,0.0,0.0,0.0,0.0,0.0,0.0,0.0,0.0,0.0,0.0,0.0,0.0,0.0,0.0,0.0
NY_Z_F,NY_Z_F_distributed_generation_1,6,1,356,0.0,0.0,0.0,0.0,0.0,0.0,0.0,0.0,0.0,0.0,0.0,0.0,0.0,0.0,0.0,0.0,0.0,0.0,0.0,0.0,0.0,0.0,0.0
NY_Z_G-I,NY_Z_G-I_distributed_generation_1,7,1,357,0.0,0.0,0.0,0.0,0.0,0.0,0.0,0.0,0.0,0.0,0.0,0.0,0.0,0.0,0.0,0.0,0.0,0.0,0.0,0.0,0.0,0.0,0.0
NY_Z_J,NY_Z_J_distributed_generation_1,8,1,358,0.0,0.0,0.0,0.0,0.0,0.0,-0.0,0.0,0.0,0.0,0.0,0.0,1.3351504247044756e-10,0.0,0.0,0.0,0.0,-0.0,0.0,0.0,1.3351504247044756e-10,0.0,1.3351504247044756e-10
NY_Z_K,NY_Z_K_distributed_generation_1,9,1,359,0.0,0.0,0.0,0.0,0.0,0.0,0.0,0.0,0.0,0.0,0.0,0.0,0.0,0.0,0.0,0.0,0.0,0.0,0.0,0.0,0.0,0.0,0.0
PJM_EMAC,PJM_EMAC_distributed_generation_1,10,1,360,0.0,0.0,0.0,0.0,0.0,0.0,0.0,0.0,0.0,0.0,0.0,0.0,9.194542192108975e7,0.0,0.0,0.0,0.0,0.0,0.0,0.0,9.194542192108975e7,0.0,9.194542192108975e7
PJM_Rest,PJM_Rest_distributed_generation_1,11,1,361,0.0,0.0,0.0,0.0,0.0,0.0,0.0,0.0,0.0,0.0,0.0,0.0,2.456138151906597e8,0.0,0.0,0.0,0.0,0.0,0.0,0.0,2.456138151906597e8,0.0,2.456138151906597e8
