Resource,Fuel,Zone,AnnualSumCosts
NENG_Rest_conventional_steam_coal_1,new_england_coal,1,0.0
NENG_Rest_natural_gas_fired_combined_cycle_1,new_england_naturalgas,1,2.267944690945093e8
NENG_Rest_natural_gas_fired_combined_cycle_2,new_england_naturalgas,1,1.1975167628628078e9
NENG_Rest_natural_gas_fired_combustion_turbine_1,new_england_naturalgas,1,7.845931041204476e7
NENG_Rest_natural_gas_fired_combustion_turbine_2,new_england_naturalgas,1,1.1108099105550295e-8
NENG_Rest_nuclear_1,new_england_uranium,1,0.0
NY_Z_A_natural_gas_fired_combined_cycle_1,middle_atlantic_naturalgas,2,0.0
NY_Z_A_natural_gas_fired_combustion_turbine_1,middle_atlantic_naturalgas,2,2.692504286279992e6
NY_Z_A_natural_gas_steam_turbine_1,middle_atlantic_naturalgas,2,3.054449350764002e6
NY_Z_B_natural_gas_fired_combined_cycle_1,middle_atlantic_naturalgas,3,0.0
NY_Z_B_natural_gas_fired_combustion_turbine_1,middle_atlantic_naturalgas,3,0.0
NY_Z_B_natural_gas_steam_turbine_1,middle_atlantic_naturalgas,3,0.0
NY_Z_B_nuclear_1,middle_atlantic_uranium,3,2.9383323829237618e7
NY_Z_C&E_natural_gas_fired_combined_cycle_1,middle_atlantic_naturalgas,4,1.8570132100724405e8
NY_Z_C&E_natural_gas_steam_turbine_1,middle_atlantic_naturalgas,4,0.0
NY_Z_C&E_nuclear_1,middle_atlantic_uranium,4,1.4455178443713862e8
NY_Z_D_natural_gas_fired_combined_cycle_1,middle_atlantic_naturalgas,5,2.487612786624009e7
NY_Z_D_natural_gas_fired_combined_cycle_2,middle_atlantic_naturalgas,5,-3.1411541523983616e-11
NY_Z_F_natural_gas_fired_combined_cycle_1,middle_atlantic_naturalgas,6,4.410497499824675e8
NY_Z_F_natural_gas_fired_combined_cycle_2,middle_atlantic_naturalgas,6,1.6005310564168167e-8
NY_Z_F_natural_gas_fired_combustion_turbine_1,middle_atlantic_naturalgas,6,0.0
NY_Z_G-I_natural_gas_fired_combined_cycle_1,middle_atlantic_naturalgas,7,9.516622687634435e7
NY_Z_G-I_natural_gas_fired_combined_cycle_2,middle_atlantic_naturalgas,7,0.0
NY_Z_G-I_natural_gas_fired_combustion_turbine_1,middle_atlantic_naturalgas,7,6.950369188677597e6
NY_Z_G-I_natural_gas_fired_combustion_turbine_2,middle_atlantic_naturalgas,7,745676.6040000024
NY_Z_J_natural_gas_fired_combined_cycle_1,middle_atlantic_naturalgas,8,2.1761949620997988e7
NY_Z_J_natural_gas_fired_combined_cycle_2,middle_atlantic_naturalgas,8,3.1070611978763103e8
NY_Z_J_natural_gas_fired_combustion_turbine_1,middle_atlantic_naturalgas,8,-2.355912919511881e-8
NY_Z_J_natural_gas_fired_combustion_turbine_2,middle_atlantic_naturalgas,8,2.1871198000818026e8
NY_Z_K_natural_gas_fired_combined_cycle_1,middle_atlantic_naturalgas,9,3.1810596147233967e7
NY_Z_K_natural_gas_fired_combined_cycle_2,middle_atlantic_naturalgas,9,5.7232054289049834e7
NY_Z_K_natural_gas_fired_combustion_turbine_1,middle_atlantic_naturalgas,9,-1.5471070415985513e-8
NY_Z_K_natural_gas_fired_combustion_turbine_2,middle_atlantic_naturalgas,9,-2.2359226693488828e-8
PJM_EMAC_conventional_steam_coal_1,middle_atlantic_coal,10,0.0
PJM_EMAC_natural_gas_fired_combined_cycle_1,middle_atlantic_naturalgas,10,3.477499456476136e8
PJM_EMAC_natural_gas_fired_combined_cycle_2,middle_atlantic_naturalgas,10,1.431098549932611e9
PJM_EMAC_natural_gas_fired_combined_cycle_3,middle_atlantic_naturalgas,10,1.466311649458736e-8
PJM_EMAC_natural_gas_fired_combustion_turbine_1,middle_atlantic_naturalgas,10,0.0
PJM_EMAC_natural_gas_fired_combustion_turbine_2,middle_atlantic_naturalgas,10,-1.1727287039503888e-7
PJM_EMAC_natural_gas_steam_turbine_1,middle_atlantic_naturalgas,10,1.0838804727920355e8
PJM_EMAC_nuclear_1,middle_atlantic_uranium,10,2.355297612798589e8
PJM_EMAC_nuclear_2,middle_atlantic_uranium,10,0.0
PJM_Rest_conventional_steam_coal_1,east_north_central_coal,11,4.196132846243331e9
PJM_Rest_natural_gas_fired_combined_cycle_1,east_north_central_naturalgas,11,3.1403922304815394e8
PJM_Rest_natural_gas_fired_combined_cycle_2,east_north_central_naturalgas,11,2.2003300996904387e9
PJM_Rest_natural_gas_fired_combustion_turbine_1,east_north_central_naturalgas,11,5.9604612270028695e7
PJM_Rest_natural_gas_fired_combustion_turbine_2,east_north_central_naturalgas,11,2.5320051871792485e-8
PJM_Rest_natural_gas_fired_combustion_turbine_3,east_north_central_naturalgas,11,0.0
PJM_Rest_natural_gas_fired_combustion_turbine_4,east_north_central_naturalgas,11,-6.366191112874732e-11
PJM_Rest_nuclear_1,east_north_central_uranium,11,2.0399252354188937e8
NENG_Rest_naturalgas_ccavgcf_moderate_0,new_england_naturalgas,1,0.0
NENG_Rest_naturalgas_ctavgcf_moderate_0,new_england_naturalgas,1,0.0
NENG_Rest_nuclear_nuclear_moderate_0,new_england_uranium,1,0.0
NENG_Rest_naturalgas_ccs100_moderate_0,new_england_naturalgas_ccs100,1,0.0
NY_Z_A_naturalgas_ccavgcf_moderate_0,middle_atlantic_naturalgas,2,0.0
NY_Z_A_naturalgas_ctavgcf_moderate_0,middle_atlantic_naturalgas,2,0.0
NY_Z_A_nuclear_nuclear_moderate_0,middle_atlantic_uranium,2,0.0
NY_Z_A_naturalgas_ccs100_moderate_0,middle_atlantic_naturalgas_ccs100,2,0.0
NY_Z_B_naturalgas_ccavgcf_moderate_0,middle_atlantic_naturalgas,3,0.0
NY_Z_B_naturalgas_ctavgcf_moderate_0,middle_atlantic_naturalgas,3,0.0
NY_Z_B_nuclear_nuclear_moderate_0,middle_atlantic_uranium,3,0.0
NY_Z_B_naturalgas_ccs100_moderate_0,middle_atlantic_naturalgas_ccs100,3,0.0
NY_Z_C&E_naturalgas_ccavgcf_moderate_0,middle_atlantic_naturalgas,4,0.0
NY_Z_C&E_naturalgas_ctavgcf_moderate_0,middle_atlantic_naturalgas,4,0.0
NY_Z_C&E_nuclear_nuclear_moderate_0,middle_atlantic_uranium,4,0.0
NY_Z_C&E_naturalgas_ccs100_moderate_0,middle_atlantic_naturalgas_ccs100,4,0.0
NY_Z_D_naturalgas_ccavgcf_moderate_0,middle_atlantic_naturalgas,5,0.0
NY_Z_D_naturalgas_ctavgcf_moderate_0,middle_atlantic_naturalgas,5,0.0
NY_Z_D_nuclear_nuclear_moderate_0,middle_atlantic_uranium,5,0.0
NY_Z_D_naturalgas_ccs100_moderate_0,middle_atlantic_naturalgas_ccs100,5,0.0
NY_Z_F_naturalgas_ccavgcf_moderate_0,middle_atlantic_naturalgas,6,0.0
NY_Z_F_naturalgas_ctavgcf_moderate_0,middle_atlantic_naturalgas,6,0.0
NY_Z_F_nuclear_nuclear_moderate_0,middle_atlantic_uranium,6,0.0
NY_Z_F_naturalgas_ccs100_moderate_0,middle_atlantic_naturalgas_ccs100,6,0.0
NY_Z_G-I_naturalgas_ccavgcf_moderate_0,middle_atlantic_naturalgas,7,0.0
NY_Z_G-I_naturalgas_ctavgcf_moderate_0,middle_atlantic_naturalgas,7,0.0
NY_Z_G-I_nuclear_nuclear_moderate_0,middle_atlantic_uranium,7,1.9698075165960047e7
NY_Z_G-I_naturalgas_ccs100_moderate_0,middle_atlantic_naturalgas_ccs100,7,0.0
NY_Z_J_naturalgas_ccavgcf_moderate_0,middle_atlantic_naturalgas,8,0.0
NY_Z_J_naturalgas_ctavgcf_moderate_0,middle_atlantic_naturalgas,8,0.0
NY_Z_J_nuclear_nuclear_moderate_0,middle_atlantic_uranium,8,0.0
NY_Z_J_naturalgas_ccs100_moderate_0,middle_atlantic_naturalgas_ccs100,8,0.0
NY_Z_K_naturalgas_ccavgcf_moderate_0,middle_atlantic_naturalgas,9,0.0
NY_Z_K_naturalgas_ctavgcf_moderate_0,middle_atlantic_naturalgas,9,0.0
NY_Z_K_nuclear_nuclear_moderate_0,middle_atlantic_uranium,9,0.0
NY_Z_K_naturalgas_ccs100_moderate_0,middle_atlantic_naturalgas_ccs100,9,0.0
PJM_EMAC_naturalgas_ccavgcf_moderate_0,middle_atlantic_naturalgas,10,4.146716551263645e8
PJM_EMAC_naturalgas_ctavgcf_moderate_0,middle_atlantic_naturalgas,10,0.0
PJM_EMAC_nuclear_nuclear_moderate_0,middle_atlantic_uranium,10,0.0
PJM_EMAC_naturalgas_ccs100_moderate_0,middle_atlantic_naturalgas_ccs100,10,0.0
PJM_Rest_naturalgas_ccccsavgcf_moderate_0,east_north_central_naturalgas_ccs90,11,0.0
PJM_Rest_naturalgas_ccavgcf_moderate_0,east_north_central_naturalgas,11,1.993381016925562e9
PJM_Rest_naturalgas_ctavgcf_moderate_0,east_north_central_naturalgas,11,0.0
PJM_Rest_nuclear_nuclear_moderate_0,east_north_central_uranium,11,0.0
PJM_Rest_naturalgas_ccs100_moderate_0,east_north_central_naturalgas_ccs100,11,0.0
