Line,1,2,3,4,5,6,7,8,9,10,11,12,13,14,15,16,17,Total
AnnualSum,0.0,169516.13213714072,166056.962956255,108820.4085671832,62062.285559391916,194089.94653044574,70533.01589136,168071.86111510918,265137.680630823,420420.71364154294,431916.9434125795,410698.14857784775,274046.5025959785,147621.64228018423,9163.870529213806,143485.97190644112,156344.1734051775,3.1979862597366744e6
t1,-0.0,28.16,30.12,19.759999999999998,10.422,25.4,12.35,26.212128861335778,49.41896361111347,54.18,56.323,64.35531416521096,41.12053379132443,20.898,1.68,19.404,19.62,479.4239404289846
t2,-0.0,28.16,30.12,19.759999999999998,10.422,25.4,12.35,26.212128861335778,49.41896361111347,54.18,56.323,64.35531416521096,41.12053379132443,20.898,1.68,19.404,19.62,479.4239404289846
t3,-0.0,28.16,30.12,19.759999999999998,10.422,25.4,12.35,26.212128861335778,49.41896361111347,54.18,56.323,64.35531416521096,41.12053379132443,20.898,1.68,19.404,19.62,479.4239404289846
t4,-0.0,28.16,30.12,19.759999999999998,10.422,25.4,12.35,26.212128861335778,49.418963611113476,54.18,56.323,64.35531416521096,41.12053379132443,20.898,1.68,19.404,19.62,479.4239404289846
t5,-0.0,28.16,30.12,19.759999999999998,10.422,25.4,12.35,26.212128861335778,49.418963611113476,54.18,56.323,64.35531416521096,41.12053379132443,20.898,1.68,19.404,19.62,479.4239404289846
t6,-0.0,28.16,30.12,19.759999999999998,10.422,25.4,12.35,26.212128861335778,49.418963611113476,54.18,56.323,64.35531416521096,41.12053379132443,20.898,1.68,19.404,19.62,479.4239404289846
t7,-0.0,28.16,30.12,19.759999999999998,10.422,25.4,12.35,26.212128861335778,49.41896361111348,54.18,56.323,64.35531416521096,41.12053379132443,20.898,1.68,19.404,19.62,479.4239404289846
t8,-0.0,28.16,30.12,19.759999999999998,10.422,25.4,12.35,26.212128861335778,49.418963611113476,54.18,56.323,64.35531416521096,41.12053379132443,20.898,1.68,19.404,19.62,479.4239404289846
t9,-0.0,28.16,30.12,19.759999999999998,10.422,25.4,12.35,26.212128861335778,49.418963611113476,54.18,56.323,64.35531416521096,41.12053379132443,20.898,1.68,19.404,19.62,479.4239404289846
t10,-0.0,28.16,30.12,19.759999999999998,10.422,25.4,12.35,26.212128861335778,49.418963611113476,54.18,56.323,64.35531416521096,41.12053379132443,20.898,1.68,19.404,19.62,479.4239404289846
t11,-0.0,28.16,30.12,19.759999999999998,10.422,25.4,12.35,26.212128861335778,49.418963611113476,54.18,56.323,64.35531416521096,41.12053379132443,20.898,1.68,19.404,19.62,479.4239404289846
t12,-0.0,28.16,30.12,19.759999999999998,10.422,25.4,12.35,26.212128861335778,49.418963611113476,54.18,56.323,64.35531416521096,41.12053379132443,20.898,1.68,19.404,19.62,479.4239404289846
t13,-0.0,28.16,30.12,19.75999999999999,10.422,25.4,12.35,26.212128861335778,49.418963611113476,54.18,56.323,64.35531416521096,41.12053379132443,20.898,1.68,19.404,19.62,479.4239404289846
t14,-0.0,28.16,30.12,19.759999999999998,10.422,25.4,12.35,26.212128861335778,49.418963611113476,54.18,56.323,64.35531416521096,41.12053379132443,20.898,1.68,19.404,19.62,479.4239404289846
t15,-0.0,28.16,30.12,19.759999999999998,10.422,25.4,12.35,26.212128861335774,49.418963611113476,54.18,56.323,64.35531416521096,41.12053379132443,20.898,1.68,19.404,19.62,479.4239404289846
t16,-0.0,28.16,30.12,19.759999999999998,10.422,25.4,12.35,26.212128861335774,49.418963611113476,54.18,56.323,64.35531416521096,41.12053379132443,20.898,1.68,19.404,19.62,479.4239404289846
t17,-0.0,28.16,30.12,19.759999999999998,10.422,25.4,12.35,26.212128861335778,49.418963611113476,54.18,56.323,64.35531416521096,41.12053379132443,20.898,1.68,19.404,19.62,479.4239404289846
t18,-0.0,28.16,30.12,19.759999999999998,10.422,25.4,12.35,26.212128861335778,49.418963611113476,54.18,56.323,64.35531416521096,41.12053379132443,20.898,1.68,19.404,19.31296519403129,479.1169056230159
t19,-0.0,28.16,30.12,19.759999999999998,10.422,25.4,12.35,26.212128861335778,49.418963611113476,54.18,56.323,64.35531416521096,41.12053379132443,20.898,1.68,19.404,19.62,479.4239404289846
t20,-0.0,28.16,30.12,19.759999999999998,10.422,25.4,12.35,26.212128861335778,49.418963611113476,54.18,56.323,64.35531416521096,41.12053379132443,20.898,1.68,19.404,19.62,479.4239404289846
t21,-0.0,28.16,30.12,19.759999999999998,10.422,25.4,12.35,26.212128861335778,49.418963611113476,54.18,56.323,64.35531416521096,41.12053379132443,20.898,1.68,19.404,19.62,479.4239404289846
t22,-0.0,28.16,30.12,19.759999999999998,10.422,25.4,12.35,26.212128861335778,49.418963611113476,54.18,56.323,64.35531416521096,41.12053379132443,20.898,1.68,19.404,19.62,479.4239404289846
t23,-0.0,28.16,30.12,19.759999999999998,10.422,25.4,12.35,26.212128861335778,49.418963611113476,54.18,56.323,64.35531416521096,41.12053379132443,20.898,1.68,19.404,19.62,479.4239404289846
t24,-0.0,28.16,30.12,19.759999999999998,10.422,25.4,12.35,26.212128861335778,49.41896361111347,54.18,56.323,64.35531416521096,41.12053379132444,20.898,1.68,19.404,19.62,479.4239404289846
t25,0.0,20.32519670887409,30.12,19.759999999999998,1.1328527199579261,25.4,9.041601653825815,26.212128861335778,-0.0,4.247869489029606,56.323,32.62409336882962,8.05334047980272,10.880014898493705,-0.0,6.724671459303143,19.62,270.4647696394524
t26,0.0,28.16,30.12,19.759999999999998,0.6550365657724695,25.4,7.432966718353637,25.53053787134687,-0.0,-0.0,56.323,37.52701441038004,7.601778062855641,9.529148892731468,-0.0,6.5512407427600685,19.62,274.21072326420017
t27,0.0,28.16,30.12,19.759999999999998,1.4560999951641458,25.4,8.582525540145063,19.843649711390427,1.982187222455649,-0.0,56.323,34.54382264132006,0.2794021295279512,16.55055347395105,-0.0,19.404,19.62,282.02524071395436
t28,0.0,28.16,30.12,19.759999999999998,0.27881902711466466,25.4,6.366336474059138,14.284886696308137,6.01601653296334,-0.0,56.323,30.398081318307604,-0.0,14.567141078409552,0.713577731877459,19.404,19.62,271.41185885903985
t29,0.0,-0.0,21.26859778516424,19.759999999999998,0.8863440262499324,25.4,4.226243003328433,11.088811564183802,-0.0,16.56851477817816,56.323,18.27035941383995,10.063774027864506,10.115636533053696,-0.0,9.458517306017573,19.62,223.04979843788027
t30,0.0,-0.0,-0.0,14.382236344875967,1.1683869512458582,25.4,3.8144193754295457,10.945801099367037,-0.0,25.791187430627367,30.49706530829666,17.737972203360744,9.686710977065825,9.097411632926493,-0.0,4.299428177689287,-0.0,152.82061950088476
t31,0.0,4.5808416997589365,-0.0,-0.0,7.479512616975455,-0.0,6.89789197777947,11.974484587851178,5.543118097932963,54.18,-0.0,20.316502238426406,18.027463288620194,20.898,1.1593970933906592,19.404,19.62,190.08121160073526
t32,0.0,28.16,-0.0,3.3530387058047895,8.248492965326784,-0.0,7.3713860456152664,10.819968680667504,27.104648272159128,54.18,1.1472542514848938,26.758452723627535,27.517728247048048,20.898,1.68,19.404,19.62,256.2629698917339
t33,0.0,28.16,-0.0,7.3026851431548465,6.61231900626048,-0.0,3.663524347963361,13.857288115590796,34.1225881581371,54.18,-0.0,38.63971963742296,34.06196253436871,20.898,1.68,19.404,19.62,282.2020869428983
t34,0.0,28.16,24.346331651197946,8.342790810379002,10.422,4.170495252682462,9.9821630110691,9.572263468131709,32.62224984269432,54.18,-0.0,42.869621547074985,31.70444905382104,20.898,1.68,19.404,19.62,317.97436463705066
t35,0.0,28.16,30.12,3.4442853579292767,7.261351915459487,25.4,4.3115832096146764,8.815871596965076,37.04206541462824,54.18,32.177300287411256,49.1913548313441,25.833464914541157,20.898,1.68,11.779333785586013,14.08905050314947,354.3836618166287
t36,0.0,28.16,30.12,1.6853048954213654,8.386037006924324,25.4,6.187205875727277,6.301525183153122,34.627740320855274,54.18,56.323,49.68031334457772,26.917798996485924,20.898,1.68,12.719239043916472,19.62,382.8861646670615
t37,0.0,28.16,9.64304781673262,-0.0,7.060420116771649,25.4,3.5814592334205453,5.971529691021399,30.074951098504005,54.18,17.911855486093717,45.02447268785194,22.408376896075914,20.898,-0.0,6.525890577519941,-0.0,276.8400036039917
t38,0.0,28.16,-0.0,-0.0,10.37884376952102,-0.0,9.382573515742594,4.288037968443184,23.6042481404519,54.18,-0.0,36.86997318500065,19.66227803499217,20.898,0.9325647047865392,11.09797719910614,19.62,239.07449651804419
t39,0.0,23.75384933201638,-0.0,-0.0,10.422,-0.0,9.688445211429329,4.934568629654978,26.959886870804215,54.18,27.724315593090907,39.63069595870376,20.939213977039657,20.898,-0.0,7.85914003129977,19.62,266.610115604039
t40,0.0,25.70640119429944,-0.0,-0.0,10.422,-0.0,9.687089351762744,12.590194720368329,35.18802670544701,54.18,52.00857565893026,46.844321507397304,27.01391948769184,20.898,1.68,12.004347041930634,19.62,327.84287566782757
t41,0.0,27.822187996793968,-0.0,13.351332591261668,10.422,5.054276464638761,9.61000911681548,17.182353387903028,41.34574734058503,54.18,14.301022547987467,47.92677624548473,30.686204820742383,20.898,1.68,19.404,19.62,333.4839105122125
t42,0.0,8.879790146750608,-0.0,14.24088622054731,9.947460318621166,11.840278057091195,8.754582681704756,13.018535915093786,26.124312321211633,54.18,56.323,38.54015625399437,32.12735281420931,20.898,1.68,19.404,19.62,335.57835472922415
t43,0.0,4.559030825105189,-0.0,17.91461179938003,8.152307654775486,-0.0,5.108613939004775,11.55158680052598,32.25150709133454,54.18,7.395480127035973,48.590585396635774,37.22590441616272,20.898,1.68,19.404,19.62,288.5316280499605
t44,0.0,28.16,-0.0,18.69865356131807,5.385485198745154,-0.0,0.1716646976258251,17.032663575195052,40.42072088705159,54.18,42.24703000365461,41.62600608250244,32.99557572019245,20.898,1.68,19.404,19.62,342.5197997262852
t45,0.0,1.58712928391288,-0.0,-0.0,6.67032522636935,-0.0,2.543409778351216,13.098330406308897,2.0339856286166857,54.18,56.323,17.848548415908493,11.380111013652314,20.898,0.47232723862845233,5.953891500851051,19.62,212.60905849259933
t46,0.0,-0.0,-0.0,13.537727731649081,5.026355851045082,-0.0,-0.0,12.99880086421329,-0.0,35.55676672691489,-0.0,16.978298275913843,5.8984626736384405,13.922503659286072,-0.0,0.2023283106727361,19.62,123.74124409333344
t47,0.0,-0.0,-0.0,5.976947321490512,-0.0,20.519606266029157,8.699498357774727,13.4974372491909,-0.0,23.33169846782261,4.304945676200748,17.502985389504687,1.9252198275351804,11.74747561713965,-0.0,6.849467255059823,-0.0,114.35528142774801
t48,0.0,2.620069740614537,30.12,19.759999999999998,0.8448242975245,25.4,9.696672026404089,12.32656118856451,-0.0,3.646897275386917,56.323,19.00623001433093,-0.0,13.391894966358915,0.6068037497969592,7.5186682987600415,19.62,220.8816215577414
t49,-0.0,28.16,30.12,19.759999999999998,10.422,25.4,12.35,26.212128861335778,49.41896361111347,54.18,56.323,64.35531416521096,41.12053379132443,20.898,1.68,19.404,19.62,479.4239404289846
t50,-0.0,28.16,30.12,19.759999999999998,10.422,25.4,12.35,26.212128861335778,49.418963611113476,54.18,56.323,64.35531416521097,41.12053379132443,20.89800000000014,1.68,19.404,19.62,479.42394042898474
t51,-0.0,28.16,30.12,19.759999999999998,10.422,25.4,12.35,26.212128861335778,49.41896361111347,54.18,56.323,64.35531416521096,41.12053379132443,20.898,1.68,19.404,19.62,479.4239404289846
t52,-0.0,28.16,30.12,19.759999999999998,10.422,25.4,12.35,26.212128861335774,49.41896361111347,54.18,56.323,64.35531416521096,41.12053379132443,20.898,1.68,19.404,19.62,479.4239404289846
t53,-0.0,28.16,30.12,19.759999999999998,10.422,25.4,12.35,26.212128861335778,49.41896361111347,54.18,56.323,64.35531416521096,41.12053379132443,20.898,1.68,19.404,19.62,479.4239404289846
t54,-0.0,28.16,30.12,19.759999999999998,10.422,25.4,12.35,26.212128861335778,49.41896361111347,54.18,56.323,64.35531416521096,41.12053379132443,20.898,1.68,19.404,19.62,479.4239404289846
t55,-0.0,28.16,30.12,19.759999999999998,10.422,25.4,12.35,26.212128861335778,49.41896361111347,54.18,56.323,64.35531416521096,41.12053379132443,20.898,1.68,19.404,19.62,479.4239404289846
t56,-0.0,28.16,30.12,19.759999999999998,10.422,25.4,12.35,26.212128861335778,49.41896361111348,54.18,56.323,64.35531416521096,41.12053379132443,20.89800000000014,1.68,19.404,19.62,479.42394042898474
t57,-0.0,28.16,30.12,19.759999999999998,10.422,25.4,12.35,26.212128861335778,49.418963611113476,54.18,56.323,64.35531416521096,41.12053379132444,20.898,1.68,19.404,19.62,479.4239404289846
t58,-0.0,28.16,30.12,19.759999999999998,10.422,25.4,12.35,26.212128861335774,49.418963611113476,54.18,56.323,64.35531416521096,41.12053379132443,20.898,1.68,19.404,19.62,479.4239404289846
t59,-0.0,28.16,30.12,19.759999999999998,10.422,25.4,12.35,26.212128861335774,49.418963611113476,54.18,56.323,64.35531416521096,41.12053379132443,20.898,1.68,19.404,19.62,479.4239404289846
t60,-0.0,28.16,30.12,19.759999999999998,10.422,25.4,12.35,26.212128861335778,49.41896361111348,54.18,56.323,64.35531416521096,41.12053379132443,20.898,1.68,19.404,19.62,479.4239404289846
t61,-0.0,28.16,30.12,19.75999999999999,10.422,25.4,12.35,26.212128861335778,49.418963611113476,54.18,56.323,64.35531416521096,41.12053379132443,20.898,1.68,19.404,19.62,479.4239404289846
t62,-0.0,28.16,30.12,19.75999999999999,10.422,25.4,12.35,26.212128861335778,49.418963611113476,54.18,56.323,64.35531416521096,41.12053379132443,20.898,1.68,19.404,19.62,479.4239404289846
t63,-0.0,28.16,30.12,19.75999999999999,10.422,25.4,12.35,26.212128861335767,49.418963611113476,54.18,56.323,64.35531416521096,41.12053379132443,20.898,1.68,19.404,19.62,479.4239404289846
t64,-0.0,28.16,30.12,19.75999999999999,10.422,25.4,12.35,26.212128861335767,49.418963611113476,54.18,56.323,64.35531416521096,41.12053379132443,20.898,1.68,19.404,19.62,479.4239404289846
t65,-0.0,28.160000000000004,30.12,19.759999999999998,10.422,25.4,12.35,26.212128861335778,49.418963611113476,54.18,56.323,64.35531416521096,41.12053379132443,20.897999999999996,1.68,19.404,19.62,479.4239404289846
t66,0.0,-0.0,1.1083543194817886,19.759999999999998,9.034779466362744,-0.0,7.1511510582205915,26.212128861335778,31.128180388192234,54.18,56.323,60.01806158846445,38.151148891831255,20.898,0.6282614767653519,19.404,19.62,363.6170660506543
t67,0.0,-0.0,-0.0,19.759999999999998,10.422,20.474046868118215,9.434136599122047,23.750715849158876,34.8205344483654,54.18,56.323,64.35531416521096,41.12053379132443,20.898,1.0649317871774917,19.404,19.62,395.62721350847744
t68,0.0,8.083873926809188,-0.0,19.759999999999998,10.422,16.43939924812584,9.146680388122721,18.5089654990493,33.990990125870674,54.18,56.323,57.51657650008347,41.12053379132443,20.898,0.18239884303733656,15.411130608813002,19.62,381.60354893123593
t69,0.0,20.851893019299105,-0.0,19.759999999999998,7.753316169906269,-0.0,4.83331088071085,17.74484645058616,37.30387333131008,54.18,56.323,54.518340141707824,41.12053379132443,20.898,0.4854455465588075,18.37205461332342,19.62,373.764613944727
t70,0.0,14.751830495090495,-0.0,15.706218640463009,10.422,5.9441983973585675,9.697640157505994,19.822255327662067,32.69601623595161,54.18,56.323,53.67601406094723,41.12053379132443,20.898,1.3153892450200109,19.404,19.62,375.57709635132346
t71,0.0,4.923342689777847,-0.0,10.689127677376291,8.583958965988412,-0.0,6.892372594646088,24.286135698908932,33.631695411081196,54.18,56.323,62.17886355391783,39.50020773732295,20.898,1.68,19.404,19.62,362.7907043290196
t72,0.0,12.990167603596479,30.12,19.759999999999998,6.157694831258877,-0.0,2.897368413807703,17.19201779092536,-0.0,54.18,46.35516489049883,37.17450707513504,32.939240927554735,18.608184592394984,-0.0,16.177102436813897,19.62,314.1714485619859
t73,-0.0,28.16,30.12,19.759999999999998,10.422,25.4,12.35,26.212128861335778,49.418963611113476,54.18,56.323,64.35531416521096,41.12053379132443,20.898,1.68,19.404,19.62,479.4239404289846
t74,-0.0,28.16,30.12,19.759999999999998,10.422,25.4,12.35,26.212128861335778,49.41896361111347,54.18,56.323,64.35531416521096,41.12053379132443,20.898,1.68,19.404,19.62,479.4239404289846
t75,-0.0,28.16,30.12,19.759999999999998,10.422,25.4,12.35,26.212128861335778,49.41896361111347,54.18,56.323,64.35531416521096,41.12053379132443,20.898,1.68,19.404,19.62,479.4239404289846
t76,-0.0,28.16,30.12,19.759999999999998,10.422,25.4,12.35,26.212128861335778,49.41896361111347,54.18,56.323,64.35531416521096,41.12053379132443,20.898,1.68,19.404,19.62,479.4239404289846
t77,-0.0,28.16,30.12,19.759999999999998,10.422,25.4,12.35,26.212128861335778,49.41896361111347,54.18,56.323,64.35531416521096,41.12053379132443,20.898,1.68,19.404,19.62,479.4239404289846
t78,-0.0,28.16,30.12,19.759999999999998,10.422,25.4,12.35,26.212128861335778,49.418963611113476,54.18,56.323,64.35531416521096,41.12053379132443,20.89800000000014,1.68,19.404,19.62,479.42394042898474
t79,-0.0,28.16,30.12,19.759999999999998,10.422,25.4,12.35,26.212128861335778,49.418963611113476,54.18,56.323,64.35531416521096,41.12053379132443,20.898,1.68,19.404,19.62,479.4239404289846
t80,-0.0,28.16,30.12,19.75999999999999,10.422,25.4,12.35,26.212128861335778,49.418963611113476,54.18,56.323,64.35531416521096,41.12053379132443,20.898,1.68,19.404,19.62,479.4239404289846
t81,-0.0,28.16,30.12,19.75999999999999,10.422,25.4,12.35,26.212128861335778,49.41896361111348,54.18,56.323,64.35531416521096,41.12053379132443,20.898,1.68,19.404,19.62,479.4239404289846
t82,-0.0,28.16,30.12,19.759999999999998,10.422,25.4,12.35,26.212128861335778,49.41896361111347,54.18,56.323,64.35531416521097,41.12053379132444,20.898,1.68,19.404,19.62,479.4239404289846
t83,-0.0,28.16,30.12,19.76,10.422,25.4,12.35,26.212128861335778,49.418963611113476,54.18,56.323,64.35531416521097,41.12053379132444,20.898,1.68,19.404,19.62,479.4239404289846
t84,-0.0,28.16,30.12,19.75999999999999,10.422,25.4,12.349999999999909,26.212128861335778,49.418963611113476,54.18,56.323,64.35531416521096,41.12053379132443,20.898,1.68,19.404,19.62,479.4239404289845
t85,-0.0,28.16,30.12,19.759999999999998,10.422,25.4,12.35,26.212128861335778,49.41896361111347,54.18,56.323,64.35531416521097,41.12053379132444,20.898,1.68,19.404,19.62,479.4239404289846
t86,-0.0,28.16,30.12,19.759999999999998,10.422,25.4,12.35,26.212128861335778,49.418963611113476,54.18,56.323,64.35531416521097,41.12053379132443,20.898,1.68,19.404,19.62,479.4239404289846
t87,-0.0,28.16,30.12,19.759999999999998,10.422,25.4,12.35,26.212128861335778,49.41896361111347,54.18,56.323,64.35531416521096,41.12053379132443,20.898,1.68,19.404,19.62,479.4239404289846
t88,-0.0,28.16,30.12,19.759999999999998,10.422,25.4,12.35,26.212128861335778,49.41896361111347,54.18,56.323,64.35531416521096,41.12053379132443,20.898,1.68,19.404,19.62,479.4239404289846
t89,-0.0,28.16,30.12,19.759999999999998,10.422,25.4,12.35,26.212128861335778,49.41896361111347,54.18,56.323,64.35531416521096,41.12053379132444,20.898,1.68,19.404,19.62,479.4239404289846
t90,-0.0,28.16,30.12,19.759999999999998,10.422,25.4,12.35,26.212128861335778,49.418963611113476,54.18,56.323,64.35531416521096,41.12053379132443,20.898,1.68,19.404,19.62,479.4239404289846
t91,-0.0,28.16,30.12,19.760000000000048,10.422,25.4,12.35,26.212128861335778,49.418963611113476,54.18,56.323,64.35531416521096,41.12053379132444,20.898,1.68,19.404,15.654661837741498,475.45860226672625
t92,-0.0,28.16,30.12,19.759999999999998,10.422,25.4,12.35,26.212128861335774,49.418963611113476,54.18,56.323,64.35531416521096,41.12053379132443,20.89800000000014,1.68,19.404,19.62,479.42394042898474
t93,-0.0,28.16,30.12,19.759999999999998,10.422,25.4,12.35,26.212128861335774,49.418963611113476,54.18,56.323,64.35531416521096,41.12053379132443,20.898,1.68,19.404,19.62,479.4239404289846
t94,-0.0,28.16,30.12,19.759999999999998,10.422,25.4,12.35,26.212128861335778,49.418963611113476,54.18,56.323,64.35531416521096,41.12053379132443,20.898,1.68,19.404,19.62,479.4239404289846
t95,-0.0,28.16,30.12,19.759999999999998,10.422,25.4,12.35,26.212128861335778,49.418963611113476,54.18,56.323,64.35531416521096,41.12053379132443,20.898,1.68,19.404,9.948484488059886,469.7524249170445
t96,-0.0,28.16,30.12,19.759999999999998,10.422,25.4,12.35,26.212128861335778,49.418963611113476,54.18,56.323,64.35531416521096,41.12053379132443,20.89800000000014,1.68,19.404,19.62,479.42394042898474
t97,0.0,-0.0,-0.0,4.205441330595341,0.5332152614709168,25.4,5.261938626511128,20.283678411846356,-0.0,40.110104375787245,5.792161652841056,28.97815262012846,23.986347960254413,8.236645759093426,-0.0,3.8052996287274072,-0.0,166.59298562725573
t98,0.0,-0.0,-0.0,9.533946091543378,-0.0,25.4,5.934322958415704,21.282099867720756,-0.0,24.049375927913108,56.323,28.976321252706732,19.064152831256195,4.53086621630574,-0.0,6.1979079967714625,19.62,220.9119931426331
t99,0.0,-0.0,-0.0,3.2595670207972107,-0.0,25.4,5.569205700466738,19.71777852515695,-0.0,23.86322265367438,56.323,17.959336247648498,14.27133841897455,3.0657712595149427,-0.0,11.441376716330412,19.62,200.4905965425637
t100,0.0,0.1275105273623065,30.12,19.759999999999998,1.364938605920717,25.4,7.951875054628565,20.500782330036735,-0.0,21.517939687842436,56.323,16.53136422925302,12.169039146426154,12.743117571461758,-0.0,15.624142914415065,19.62,259.7537100673468
t101,0.0,-0.0,29.40154813307699,19.759999999999998,1.971036789544852,25.4,9.053554924745713,21.546015063790918,-0.0,20.80789072338878,56.323,16.01963675003749,9.493852303901047,14.953477099681116,-0.0,19.404,19.62,263.75401178816685
t102,0.0,20.303341617747336,30.12,19.759999999999998,1.0950880286292728,25.4,7.751743802095183,21.316569841028823,-0.0,20.825710978010044,56.323,28.72794582340651,16.36843631571743,15.418393182660784,-0.0,19.404,19.62,302.4342295892954
t103,0.0,-0.0,-0.0,5.41687282428809,3.511986921604131,25.4,0.2845850437537462,16.903667783201325,11.83299540256074,54.18,56.323,31.644979671328773,23.899746286477285,20.65193340323679,-0.0,19.404,19.62,289.0737673364509
t104,0.0,3.034537742490118,-0.0,1.6236481016478594,3.42865428872828,25.4,1.1601453629742862,16.006385049919846,22.73264006967238,54.18,56.323,37.11656062715696,29.594775049222566,20.898,1.68,19.404,19.62,312.2023462918123
t105,-0.0,28.16,26.564373594837118,5.9583937372696125,10.422,25.4,12.35,26.212128861335778,49.41896361111347,54.18,56.323,52.10289549106012,31.58097571798207,20.898,1.68,19.404,19.62,440.27473101359817
t106,-0.0,28.16,30.12,6.446979412870243,10.422,25.4,12.35,26.212128861335778,49.41896361111347,54.18,56.323,64.35531416521096,41.12053379132444,20.898,1.68,19.404,19.62,466.1109198418549
t107,-0.0,28.16,30.12,6.91765388341354,10.422,25.4,12.35,26.212128861335778,49.418963611113476,54.18,56.323,64.35531416521096,41.12053379132443,20.898,1.68,19.404,19.62,466.5815943123982
t108,-0.0,28.16,30.12,5.41919634526846,10.422,25.4,12.35,26.212128861335778,49.41896361111347,54.18,56.323,64.35531416521096,41.12053379132444,20.898,1.68,19.404,19.62,465.0831367742531
t109,-0.0,28.16,30.12,5.838633383179628,10.422,25.4,12.35,26.212128861335778,49.41896361111347,54.18,56.323,64.35531416521096,41.12053379132444,20.898,1.68,19.404,19.62,465.50257381216426
t110,-0.0,28.16,30.12,8.322198969152858,10.422,25.4,12.35,26.212128861335714,49.41896361111347,54.18,56.323,64.35531416521096,41.12053379132443,20.898,1.68,19.404,19.62,467.9861393981375
t111,-0.0,28.16,30.12,3.9322670533539266,10.422,25.4,12.35,26.212128861335778,49.41896361111347,54.18,56.323,64.35531416521096,41.12053379132443,20.898,1.68,19.404,19.62,463.59620748233857
t112,-0.0,28.16,30.12,4.301763856255912,10.422,25.4,12.35,26.212128861335778,49.41896361111347,54.18,56.323,64.35531416521096,41.12053379132443,20.898,1.68,19.404,19.62,463.9657042852405
t113,-0.0,28.16,30.12,10.799266928585721,10.422,25.4,12.35,26.212128861335778,49.41896361111347,54.18,56.323,64.35531416521096,41.12053379132444,20.898,1.68,19.404,19.62,470.4632073575704
t114,-0.0,28.16,30.12,4.595378486702527,10.422,25.4,12.35,26.212128861335778,49.418963611113476,54.18,56.323,60.01582721972628,31.44244240374969,20.898,1.68,16.950416828498216,19.62,447.78815741112595
t115,0.0,9.062578034013155,-0.0,8.432716542233678,6.692020466114444,25.4,3.5531687193308192,14.420215364486458,17.55650172457233,54.18,31.360919685432393,48.87246645795945,33.01651843128226,20.898,1.68,19.404,2.1600417704942316,296.6891471959192
t116,0.0,16.16333979439679,-0.0,-0.0,4.454698268260245,25.4,-0.0,17.871939408161452,18.840347133887345,54.18,51.68000651242381,36.8080966149223,30.179471306288004,20.898,0.3917770175899136,11.311040516703613,-0.0,288.17871657263345
t117,0.0,-0.0,25.041036680902742,19.759999999999998,1.6930166036770338,25.4,5.104845455800234,15.600509313289162,-0.0,54.18,56.323,27.80199894377467,28.26403855538384,20.486219219545912,-0.0,19.404,-0.0,299.05866477237356
t118,0.0,-0.0,30.12,19.759999999999998,2.538309899422497,25.4,3.379207064131395,16.631988269317723,-0.0,54.18,56.323,30.373480202649905,33.26825126406858,20.04781058202352,-0.0,19.404,-0.0,311.42604728161365
t119,0.0,-0.0,30.12,19.759999999999998,-0.0,25.4,7.348234926228906,21.49611585962057,-0.0,45.45422316216351,8.004729921521188,31.727564314756897,30.123099883501332,18.850926439735314,-0.0,19.404,0.6768409393491494,258.3657354468769
t120,0.0,-0.0,30.12,19.759999999999998,0.17263521513313668,20.457669917568882,6.451516577558887,18.523047332429098,-0.0,37.03186079032122,-0.0,31.525369757508535,28.84745911753067,10.37454831564613,-0.0,5.678419597217552,-0.0,208.94252662091412
t121,0.0,13.532088848580225,30.12,19.759999999999998,0.10837692266345651,25.4,7.407251152281505,26.212128861335778,-0.0,39.08460586658283,56.323,26.657509131064486,19.60616563292002,18.978122066864117,-0.0,19.404,19.62,322.2132484822924
t122,0.0,18.858057849104878,30.12,19.759999999999998,2.432069809257282,25.4,11.224025372666862,26.212128861335778,-0.0,19.09747600127635,56.323,31.043152092628972,13.409528734622818,17.711231227510186,-0.0,19.404,19.62,310.61466994840316
t123,0.0,10.34525140391718,30.12,19.759999999999998,3.1399959456565085,25.4,12.35,26.212128861335778,-0.0,5.845716945376391,56.323,25.357195860162587,3.377926120834327,17.596088180359136,-0.0,19.404,19.62,274.8513033176419
t124,0.0,11.94611852809606,30.12,19.759999999999998,3.3150003776021757,25.4,12.35,26.212128861335778,-0.0,5.8634838118555885,56.323,24.554591425998186,3.9746307465008552,16.872911071439653,-0.0,19.404,19.62,275.71586482282834
t125,0.0,13.194906483854664,30.12,19.759999999999998,3.3170036633912297,25.4,12.35,26.212128861335778,-0.0,4.439679035290491,56.323,21.49490711605805,1.470596710671496,16.841571130439416,-0.0,19.404,19.62,269.9477930010411
t126,0.0,10.989412601885428,30.12,19.759999999999998,3.1748823507918926,25.4,12.35,26.212128861335778,-0.0,3.284026983919382,56.323,19.248580431418226,-0.0,15.846857870378862,0.8727572338028238,19.404,19.62,262.6056463335324
t127,0.0,19.117294335120395,30.12,19.759999999999998,2.5769605015847947,25.4,11.950655943356034,22.296278614829216,-0.0,5.888278140534847,56.323,32.9528485340465,7.328266203802207,17.843318770996568,-0.0,19.404,19.62,290.5809010442706
t128,0.0,-0.0,22.401356566814375,19.759999999999998,2.2783090517483497,25.4,12.323032976500068,22.70877264888607,-0.0,26.513712011935333,56.323,26.373354592661194,10.314283779494675,19.69031420131453,-0.0,19.404,19.62,283.1101358293546
t129,0.0,-0.0,-0.0,19.759999999999998,2.5048571989640513,25.4,4.559033198646241,13.90076775163468,-0.0,50.26118299853703,56.323,15.595701318025794,4.717969422672827,20.898,0.12150269556422484,19.404,19.62,253.06601458404486
t130,0.0,-0.0,7.709216311154272,19.759999999999998,1.2876036249009426,25.4,7.297462422864132,16.8038138968614,3.782647051918207,54.18,56.323,17.928658513105198,10.015128791574679,20.898,1.091808174530305,19.404,19.62,281.5013387869092
t131,0.0,-0.0,-0.0,19.759999999999998,2.979185692272724,25.4,4.656040391474228,17.424521176971137,7.016333527748265,54.18,56.323,22.540856196026535,10.187662496112273,20.898,1.0793435491328465,19.404,15.921272938373225,277.77021596811124
t132,0.0,-0.0,-0.0,19.759999999999998,2.2201409791382027,25.4,6.299087127938581,18.142026932820038,6.217827828443618,54.18,56.323,25.664718368867064,19.181591682108948,20.898,1.176522166059188,19.404,-0.0,274.86691508537564
t133,0.0,-0.0,-0.0,19.759999999999998,4.425539059343362,25.4,2.39676871414369,15.371227475430748,10.600166742370199,54.18,56.323,31.576848522728476,22.249575833323092,20.898,1.68,19.404,15.383006115119958,299.64813246245956
t134,0.0,-0.0,23.263254361665425,19.759999999999998,0.8924240313440903,25.4,9.056211907463002,14.397654196895598,6.882446577436518,54.18,56.323,26.54810036257026,21.06014843347458,20.898,1.68,19.404,19.62,319.3652398708495
t135,0.0,-0.0,25.9443589025231,19.759999999999998,2.587196199422956,25.4,5.807519198651283,16.572513820305673,15.10253255583608,54.18,56.323,33.0995740681634,28.229820683894,20.898,1.68,19.404,19.62,344.6085154287965
t136,0.0,-0.0,13.963376983065196,19.759999999999998,1.2950592414798063,25.4,8.528586567297962,19.34135968169661,15.690598604589328,54.18,56.323,33.358244509493865,25.460820311830272,20.898,1.68,18.55362682957398,19.62,334.05267272902705
t137,0.0,-0.0,24.016475463286206,19.759999999999998,2.915545239347118,25.4,5.271386589700023,19.7831125736894,23.06031133760625,54.18,56.323,49.81568868177378,37.20790217254027,20.898,1.68,18.831986811331486,19.62,378.7634088692746
t138,0.0,4.696052530788437,-0.0,19.759999999999998,0.412240295552007,25.4,9.46097219574517,16.740952459513828,7.948782703255559,54.18,56.323,39.86675645720259,31.481866002326733,20.898,1.68,19.404,19.62,327.87262264438436
t139,0.0,7.2097243987581905,30.12,19.759999999999998,-0.0,25.4,9.616761475908563,26.212128861335778,-0.0,50.964714982965496,56.323,31.62843774481683,23.422220872834135,20.898,1.68,19.11812688260668,19.62,341.9731152192257
t140,0.0,28.16,30.12,19.759999999999998,-0.0,25.4,9.300647583470154,25.980500436959638,-0.0,32.54435190313637,56.323,44.078249784892435,21.593723962625766,20.898,1.68,19.404,19.62,354.8624736710844
t141,0.0,3.5227007250554583,30.12,19.759999999999998,-0.0,25.4,9.30164884158106,26.212128861335778,-0.0,47.344456269523874,56.323,22.38406055182068,20.154727359967488,20.898,1.68,19.404,19.62,322.12472260928433
t142,0.0,-0.0,30.12,19.759999999999998,1.2562578527169859,25.4,11.294128263334207,22.41188108538328,-0.0,39.086872098588046,56.323,26.11913684562269,21.94310626223247,20.898,1.2042445007155111,19.404,19.62,314.8406269085932
t143,0.0,2.8050452190815034,30.12,19.759999999999998,-0.0,25.4,8.45642316486393,18.254509007681044,-0.0,9.993064274044672,56.323,28.955241593836547,5.193363899348279,20.898,0.5800114837323935,19.404,6.9290243675628975,253.07168301015125
t144,0.0,2.365981565686706,30.12,19.759999999999998,2.4451362688709186,25.4,12.35,18.91564487859358,-0.0,6.233566990240645,56.323,28.138750728457044,1.6367343184490049,20.257200317846817,-0.0,19.404,19.62,262.97001506814473
t145,0.0,28.16,16.48364730111254,-0.0,5.724677512586445,25.4,0.8993149544296576,19.23613410305276,6.8887743446352765,54.18,56.323,0.4748416508970566,6.317830066629632,7.644746149306452,-0.0,19.404,19.62,266.7569660826498
t146,0.0,-0.0,-0.0,1.1348825045873139,6.144172247778402,25.4,2.1993010401547766,19.486171359823167,9.333445086241136,54.18,56.323,22.064725272024344,27.942622918881412,5.720418591072151,-0.0,19.404,19.62,268.95273902056266
t147,0.0,27.243184072195625,-0.0,-0.0,6.604749853375095,25.4,3.634127728943879,19.46803769809628,10.850987337982303,54.18,56.323,7.629968116122014,21.218784398397904,4.85498046505037,-0.0,19.404,18.740954362449592,275.55277403261306
t148,0.0,28.16,27.089777694175826,-0.0,6.680343233854138,25.4,3.8936192210501726,17.863445303625113,10.31393436267836,54.18,56.323,7.313820211447747,13.322741592161853,4.819573871899632,-0.0,19.404,18.32289310233643,293.08714859322924
t149,0.0,26.860835837675662,-0.0,-0.0,4.335359491581553,13.53419469383659,-0.0,17.436696076952227,2.3221226301683435,54.18,39.7867588603264,-0.0,13.25097357376931,7.366679058487519,-0.0,13.38862111205,19.62,212.0822413348476
t150,0.0,24.9364650476833,-0.0,-0.0,4.304227879214466,13.541451435981928,-0.0,16.80655770562987,2.0584944536728194,50.24983666323221,30.84427849005055,-0.0,10.824729029150289,6.853782296278437,-0.0,13.99875110065071,19.62,194.03857410154458
t151,0.0,-0.0,0.5418026638317478,19.759999999999998,4.282959804409967,-0.0,-0.0,4.216976407459002,-0.0,42.901866842012936,-0.0,16.354124784294473,13.69933613268317,7.556016990422229,-0.0,-0.0,-0.0,109.31308362511353
t152,0.0,12.358847556855089,-0.0,19.759999999999998,3.4081925696033446,16.356645075761712,1.8207437560049737,3.2239263169163124,4.465592283099362,54.18,-0.0,32.722531744900884,23.421041947201573,16.70684605644267,-0.0,15.997586910369872,-0.0,204.42195421715576
t153,0.0,-0.0,-0.0,8.440044503643996,4.76740936216096,13.600506969929448,-0.0,7.818678071479474,24.22633916863833,54.18,-0.0,46.12961724229255,32.50311163974584,15.433096466528017,-0.0,4.892173747532287,-0.0,211.9909771719509
t154,0.0,25.519051302004275,-0.0,12.313899905906236,5.071728822764954,12.055869947801757,-0.0,5.986823955445367,49.418963611113476,54.18,-0.0,59.35043974410681,40.35180366095823,20.898,1.68,19.404,19.62,325.8505809501011
t155,0.0,28.16,19.233607108772475,-0.0,8.124405188384367,14.429656532110364,4.645956945628017,7.739943966192075,49.41896361111347,54.18,-0.0,59.05851784847626,38.238667736118245,18.81339271154868,-0.0,0.4116064048876174,19.62,322.07471805323155
t156,-0.0,28.16,30.12,6.484474661973897,10.422,25.4,12.35,26.212128861335714,49.41896361111347,54.18,56.323,57.46985716383991,39.46649033278065,11.483415120510134,-0.0,19.404,19.62,446.51432975155376
t157,-0.0,28.16,26.020430018406394,-0.0,10.422,25.4,12.35,26.212128861335774,49.41896361111347,54.18,56.323,64.35531416521097,41.12053379132443,14.977045284963364,1.68,16.092164082284025,19.62,446.3315798146384
t158,-0.0,28.16,2.314402401264596,19.759999999999998,10.422,25.4,12.35,26.212128861335774,49.41896361111347,54.18,56.323,64.35531416521097,41.12053379132443,20.898,0.9271556036636875,12.549277405564903,19.62,444.01077583947784
t159,-0.0,28.16,-0.0,19.759999999999998,10.422,25.4,12.35,26.212128861335714,49.418963611113476,54.18,56.323,64.35531416521097,41.12053379132443,20.898,1.68,19.114674903956793,19.62,449.0146153329414
t160,-0.0,28.16,3.4828678581730177,19.759999999999998,10.422,25.4,12.35,26.21212886133577,49.418963611113476,54.18,56.323,64.35531416521097,41.12053379132443,20.898,1.494125825698718,19.04576777118784,19.62,452.24270188404427
t161,-0.0,28.16,2.456880031255521,19.759999999999998,10.422,25.4,12.35,26.21212886133577,49.41896361111347,54.18,56.323,64.35531416521097,41.12053379132443,20.898,1.606479307556477,19.404,19.62,451.6872997677967
t162,0.0,24.36555740402945,0.2869898253191019,19.759999999999998,4.3314450145669685,25.4,3.1991400445503153,10.449571675877074,44.55381698437716,54.18,56.323,64.35531416521096,40.346848061744026,20.898,1.68,19.404,19.62,409.1536831756751
t163,0.0,10.759322350575388,-0.0,19.759999999999998,5.825465555719183,-0.0,-0.0,9.544571137427237,33.40606836170807,54.18,-0.0,64.35531416521096,39.49884056310912,20.898,1.68,15.821454585092537,19.62,295.3490367188425
t164,0.0,13.411360348354675,-0.0,19.759999999999998,6.151302991841028,-0.0,1.1538201104348313,16.196714955049952,33.40068952381722,54.18,3.993568843114737,53.272147352780166,38.628484182805714,20.898,1.68,17.748518736439852,19.62,300.09460704463817
t165,0.0,5.6101963245151785,-0.0,19.759999999999998,5.223857409328222,7.989363557949646,0.45211026827853523,17.491782405139638,29.18442309425532,54.18,-0.0,54.25522889924665,39.491115066677196,20.898,1.68,19.404,19.62,295.2400770253904
t166,0.0,21.10775611317007,-0.0,19.759999999999998,5.830336140943423,-0.0,0.5583498754804812,14.430550460354562,29.37738951486685,54.18,54.18985609456669,43.78505830144707,33.75149609416453,20.898,1.68,17.866970120699197,19.62,337.0357627156929
t167,0.0,4.2210565720017685,-0.0,-0.0,6.20355264960079,16.778427726867772,1.815534102879284,18.269165675134527,7.943491562137136,54.18,56.323,30.924607421621186,23.652790390476152,16.41775177609678,-0.0,3.9796070812727327,19.62,260.3289849580881
t168,0.0,28.16,9.858337903836699,-0.0,5.572430984944473,25.4,0.6179945449999275,17.650490499101647,5.602589412185518,54.18,56.323,-0.0,9.675862131223425,8.055132027298496,-0.0,19.404,19.62,260.1198375035902
t169,0.0,10.481383254153485,-0.0,-0.0,7.131177932512459,25.4,4.991224076109496,13.741548781922813,7.187379668937499,54.18,56.323,23.562514578780867,32.33533082100041,3.3712204102574597,-0.0,19.404,19.62,277.7287795236745
t170,0.0,28.16,6.409882416892868,-0.0,6.8808223040697944,25.4,5.1642658362850185,19.531763096977393,13.744810840039115,54.18,56.323,18.320707749089184,29.27583664877937,2.434283239529338,-0.0,19.404,19.62,304.8493721316621
t171,0.0,28.16,9.924189049690968,-0.0,7.22795304757543,25.4,6.014976290116704,21.055691926470914,16.484259907828765,54.18,56.323,22.141178179771167,27.78346870024843,6.329180794802851,-0.0,11.303150127787347,19.62,311.9470480242926
t172,0.0,23.58682904291411,-0.0,-0.0,7.892534186893953,25.4,7.306191878458105,21.607728947984835,21.02223429017849,54.18,56.323,21.400302047905484,27.285180011556157,9.872313362423258,-0.0,4.322921882578804,19.62,299.8192356508932
t173,0.0,9.269507612521604,-0.0,-0.0,6.702967767641671,25.4,5.156792706911624,20.859462370992755,16.380501654858076,54.18,56.323,25.84372678689115,27.48631938358851,12.676756010563865,-0.0,0.48433860806144463,19.62,280.38337290203066
t174,0.0,3.1214942239021783,-0.0,-0.0,7.6282766490659775,25.4,6.561740468701813,21.550477307375633,18.150331005236374,54.18,56.323,31.235896907709648,28.740810243653453,14.606814818817778,-0.0,3.234797047787538,19.62,290.3536386722504
t175,0.0,-0.0,-0.0,-0.0,4.1495615650901945,3.7882661170510463,-0.0,16.954574335975895,37.3799382710473,54.18,31.579654275194013,62.193740847719724,33.740218698922966,20.898,1.6299193870741908,19.404,19.62,305.51787349807535
t176,0.0,13.016719944120254,-0.0,5.0346753535871205,3.6234197279650866,25.4,1.5443337972762463,8.916066273720933,49.41896361111347,54.18,-0.0,64.35531416521097,38.16758051887192,20.898,1.419785057745956,19.404,19.62,324.99885844961204
t177,0.0,28.16,13.736812826459879,-0.0,4.892626777590294,25.4,-0.0,6.544884156890585,49.418963611113476,54.18,-0.0,63.32102538815565,41.12053379132443,20.898,1.2568183289324661,14.332836704247619,19.62,342.8825015847144
t178,0.0,28.16,16.84128673669144,-0.0,5.644528497991394,25.4,0.75604400804846,8.292402839171084,49.418963611113476,54.18,-0.0,64.35531416521097,41.12053379132443,20.898,1.0997246852057128,5.343740479753136,19.62,341.13053881451015
t179,0.0,28.16,30.12,12.173739330349246,5.89777689055757,25.4,0.8090967707610668,9.447154984380257,49.41896361111347,54.18,-0.0,64.35531416521097,41.12053379132443,15.818335491920953,1.68,16.023783856647285,19.62,374.2246988922653
t180,0.0,28.16,30.12,14.424355211535762,5.853194865485946,25.4,-0.0,11.010533542216434,49.41896361111347,54.18,56.323,64.35531416521097,41.12053379132443,14.815641351522732,1.68,19.404,19.62,435.8855365384097
t181,0.0,28.16,30.12,12.129452687661084,5.681615500056978,25.4,-0.0,10.33431860891362,49.41896361111347,54.18,56.323,64.35531416521097,41.12053379132443,14.357146385112532,1.68,19.404,19.62,432.2843447493931
t182,0.0,28.16,30.12,9.425778109906346,5.410462306515542,25.4,0.6624044425940023,10.184790862007912,49.41896361111347,54.18,56.323,64.35531416521097,41.12053379132443,13.762430149170187,1.68,19.404,19.62,429.22767743784283
t183,0.0,28.16,30.12,4.691303068613263,5.881944703256977,25.4,-0.0,10.422992858029117,49.41896361111347,54.18,56.323,64.35531416521097,41.12053379132443,13.343103898832116,1.68,19.404,19.62,424.12115609638033
t184,0.0,28.16,30.12,0.13006510528314397,6.165833289947992,25.4,-0.0,10.87581825694896,49.41896361111347,54.18,36.76795526551672,64.35531416521097,41.12053379132443,12.120020548118397,1.68,19.404,19.62,399.5185040334641
t185,0.0,28.16,30.12,1.0309882192411541,6.0945456796318505,25.4,-0.0,11.402594411733062,49.41896361111347,54.18,41.922924914102325,64.35531416521096,41.12053379132443,13.169079101278545,1.68,19.404,19.62,407.0789438936358
t186,0.0,28.16,30.12,19.759999999999998,6.241329792591955,20.52558213322206,0.49189701158515037,9.871880774244108,49.418963611113476,54.18,-0.0,64.35531416521096,41.12053379132443,19.16778649446783,1.68,19.404,19.62,384.11728777376
t187,0.0,28.16,30.12,8.848779015784869,10.422,19.952132606312237,8.189379412071714,14.968165913346688,49.418963611113476,54.18,56.323,64.35531416521096,41.12053379132443,15.673424732718788,1.68,19.404,19.62,442.4356932478832
t188,0.0,28.16,-0.0,1.7131537001466182,8.943879306317406,21.44994125491263,5.968547477940512,19.137352074635416,49.418963611113476,54.18,56.323,64.35531416521096,41.12053379132443,20.15917982717145,1.68,-0.0,19.62,392.2298652087729
t189,0.0,15.043519899723066,-0.0,19.759999999999998,5.633457352929398,-0.0,0.23176892957125986,25.950493603380735,41.86905051652489,54.18,30.928942852077597,64.35531416521096,41.12053379132443,18.732045872993215,1.68,4.644008677492497,19.62,343.7491356612281
t190,0.0,12.548299010211347,-0.0,8.464604579384412,10.422,25.4,8.90065015671811,21.83331266937067,35.303047352625164,54.18,56.323,64.35531416521096,41.12053379132443,18.3731544013042,1.68,1.0887831220925919,19.62,379.6126992482419
t191,0.0,0.6534378908892607,-0.0,-0.0,8.960939961273375,25.4,6.913660569099046,19.852333419608733,11.845638434031358,54.18,56.323,48.361641889903886,41.12053379132443,7.6047607301645135,0.07050370352940921,19.404,19.62,320.31045038982404
t192,0.0,13.829994040424555,-0.0,-0.0,7.1879930911477175,25.4,4.611906677001179,21.855178662487944,12.986100285636669,54.18,56.323,36.538089240141254,37.50394665090126,4.939985353806153,-0.0,19.404,19.62,314.3801940015467
t193,0.0,28.16,21.118578459414046,-0.0,6.512141446770722,25.4,4.9826403994651365,8.81167022864335,6.2528738035919496,54.18,56.323,7.489550199734983,20.621172641989688,1.3861806754065717,-0.0,19.404,19.62,280.26180785501646
t194,0.0,13.781513632314208,-0.0,-0.0,3.87845456063324,25.4,0.5380378592715471,10.423226220311877,-0.0,54.18,56.323,4.460687016477735,22.509810560202247,0.6201683059171474,-0.0,19.404,16.234449299012606,227.7533474541406
t195,0.0,-0.0,-0.0,7.44237333597366,4.771194100092371,25.4,2.5607039054732748,6.023765680727659,-0.0,54.18,56.323,13.1481382652341,21.946101450677116,-0.0,1.0996553531017847,19.404,-0.0,212.29893209127997
t196,0.0,-0.0,-0.0,8.047580672561693,5.73107185337513,25.4,4.32544748140576,6.3007024423485944,-0.0,49.24901036441491,56.323,13.488698485762535,20.015747431569576,-0.0,1.5885964709924458,19.404,-0.0,209.87385520243063
t197,0.0,-0.0,-0.0,-0.0,6.841105817637231,25.4,6.2058571846603945,10.415918748245579,-0.0,53.7454826915795,56.323,13.971492913237979,22.549089148527983,-0.0,0.04166031175985125,19.404,11.29806027277267,226.19566708842117
t198,0.0,4.679705038008907,-0.0,-0.0,7.608586923530867,25.4,7.166813677968179,12.890649776384333,4.8096566709329585,54.18,56.323,16.473771427113963,24.800856260377348,7.3714139138810735,-0.0,7.327624531438702,19.62,248.65207821963637
t199,0.0,14.86522336582077,-0.0,-0.0,8.046187829435132,25.4,7.1261153146921465,10.84022053668092,8.761792517014694,54.18,56.323,30.847491474431617,29.529904279344077,13.100799783723776,-0.0,-0.0,19.62,278.64073510114315
t200,0.0,28.16,30.12,-0.0,10.422,25.4,10.46216798288491,10.829861522351436,26.667343458309944,54.18,56.323,40.03076935885421,33.46889901998406,4.059422449027522,-0.0,19.404,19.62,369.14746379141206
t201,0.0,28.16,30.12,-0.0,10.422,25.4,10.014393528687153,12.808826525531494,33.69583449478702,54.18,56.323,44.58682764609991,35.52990645649052,4.933789478846891,-0.0,19.404,19.62,385.19857813044297
t202,0.0,28.16,30.12,6.2704422051615705,10.422,24.10105726121689,9.70771282550592,9.67869522714449,40.501170981020515,54.18,56.323,50.9242898898843,38.065750067189185,7.503669125622334,-0.0,19.404,19.62,404.98178758274514
t203,0.0,28.16,30.12,2.870132773107649,10.422,17.891836757823384,9.564202546945884,8.48001708901302,44.85770577838486,54.18,56.323,52.80158028352267,39.480890422424075,6.725576901082974,-0.0,19.404,19.62,400.9009425523045
t204,0.0,28.16,30.12,10.420952285727994,10.422,-0.0,9.445067603064992,7.537006673502059,48.57793333544414,54.18,56.323,55.537781443144915,39.76573004786127,9.30069709433514,-0.0,19.404,19.62,398.8141684830805
t205,0.0,28.16,30.12,8.428393017078639,10.422,-0.0,9.357473456590998,6.632945797393323,48.38404478585621,54.18,56.323,54.39951513466614,38.97022478874282,9.049799293319866,-0.0,19.404,19.62,393.451396273648
t206,0.0,28.16,30.12,15.398068505423554,10.422,-0.0,9.249543038408897,6.37640335744548,49.418963611113476,54.18,56.323,53.545989765308306,35.87332031095295,11.501074800482195,-0.0,19.404,19.62,399.59236338913485
t207,0.0,28.16,30.12,19.759999999999998,10.422,-0.0,9.31435004808829,6.49625258261493,49.418963611113476,54.18,56.323,52.92073281142331,29.388932909680754,17.406639970889714,-0.0,13.179727448244781,19.62,396.71059938205525
t208,0.0,28.16,30.12,6.058351859183491,10.422,-0.0,8.924263724989448,2.061181098537047,49.418963611113476,54.18,49.91642686712301,53.428151049347534,35.58391415848781,9.206321808702034,-0.0,19.404,19.62,376.50357417748387
t209,0.0,28.16,30.12,-0.0,10.422,-0.0,9.009117430901332,8.92380645915082,49.418963611113476,54.18,56.323,61.01513888620163,40.86648132363487,7.3178140487518535,-0.0,19.404,19.62,394.780321759754
t210,0.0,28.16,30.12,-0.0,10.422,24.78557847773901,9.212601344523382,9.517545291151203,41.96953693471987,54.18,56.323,59.26173003619601,40.18406047076837,6.853060507844345,-0.0,19.404,19.62,410.0131130629422
t211,0.0,28.16,30.12,-0.0,8.61237795291426,25.4,6.1839862539359505,15.693821121613633,35.15986419428153,54.18,56.323,48.8232752187914,40.57769683292285,7.747793201227472,-0.0,19.404,19.62,396.0058147756871
t212,0.0,28.16,23.583584997058708,-0.0,9.501921632782125,25.4,7.554353856928354,19.069610431463524,32.662086308440564,54.18,56.323,47.47620210366276,41.12053379132443,7.853268144865033,0.26210404497328543,19.404,19.62,392.1706653114987
t213,0.0,28.16,21.00346804997264,-0.0,7.159275376027432,25.4,3.389631883699718,26.212128861335778,40.71795934523824,54.18,56.323,56.6915274779121,40.650290476324805,7.050116138666655,-0.0,19.404,19.62,405.9613976091774
t214,0.0,28.16,30.12,-0.0,6.544967325018601,25.4,2.9846589286671086,20.154509259654684,31.334263241781187,54.18,56.323,47.416264049536935,39.28423804931457,6.030987140591985,-0.0,19.404,19.62,386.9568879945651
t215,0.0,28.16,30.12,-0.0,8.453850626611537,25.4,6.961085923885451,23.5901399675127,24.172584700810376,54.18,56.323,38.62446360714467,31.458982956712358,4.819927984548514,-0.0,19.404,19.62,371.28803576722555
t216,0.0,28.16,30.12,19.759999999999998,5.173329359374818,25.4,1.8634536309256857,25.090224608115747,16.21760143860641,54.18,56.323,31.614600565995755,23.019422462077266,11.4311849247167,-0.0,15.678910051723838,19.62,363.6517270415363
t217,-0.0,28.16,30.12,19.759999999999998,10.422,25.4,12.35,26.212128861335778,49.41896361111347,54.18,56.323,64.35531416521096,41.12053379132443,20.898,1.68,19.404,19.62,479.4239404289846
t218,-0.0,28.16,30.12,19.759999999999998,10.422,25.4,12.35,26.212128861335778,49.41896361111347,54.18,56.323,64.35531416521096,41.12053379132443,20.898,1.68,19.404,19.62,479.4239404289846
t219,-0.0,28.16,30.12,19.759999999999998,10.422,25.4,12.35,26.212128861335778,49.41896361111347,54.18,56.323,64.35531416521096,41.12053379132443,20.898,1.68,19.404,19.62,479.4239404289846
t220,-0.0,28.16,30.12,19.759999999999998,10.422,25.4,12.35,26.212128861335778,49.41896361111347,54.18,56.323,64.35531416521096,41.12053379132443,20.898,1.68,19.404,19.62,479.4239404289846
t221,-0.0,28.16,30.12,19.759999999999998,10.422,25.4,12.35,26.212128861335778,49.41896361111347,54.18,56.323,64.35531416521096,41.12053379132443,20.898,1.68,19.404,19.62,479.4239404289846
t222,-0.0,28.16,30.12,19.759999999999998,10.422,25.4,12.35,26.212128861335778,49.418963611113476,54.18,56.323,64.35531416521096,41.12053379132443,20.898,1.68,19.404,19.62,479.4239404289846
t223,-0.0,28.16,30.12,19.759999999999998,10.422,25.4,12.35,26.212128861335778,49.418963611113476,54.18,56.323,64.35531416521096,41.12053379132443,20.898,1.68,19.404,19.62,479.4239404289846
t224,-0.0,28.16,30.12,19.759999999999998,10.422,25.4,12.35,26.212128861335778,49.418963611113476,54.18,56.323,64.35531416521096,41.12053379132443,20.898,1.68,19.404,19.62,479.4239404289846
t225,-0.0,28.16,30.12,19.75999999999999,10.422,25.4,12.35,26.212128861335714,49.418963611113476,54.18,56.323,64.35531416521096,41.12053379132443,20.898,1.68,19.404,19.62,479.4239404289846
t226,-0.0,28.16,30.12,19.75999999999999,10.422,25.4,12.35,26.212128861335778,49.418963611113476,54.18,56.323,64.35531416521096,41.12053379132443,20.898,1.68,19.404,19.62,479.4239404289846
t227,-0.0,28.16,30.12,19.759999999999998,10.422,25.4,12.35,26.212128861335778,49.418963611113476,54.18,56.323,64.35531416521096,41.12053379132443,20.898,1.68,19.404,19.62,479.4239404289846
t228,-0.0,28.16,30.12,19.759999999999998,10.422,25.4,12.35,26.212128861335778,49.418963611113476,54.18,56.323,64.35531416521096,41.12053379132443,20.898,1.68,19.404,19.62,479.4239404289846
t229,-0.0,28.16,30.12,19.759999999999998,10.422,25.4,12.35,26.212128861335774,49.418963611113476,54.18,56.323,64.35531416521096,41.12053379132443,20.898,1.68,19.404,19.62,479.4239404289846
t230,-0.0,28.16,30.12,19.76,10.422,25.4,12.35,26.212128861335778,49.418963611113476,54.18,56.323,64.35531416521096,41.12053379132443,20.898,1.68,19.404,19.62,479.4239404289846
t231,-0.0,28.16,30.12,19.75999999999999,10.422,25.4,12.35,26.212128861335774,49.418963611113476,54.18,56.323,64.35531416521096,41.12053379132443,20.898,1.68,19.404,19.62,479.4239404289846
t232,-0.0,28.16,30.12,19.75999999999999,10.422,25.4,12.35,26.212128861335778,49.418963611113476,54.18,56.323,64.35531416521096,41.12053379132443,20.898,1.68,19.404,19.62,479.4239404289846
t233,-0.0,28.16,30.12,19.759999999999998,10.422,25.4,12.35,26.212128861335778,49.418963611113476,54.18,56.323,64.35531416521097,41.12053379132443,20.898,1.68,19.404,19.62,479.4239404289846
t234,0.0,-0.0,-0.0,11.8362920973908,2.0003613008141214,25.4,4.119685343589737,16.873229335687007,-0.0,33.22708707176179,56.323,27.41700006779976,6.996603528372961,20.898,-0.0,17.46313407224277,19.62,242.17439281765897
t235,0.0,-0.0,-0.0,11.31467359743959,0.2498352267168988,25.4,7.605109114036521,13.439665461195059,-0.0,19.940092446032338,56.323,26.42031038967638,8.878342452790214,17.56042399388574,-0.0,9.734040296370752,19.62,216.4854929781435
t236,0.0,12.57251728198781,-0.0,-0.0,0.47971319494588804,25.4,7.600374454679274,15.850701840446733,-0.0,24.378566022085312,56.323,17.199012123950585,2.5115284859886247,20.898,-0.0,8.352700684444327,19.62,211.18611408852857
t237,0.0,-0.0,-0.0,16.168717713751725,0.3872174768824394,25.4,7.426130908126637,10.373270048003986,-0.0,12.324494591113819,56.323,25.785110996772428,2.8708993003911343,10.827919992253955,-0.0,-0.0,19.62,187.50676102729614
t238,0.0,-0.0,-0.0,13.61826147829452,1.3803503195268665,25.4,5.364401389516707,10.100084624304479,-0.0,-0.0,56.323,25.88291791880056,1.7873796353231273,13.538038488261419,-0.0,4.648711443298181,19.62,177.66314529732585
t239,0.0,-0.0,27.174939171468296,19.759999999999998,-0.0,25.4,7.263770098341958,8.100135911226058,1.225184314684428,-0.0,56.323,24.94942813788639,0.5897301780646874,16.283482274872778,1.68,19.404,19.62,227.7736700865446
t240,0.0,8.998726172035674,30.12,19.759999999999998,2.8383480626438287,25.4,12.134756398846296,7.686448578663662,14.899441879805217,-0.0,56.323,15.278660083431436,4.364474578828353,15.49513394339218,1.68,19.3028404720199,19.62,253.90183016966657
t241,0.0,0.8726218440995437,-0.0,-0.0,-0.0,17.513554224416186,6.9154056607682906,7.417938486106837,-0.0,10.479844535374253,41.79942090289385,12.120492676534376,2.2167280532471856,2.618990228080218,-0.0,19.404,19.62,140.97899661152073
t242,0.0,7.880856319920827,-0.0,-0.0,2.5946498420367656,24.957721947199936,11.193207984203193,6.611827327233372,-0.0,-0.0,56.323,6.801230617910615,3.8326905323641465,-0.0,1.68,18.001204198595385,19.62,159.49638876946423
t243,0.0,-0.0,-0.0,-0.0,3.0408076754741047,24.72606067261736,11.499564634270717,5.8650120175972935,-0.0,-0.0,56.323,0.42379078690415883,6.73591485025586,-0.0,1.68,15.712352895625475,19.62,145.62650353274498
t244,0.0,0.9097935129224235,-0.0,-0.0,3.091111766080573,25.39577616721894,11.46018485714237,5.597726332251057,-0.0,-0.0,56.323,-0.0,10.981047976677496,5.094348229042574,1.68,5.9924162924486595,19.62,146.14540513378412
t245,0.0,3.2496276343424544,-0.0,-0.0,2.0229566578604077,25.4,9.593268388581336,5.670008857210572,-0.0,2.6522054012131844,56.323,5.837272808298788,1.9402353332896825,-0.0,1.68,15.074488341696908,19.62,149.06306342249334
t246,0.0,-0.0,-0.0,-0.0,0.9626849992730335,25.4,7.766473046303033,7.384506548836746,-0.0,6.602023109005917,56.323,6.034863694471208,0.7329984061541771,0.9839284014259291,1.68,13.797241622395932,19.62,147.287719827866
t247,0.0,-0.0,-0.0,1.5942681666289016,-0.0,25.4,6.423203720207977,8.156234692499734,-0.0,8.203742733943471,56.323,13.736642978521868,0.3378517854896085,6.346086054614975,1.68,4.282855089545632,19.62,152.10388522145215
t248,0.0,-0.0,8.389462257455138,19.759999999999998,0.500556682203596,25.4,6.344786756146254,8.461951444466079,-0.0,6.557202335779315,56.323,12.801295762704408,3.0290784352890063,1.6849518413137432,-0.0,9.43131211690341,19.62,178.3035976322609
t249,0.0,-0.0,-0.0,12.093435700621482,1.6481338870321451,25.4,5.085145132061058,7.322614633324266,-0.0,31.537347400497403,56.323,19.66826149585955,17.83208873668955,5.23982823385882,-0.0,9.846785201829316,19.62,211.61664042177358
t250,0.0,16.40240783156908,-0.0,-0.0,3.7920781928754805,25.4,1.605679575333823,6.331812754674755,-0.0,54.18,56.323,14.778423138252652,15.843007997095262,15.082651491875453,-0.0,-0.0,17.70743599219492,227.44649697387143
t251,0.0,14.051423863115321,-0.0,-0.0,3.385540648996353,25.4,2.5410860799137747,1.3479487910362564,-0.0,54.18,56.323,14.82981908223266,16.1063489725041,15.450119733614724,-0.0,-0.0,-0.0,203.61528717141317
t252,0.0,8.998437209092385,-0.0,-0.0,3.167069319403709,25.4,3.150348966120493,4.385064331647545,-0.0,51.82298701625116,56.323,12.73897582276473,10.30347054236512,16.56879982656956,-0.0,-0.0,19.62,212.4781530342147
t253,0.0,-0.0,-0.0,-0.0,2.8742427132270394,25.4,3.4579378907213,3.063729471177168,-0.0,54.18,56.323,25.826855975506053,20.94719771447943,15.291639167145533,-0.0,-0.0,19.62,226.98460293225656
t254,0.0,-0.0,-0.0,-0.0,4.793130218043348,25.4,-0.0,4.521864617346323,-0.0,54.18,56.323,20.78971598031627,22.953341794032074,15.194250613736022,-0.0,-0.0,19.62,223.77530322347403
t255,0.0,-0.0,-0.0,-0.0,4.772073848385186,25.4,-0.0,1.4960720441999795,1.095355273321478,54.18,56.323,25.66115420295504,24.691842806256552,15.989629264031327,-0.0,1.35277708782365,-0.0,210.9619045269732
t256,0.0,24.037328289656113,-0.0,-0.0,10.422,8.30742643705258,9.874531720350468,6.4152097638595,26.40130956753493,54.18,56.323,30.830847767813047,24.537864525176886,18.383822454285845,-0.0,3.7974836869082527,19.62,293.13082421263766
t257,0.0,28.16,3.231510873959977,-0.0,9.23392043767251,25.4,7.916302279919927,6.426541417643343,4.382952304658867,54.18,56.323,19.603954696200315,26.43203362290158,5.412432856943433,-0.0,19.404,19.62,285.72664848989996
t258,0.0,-0.0,-0.0,-0.0,4.846060053393785,-0.0,-0.0,7.150138157055442,7.337629835989213,54.18,56.323,45.233434923741775,31.921523998509336,17.52658739181472,-0.0,-0.0,19.62,244.13837436050432
t259,0.0,14.735566070541863,-0.0,-0.0,5.191044241053901,-0.0,-0.0,7.8583402918612,17.512337501260582,54.18,-0.0,42.0934906014494,34.38191965879282,19.034168070871292,-0.0,-0.0,19.62,214.60686643583105
t260,0.0,19.50589520174599,-0.0,-0.0,5.409831539674976,-0.0,-0.0,11.554665287789026,24.511235313155392,54.18,34.1338662349564,48.924269669979786,39.58269929110996,18.33256228773796,-0.0,-0.0,19.62,275.7550248261495
t261,0.0,-0.0,-0.0,-0.0,6.393515333751085,-0.0,1.938465835708226,12.519213308518035,5.823322090710889,54.18,45.44038564628344,42.79833717128874,37.78492339136573,15.78773266268992,-0.0,3.9398459666251,19.62,246.2257414069412
t262,0.0,28.16,-0.0,-0.0,7.970676607547495,25.4,5.1669008973313915,7.6437287636163385,13.609432350886284,54.18,56.323,36.818378995250285,35.557585001358085,6.535259153461289,-0.0,19.404,19.62,316.38896176945116
t263,0.0,28.16,-0.0,-0.0,7.915980375651136,25.4,5.591881056117313,6.890179260329008,6.122377130888739,54.18,56.323,30.30795061872979,33.07652855404069,5.719643269740501,-0.0,19.404,19.62,298.7115402654972
t264,0.0,21.187385032205746,-0.0,-0.0,8.490857765626826,25.4,7.198429353702551,6.265537391442565,3.7126258325412254,54.18,56.323,20.017385344717436,29.204971389686158,4.298881470818786,-0.0,19.404,19.62,275.3030735807413
t265,-0.0,28.16,30.12,19.759999999999998,10.422,25.4,12.35,26.212128861335774,49.418963611113476,54.18,56.323,64.35531416521097,41.12053379132443,20.898,1.68,19.404,19.62,479.4239404289846
t266,-0.0,28.16,30.12,19.759999999999998,10.422,25.4,12.35,26.212128861335778,49.418963611113476,54.18,56.323,64.35531416521097,41.12053379132443,20.898,1.68,19.404,19.62,479.4239404289846
t267,-0.0,28.16,30.12,19.759999999999998,10.422,25.4,12.35,26.212128861335774,49.41896361111347,54.18,56.323,64.35531416521096,41.12053379132443,20.898,1.68,19.404,19.62,479.4239404289846
t268,-0.0,28.16,30.12,19.759999999999998,10.422,25.4,12.35,26.212128861335778,49.41896361111347,54.18,56.323,64.35531416521096,41.12053379132443,20.898,1.68,19.404,19.62,479.4239404289846
t269,-0.0,28.16,30.12,19.759999999999998,10.422,25.4,12.35,26.212128861335778,49.41896361111347,54.18,56.323,64.35531416521096,41.12053379132443,20.898,1.68,19.404,19.62,479.4239404289846
t270,-0.0,28.16,30.12,19.759999999999998,10.422,25.4,12.35,26.212128861335778,49.41896361111347,54.18,56.323,64.35531416521096,41.12053379132443,20.898,1.68,19.404,19.62,479.4239404289846
t271,-0.0,28.16,30.12,19.759999999999998,10.422,25.4,12.35,26.212128861335778,49.41896361111347,54.18,56.323,64.35531416521096,41.12053379132443,20.898,1.68,19.404,19.62,479.4239404289846
t272,-0.0,28.16,30.12,19.759999999999998,10.422,25.4,12.35,26.212128861335778,49.41896361111347,54.18,56.323,64.35531416521096,41.12053379132443,20.89800000000014,1.68,19.404,19.62,479.42394042898474
t273,-0.0,28.16,30.12,19.760000000000005,10.422,25.4,12.35,26.212128861335778,49.418963611113476,54.18,56.323,64.35531416521096,41.12053379132443,20.898,1.68,19.404,19.62,479.4239404289846
t274,-0.0,28.16,30.12,19.759999999999998,10.422,25.4,12.35,26.21212886133577,49.418963611113476,54.18,56.323,64.35531416521096,41.12053379132443,20.898,1.68,19.404,19.62,479.4239404289846
t275,-0.0,28.16,30.12,19.759999999999998,10.422,25.4,12.35,26.212128861335778,49.418963611113476,54.18,56.323,64.35531416521096,41.12053379132443,20.898,1.68,19.404,19.62,479.4239404289846
t276,-0.0,28.16,30.12,19.759999999999998,10.422,25.4,12.35,26.212128861335774,49.418963611113476,54.18,56.323,64.35531416521096,41.12053379132443,20.898,1.68,19.404,19.62,479.4239404289846
t277,-0.0,28.16,30.12,19.75999999999999,10.422,25.4,12.35,26.212128861335778,49.418963611113476,54.18,56.323,64.35531416521096,41.12053379132443,20.898,1.68,19.404,19.62,479.4239404289846
t278,-0.0,28.16,30.12,19.75999999999999,10.422,25.4,12.35,26.212128861335778,49.418963611113476,54.18,56.323,64.35531416521096,41.12053379132443,20.898,1.68,19.404,19.62,479.4239404289846
t279,-0.0,28.16,30.12,19.75999999999999,10.422,25.4,12.35,26.212128861335778,49.418963611113476,54.18,56.323,64.35531416521096,41.12053379132443,20.898,1.68,19.404,19.62,479.4239404289846
t280,-0.0,28.16,30.12,19.759999999999998,10.422,25.4,12.35,26.212128861335778,49.418963611113476,54.18,56.323,64.35531416521096,41.12053379132443,20.898,1.68,19.404,-0.0,459.8039404289846
t281,-0.0,28.16,30.12,19.759999999999998,10.422,25.4,12.35,26.212128861335778,49.418963611113476,54.18,56.323,64.35531416521096,41.12053379132443,20.89800000000014,1.68,19.404,0.030173405495428293,459.83411383448015
t282,-0.0,28.16,30.12,19.759999999999998,10.422,25.4,12.35,26.212128861335778,49.418963611113476,54.18000000000001,56.323,64.35531416521096,41.12053379132443,20.898,1.68,19.404,19.62,479.4239404289846
t283,0.0,-0.0,-0.0,19.062186223260785,0.11980737846396551,25.4,9.023448688365628,23.90396154359643,-0.0,36.303598131364076,56.323,29.936163144033372,7.587035175593543,20.898,1.566907077874928,19.404,19.62,269.1481073625527
t284,0.0,28.16,30.12,17.039376510691692,8.752524677756956,-0.0,6.05887573384553,18.699051143913238,38.227587049635225,54.18,-0.0,49.82945348136524,27.981412040357093,20.898,1.68,18.36727369465055,19.62,339.6135543322156
t285,0.0,26.61418122664596,-0.0,1.6939692684256378,2.266832231380094,25.4,5.248238832404244,18.144942587465746,10.200159004294735,54.18,56.323,20.81362750177165,18.72669953382424,20.898,1.68,10.39322617929915,-0.0,272.5828763655115
t286,0.0,-0.0,-0.0,13.857828391960899,2.4428751334905203,25.4,4.680144410146629,14.587108683659913,-0.0,23.597479500753398,56.323,27.475342953034275,7.496206857026865,20.19072484836145,-0.0,11.184571838941052,12.189739504188715,219.4250221215637
t287,0.0,11.759031430149802,30.12,19.759999999999998,-0.0,25.4,8.698182206131317,13.941263748779997,-0.0,2.37664945443001,56.323,36.403548943550625,2.3624048912998545,20.898,-0.0,17.152337735242597,5.825458960223438,251.01987736980766
t288,-0.0,28.16,30.12,19.759999999999998,10.422,25.4,12.35,26.212128861335778,49.418963611113476,54.18000000000001,56.323,64.35531416521096,41.12053379132443,20.897999999999996,1.68,19.404,19.62,479.4239404289846
