region,Resource,zone,Cluster,R_ID,ESR_1,ESR_2,ESR_3,ESR_4,ESR_5,ESR_6,Total
NENG_Rest,NENG_Rest_conventional_hydroelectric_1,1,1,1,0.0,0.0,0.0,0.0,0.0,0.0,0.0
NY_Z_A,NY_Z_A_conventional_hydroelectric_1,2,1,2,0.0,0.0,0.0,0.0,23562.667892284193,0.0,23562.667892284193
NY_Z_B,NY_Z_B_conventional_hydroelectric_1,3,1,3,0.0,0.0,0.0,0.0,0.0,0.0,0.0
NY_Z_C&E,NY_Z_C&E_conventional_hydroelectric_1,4,1,4,0.0,0.0,0.0,0.0,334.270969630964,0.0,334.270969630964
NY_Z_D,NY_Z_D_conventional_hydroelectric_1,5,1,5,0.0,0.0,0.0,0.0,10961.147455100114,0.0,10961.147455100114
NY_Z_F,NY_Z_F_conventional_hydroelectric_1,6,1,6,0.0,0.0,0.0,0.0,1867.6932207464893,0.0,1867.6932207464893
PJM_EMAC,PJM_EMAC_conventional_hydroelectric_1,10,1,7,0.0,0.0,0.0,0.0,0.0,0.0,0.0
PJM_Rest,PJM_Rest_conventional_hydroelectric_1,11,1,8,0.0,0.0,0.0,0.0,0.0,0.0,0.0
NENG_Rest,NENG_Rest_conventional_steam_coal_1,1,1,9,0.0,0.0,0.0,0.0,0.0,0.0,0.0
NENG_Rest,NENG_Rest_natural_gas_fired_combined_cycle_1,1,1,10,0.0,0.0,0.0,0.0,0.0,0.0,0.0
NENG_Rest,NENG_Rest_natural_gas_fired_combined_cycle_2,1,2,11,0.0,0.0,0.0,0.0,0.0,0.0,0.0
NENG_Rest,NENG_Rest_natural_gas_fired_combustion_turbine_1,1,1,12,0.0,0.0,0.0,0.0,0.0,0.0,0.0
NENG_Rest,NENG_Rest_natural_gas_fired_combustion_turbine_2,1,2,13,0.0,0.0,0.0,0.0,0.0,0.0,0.0
NENG_Rest,NENG_Rest_nuclear_1,1,1,14,0.0,0.0,0.0,0.0,0.0,0.0,0.0
NY_Z_A,NY_Z_A_natural_gas_fired_combined_cycle_1,2,1,15,0.0,0.0,0.0,0.0,0.0,0.0,0.0
NY_Z_A,NY_Z_A_natural_gas_fired_combustion_turbine_1,2,1,16,0.0,0.0,0.0,0.0,0.0,0.0,0.0
NY_Z_A,NY_Z_A_natural_gas_steam_turbine_1,2,1,17,0.0,0.0,0.0,0.0,0.0,0.0,0.0
NY_Z_B,NY_Z_B_natural_gas_fired_combined_cycle_1,3,1,18,0.0,0.0,0.0,0.0,0.0,0.0,0.0
NY_Z_B,NY_Z_B_natural_gas_fired_combustion_turbine_1,3,1,19,0.0,0.0,0.0,0.0,0.0,0.0,0.0
NY_Z_B,NY_Z_B_natural_gas_steam_turbine_1,3,1,20,0.0,0.0,0.0,0.0,0.0,0.0,0.0
NY_Z_B,NY_Z_B_nuclear_1,3,1,21,0.0,0.0,0.0,0.0,0.0,0.0,0.0
NY_Z_C&E,NY_Z_C&E_natural_gas_fired_combined_cycle_1,4,1,22,0.0,0.0,0.0,0.0,0.0,0.0,0.0
NY_Z_C&E,NY_Z_C&E_natural_gas_steam_turbine_1,4,1,23,0.0,0.0,0.0,0.0,0.0,0.0,0.0
NY_Z_C&E,NY_Z_C&E_nuclear_1,4,1,24,0.0,0.0,0.0,0.0,0.0,0.0,0.0
NY_Z_D,NY_Z_D_natural_gas_fired_combined_cycle_1,5,1,25,0.0,0.0,0.0,0.0,0.0,0.0,0.0
NY_Z_D,NY_Z_D_natural_gas_fired_combined_cycle_2,5,2,26,0.0,0.0,0.0,0.0,0.0,0.0,0.0
NY_Z_F,NY_Z_F_natural_gas_fired_combined_cycle_1,6,1,27,0.0,0.0,0.0,0.0,0.0,0.0,0.0
NY_Z_F,NY_Z_F_natural_gas_fired_combined_cycle_2,6,2,28,0.0,0.0,0.0,0.0,0.0,0.0,0.0
NY_Z_F,NY_Z_F_natural_gas_fired_combustion_turbine_1,6,1,29,0.0,0.0,0.0,0.0,0.0,0.0,0.0
NY_Z_G-I,NY_Z_G-I_natural_gas_fired_combined_cycle_1,7,1,30,0.0,0.0,0.0,0.0,0.0,0.0,0.0
NY_Z_G-I,NY_Z_G-I_natural_gas_fired_combined_cycle_2,7,2,31,0.0,0.0,0.0,0.0,0.0,0.0,0.0
NY_Z_G-I,NY_Z_G-I_natural_gas_fired_combustion_turbine_1,7,1,32,0.0,0.0,0.0,0.0,0.0,0.0,0.0
NY_Z_G-I,NY_Z_G-I_natural_gas_fired_combustion_turbine_2,7,2,33,0.0,0.0,0.0,0.0,0.0,0.0,0.0
NY_Z_J,NY_Z_J_natural_gas_fired_combined_cycle_1,8,1,34,0.0,0.0,0.0,0.0,0.0,0.0,0.0
NY_Z_J,NY_Z_J_natural_gas_fired_combined_cycle_2,8,2,35,0.0,0.0,0.0,0.0,0.0,0.0,0.0
NY_Z_J,NY_Z_J_natural_gas_fired_combustion_turbine_1,8,1,36,0.0,0.0,0.0,0.0,0.0,0.0,0.0
NY_Z_J,NY_Z_J_natural_gas_fired_combustion_turbine_2,8,2,37,0.0,0.0,0.0,0.0,0.0,0.0,0.0
NY_Z_K,NY_Z_K_natural_gas_fired_combined_cycle_1,9,1,38,0.0,0.0,0.0,0.0,0.0,0.0,0.0
NY_Z_K,NY_Z_K_natural_gas_fired_combined_cycle_2,9,2,39,0.0,0.0,0.0,0.0,0.0,0.0,0.0
NY_Z_K,NY_Z_K_natural_gas_fired_combustion_turbine_1,9,1,40,0.0,0.0,0.0,0.0,0.0,0.0,0.0
NY_Z_K,NY_Z_K_natural_gas_fired_combustion_turbine_2,9,2,41,0.0,0.0,0.0,0.0,0.0,0.0,0.0
PJM_EMAC,PJM_EMAC_conventional_steam_coal_1,10,1,42,0.0,0.0,0.0,0.0,0.0,0.0,0.0
PJM_EMAC,PJM_EMAC_natural_gas_fired_combined_cycle_1,10,1,43,0.0,0.0,0.0,0.0,0.0,0.0,0.0
PJM_EMAC,PJM_EMAC_natural_gas_fired_combined_cycle_2,10,2,44,0.0,0.0,0.0,0.0,0.0,0.0,0.0
PJM_EMAC,PJM_EMAC_natural_gas_fired_combined_cycle_3,10,3,45,0.0,0.0,0.0,0.0,0.0,0.0,0.0
PJM_EMAC,PJM_EMAC_natural_gas_fired_combustion_turbine_1,10,1,46,0.0,0.0,0.0,0.0,0.0,0.0,0.0
PJM_EMAC,PJM_EMAC_natural_gas_fired_combustion_turbine_2,10,2,47,0.0,0.0,0.0,0.0,0.0,0.0,0.0
PJM_EMAC,PJM_EMAC_natural_gas_steam_turbine_1,10,1,48,0.0,0.0,0.0,0.0,0.0,0.0,0.0
PJM_EMAC,PJM_EMAC_nuclear_1,10,1,49,0.0,0.0,0.0,0.0,0.0,0.0,0.0
PJM_EMAC,PJM_EMAC_nuclear_2,10,2,50,0.0,0.0,0.0,0.0,0.0,0.0,0.0
PJM_Rest,PJM_Rest_conventional_steam_coal_1,11,1,51,0.0,0.0,0.0,0.0,0.0,0.0,0.0
PJM_Rest,PJM_Rest_natural_gas_fired_combined_cycle_1,11,1,52,0.0,0.0,0.0,0.0,0.0,0.0,0.0
PJM_Rest,PJM_Rest_natural_gas_fired_combined_cycle_2,11,2,53,0.0,0.0,0.0,0.0,0.0,0.0,0.0
PJM_Rest,PJM_Rest_natural_gas_fired_combustion_turbine_1,11,1,54,0.0,0.0,0.0,0.0,0.0,0.0,0.0
PJM_Rest,PJM_Rest_natural_gas_fired_combustion_turbine_2,11,2,55,0.0,0.0,0.0,0.0,0.0,0.0,0.0
PJM_Rest,PJM_Rest_natural_gas_fired_combustion_turbine_3,11,3,56,0.0,0.0,0.0,0.0,0.0,0.0,0.0
PJM_Rest,PJM_Rest_natural_gas_fired_combustion_turbine_4,11,4,57,0.0,0.0,0.0,0.0,0.0,0.0,0.0
PJM_Rest,PJM_Rest_nuclear_1,11,1,58,0.0,0.0,0.0,0.0,0.0,0.0,0.0
NENG_Rest,NENG_Rest_naturalgas_ccavgcf_moderate_0,1,0,59,0.0,0.0,0.0,0.0,0.0,0.0,0.0
NENG_Rest,NENG_Rest_naturalgas_ctavgcf_moderate_0,1,0,60,0.0,0.0,0.0,0.0,0.0,0.0,0.0
NENG_Rest,NENG_Rest_nuclear_nuclear_moderate_0,1,0,61,0.0,0.0,0.0,0.0,0.0,0.0,0.0
NENG_Rest,NENG_Rest_naturalgas_ccs100_moderate_0,1,0,62,0.0,0.0,0.0,0.0,0.0,0.0,0.0
NY_Z_A,NY_Z_A_naturalgas_ccavgcf_moderate_0,2,0,63,0.0,0.0,0.0,0.0,0.0,0.0,0.0
NY_Z_A,NY_Z_A_naturalgas_ctavgcf_moderate_0,2,0,64,0.0,0.0,0.0,0.0,0.0,0.0,0.0
NY_Z_A,NY_Z_A_nuclear_nuclear_moderate_0,2,0,65,0.0,0.0,0.0,0.0,0.0,0.0,0.0
NY_Z_A,NY_Z_A_naturalgas_ccs100_moderate_0,2,0,66,0.0,0.0,0.0,0.0,0.0,0.0,0.0
NY_Z_B,NY_Z_B_naturalgas_ccavgcf_moderate_0,3,0,67,0.0,0.0,0.0,0.0,0.0,0.0,0.0
NY_Z_B,NY_Z_B_naturalgas_ctavgcf_moderate_0,3,0,68,0.0,0.0,0.0,0.0,0.0,0.0,0.0
NY_Z_B,NY_Z_B_nuclear_nuclear_moderate_0,3,0,69,0.0,0.0,0.0,0.0,0.0,0.0,0.0
NY_Z_B,NY_Z_B_naturalgas_ccs100_moderate_0,3,0,70,0.0,0.0,0.0,0.0,0.0,0.0,0.0
NY_Z_C&E,NY_Z_C&E_naturalgas_ccavgcf_moderate_0,4,0,71,0.0,0.0,0.0,0.0,0.0,0.0,0.0
NY_Z_C&E,NY_Z_C&E_naturalgas_ctavgcf_moderate_0,4,0,72,0.0,0.0,0.0,0.0,0.0,0.0,0.0
NY_Z_C&E,NY_Z_C&E_nuclear_nuclear_moderate_0,4,0,73,0.0,0.0,0.0,0.0,0.0,0.0,0.0
NY_Z_C&E,NY_Z_C&E_naturalgas_ccs100_moderate_0,4,0,74,0.0,0.0,0.0,0.0,0.0,0.0,0.0
NY_Z_D,NY_Z_D_naturalgas_ccavgcf_moderate_0,5,0,75,0.0,0.0,0.0,0.0,0.0,0.0,0.0
NY_Z_D,NY_Z_D_naturalgas_ctavgcf_moderate_0,5,0,76,0.0,0.0,0.0,0.0,0.0,0.0,0.0
NY_Z_D,NY_Z_D_nuclear_nuclear_moderate_0,5,0,77,0.0,0.0,0.0,0.0,0.0,0.0,0.0
NY_Z_D,NY_Z_D_naturalgas_ccs100_moderate_0,5,0,78,0.0,0.0,0.0,0.0,0.0,0.0,0.0
NY_Z_F,NY_Z_F_naturalgas_ccavgcf_moderate_0,6,0,79,0.0,0.0,0.0,0.0,0.0,0.0,0.0
NY_Z_F,NY_Z_F_naturalgas_ctavgcf_moderate_0,6,0,80,0.0,0.0,0.0,0.0,0.0,0.0,0.0
NY_Z_F,NY_Z_F_nuclear_nuclear_moderate_0,6,0,81,0.0,0.0,0.0,0.0,0.0,0.0,0.0
NY_Z_F,NY_Z_F_naturalgas_ccs100_moderate_0,6,0,82,0.0,0.0,0.0,0.0,0.0,0.0,0.0
NY_Z_G-I,NY_Z_G-I_naturalgas_ccavgcf_moderate_0,7,0,83,0.0,0.0,0.0,0.0,0.0,0.0,0.0
NY_Z_G-I,NY_Z_G-I_naturalgas_ctavgcf_moderate_0,7,0,84,0.0,0.0,0.0,0.0,0.0,0.0,0.0
NY_Z_G-I,NY_Z_G-I_nuclear_nuclear_moderate_0,7,0,85,0.0,0.0,0.0,0.0,0.0,0.0,0.0
NY_Z_G-I,NY_Z_G-I_naturalgas_ccs100_moderate_0,7,0,86,0.0,0.0,0.0,0.0,0.0,0.0,0.0
NY_Z_J,NY_Z_J_naturalgas_ccavgcf_moderate_0,8,0,87,0.0,0.0,0.0,0.0,0.0,0.0,0.0
NY_Z_J,NY_Z_J_naturalgas_ctavgcf_moderate_0,8,0,88,0.0,0.0,0.0,0.0,0.0,0.0,0.0
NY_Z_J,NY_Z_J_nuclear_nuclear_moderate_0,8,0,89,0.0,0.0,0.0,0.0,0.0,0.0,0.0
NY_Z_J,NY_Z_J_naturalgas_ccs100_moderate_0,8,0,90,0.0,0.0,0.0,0.0,0.0,0.0,0.0
NY_Z_K,NY_Z_K_naturalgas_ccavgcf_moderate_0,9,0,91,0.0,0.0,0.0,0.0,0.0,0.0,0.0
NY_Z_K,NY_Z_K_naturalgas_ctavgcf_moderate_0,9,0,92,0.0,0.0,0.0,0.0,0.0,0.0,0.0
NY_Z_K,NY_Z_K_nuclear_nuclear_moderate_0,9,0,93,0.0,0.0,0.0,0.0,0.0,0.0,0.0
NY_Z_K,NY_Z_K_naturalgas_ccs100_moderate_0,9,0,94,0.0,0.0,0.0,0.0,0.0,0.0,0.0
PJM_EMAC,PJM_EMAC_naturalgas_ccavgcf_moderate_0,10,0,95,0.0,0.0,0.0,0.0,0.0,0.0,0.0
PJM_EMAC,PJM_EMAC_naturalgas_ctavgcf_moderate_0,10,0,96,0.0,0.0,0.0,0.0,0.0,0.0,0.0
PJM_EMAC,PJM_EMAC_nuclear_nuclear_moderate_0,10,0,97,0.0,0.0,0.0,0.0,0.0,0.0,0.0
PJM_EMAC,PJM_EMAC_naturalgas_ccs100_moderate_0,10,0,98,0.0,0.0,0.0,0.0,0.0,0.0,0.0
PJM_Rest,PJM_Rest_naturalgas_ccccsavgcf_moderate_0,11,0,99,0.0,0.0,0.0,0.0,0.0,0.0,0.0
PJM_Rest,PJM_Rest_naturalgas_ccavgcf_moderate_0,11,0,100,0.0,0.0,0.0,0.0,0.0,0.0,0.0
PJM_Rest,PJM_Rest_naturalgas_ctavgcf_moderate_0,11,0,101,0.0,0.0,0.0,0.0,0.0,0.0,0.0
PJM_Rest,PJM_Rest_nuclear_nuclear_moderate_0,11,0,102,0.0,0.0,0.0,0.0,0.0,0.0,0.0
PJM_Rest,PJM_Rest_naturalgas_ccs100_moderate_0,11,0,103,0.0,0.0,0.0,0.0,0.0,0.0,0.0
NENG_Rest,NENG_Rest_offshore_wind_turbine_1,1,1,104,0.0,0.0,0.0,0.0,0.0,0.0,0.0
NENG_Rest,NENG_Rest_onshore_wind_turbine_1,1,1,105,1449.0609993263083,0.0,0.0,0.0,0.0,0.0,1449.0609993263083
NENG_Rest,NENG_Rest_solar_photovoltaic_1,1,1,106,355.8228363922398,0.0,0.0,0.0,0.0,0.0,355.8228363922398
NY_Z_A,NY_Z_A_onshore_wind_turbine_1,2,1,107,0.0,0.0,0.0,0.0,80.14464007581245,0.0,80.14464007581245
NY_Z_A,NY_Z_A_solar_photovoltaic_1,2,1,108,0.0,0.0,0.0,0.0,0.06678630805772061,0.0,0.06678630805772061
NY_Z_B,NY_Z_B_onshore_wind_turbine_1,3,1,109,0.0,0.0,0.0,0.0,0.0,0.0,0.0
NY_Z_B,NY_Z_B_solar_photovoltaic_1,3,1,110,0.0,0.0,0.0,0.0,0.14517755484023673,0.0,0.14517755484023673
NY_Z_C&E,NY_Z_C&E_onshore_wind_turbine_1,4,1,111,0.0,0.0,0.0,0.0,3228.0831290685896,0.0,3228.0831290685896
NY_Z_C&E,NY_Z_C&E_solar_photovoltaic_1,4,1,112,0.0,0.0,0.0,0.0,19.877709230730307,0.0,19.877709230730307
NY_Z_D,NY_Z_D_onshore_wind_turbine_1,5,1,113,0.0,0.0,0.0,0.0,2201.613811315277,0.0,2201.613811315277
NY_Z_D,NY_Z_D_solar_photovoltaic_1,5,1,114,0.0,0.0,0.0,0.0,0.3913447608847458,0.0,0.3913447608847458
NY_Z_F,NY_Z_F_solar_photovoltaic_1,6,1,115,0.0,0.0,0.0,0.0,9.978460284780056,0.0,9.978460284780056
NY_Z_G-I,NY_Z_G-I_solar_photovoltaic_1,7,1,116,0.0,0.0,0.0,0.0,7.674733801302588,0.0,7.674733801302588
PJM_EMAC,PJM_EMAC_solar_photovoltaic_1,10,1,117,0.0,0.0,0.0,0.0,0.0,0.0,0.0
PJM_Rest,PJM_Rest_onshore_wind_turbine_1,11,1,118,0.0,0.0,0.0,0.0,0.0,0.0,0.0
PJM_Rest,PJM_Rest_solar_photovoltaic_1,11,1,119,0.0,0.0,0.0,0.0,0.0,0.0,0.0
NENG_Rest,NENG_Rest_offshorewind_class3_moderate_fixed_1_0,1,0,120,0.0,0.0,0.0,0.0,0.0,0.0,0.0
NENG_Rest,NENG_Rest_offshorewind_class3_moderate_fixed_1_1,1,1,121,0.0,0.0,0.0,0.0,0.0,0.0,0.0
NENG_Rest,NENG_Rest_offshorewind_class3_moderate_fixed_1_2,1,2,122,0.0,0.0,0.0,0.0,0.0,0.0,0.0
NENG_Rest,NENG_Rest_offshorewind_class3_moderate_fixed_1_3,1,3,123,4489.7268416066945,0.0,0.0,0.0,0.0,0.0,4489.7268416066945
NENG_Rest,NENG_Rest_offshorewind_class3_moderate_fixed_1_4,1,4,124,0.0,0.0,0.0,0.0,0.0,0.0,0.0
NENG_Rest,NENG_Rest_offshorewind_class3_moderate_fixed_1_5,1,5,125,0.0,0.0,0.0,0.0,0.0,0.0,0.0
NENG_Rest,NENG_Rest_offshorewind_class3_moderate_fixed_0_0,1,0,126,2636.292276637609,0.0,0.0,0.0,0.0,0.0,2636.292276637609
NENG_Rest,NENG_Rest_offshorewind_class3_moderate_fixed_0_1,1,1,127,3371.046898308163,0.0,0.0,0.0,0.0,0.0,3371.046898308163
NENG_Rest,NENG_Rest_offshorewind_class3_moderate_fixed_0_2,1,2,128,5278.270750121091,0.0,0.0,0.0,0.0,0.0,5278.270750121091
NENG_Rest,NENG_Rest_offshorewind_class3_moderate_fixed_0_3,1,3,129,627.6068284961015,0.0,0.0,0.0,0.0,0.0,627.6068284961015
NENG_Rest,NENG_Rest_offshorewind_class3_moderate_fixed_0_4,1,4,130,0.0,0.0,0.0,0.0,0.0,0.0,0.0
NENG_Rest,NENG_Rest_offshorewind_class3_moderate_fixed_0_5,1,5,131,0.0,0.0,0.0,0.0,0.0,0.0,0.0
NENG_Rest,NENG_Rest_offshorewind_class12_moderate_floating_0_0,1,0,132,0.0,0.0,0.0,0.0,0.0,0.0,0.0
NENG_Rest,NENG_Rest_offshorewind_class12_moderate_floating_0_1,1,1,133,0.0,0.0,0.0,0.0,0.0,0.0,0.0
NENG_Rest,NENG_Rest_offshorewind_class12_moderate_floating_0_2,1,2,134,0.0,0.0,0.0,0.0,0.0,0.0,0.0
NENG_Rest,NENG_Rest_offshorewind_class12_moderate_floating_0_3,1,3,135,0.0,0.0,0.0,0.0,0.0,0.0,0.0
NENG_Rest,NENG_Rest_offshorewind_class12_moderate_floating_0_4,1,4,136,0.0,0.0,0.0,0.0,0.0,0.0,0.0
NENG_Rest,NENG_Rest_offshorewind_class12_moderate_floating_0_5,1,5,137,0.0,0.0,0.0,0.0,0.0,0.0,0.0
NENG_Rest,NENG_Rest_offshorewind_class12_moderate_floating_1_0,1,0,138,0.0,0.0,0.0,0.0,0.0,0.0,0.0
NENG_Rest,NENG_Rest_offshorewind_class12_moderate_floating_1_1,1,1,139,0.0,0.0,0.0,0.0,0.0,0.0,0.0
NENG_Rest,NENG_Rest_offshorewind_class12_moderate_floating_1_2,1,2,140,0.0,0.0,0.0,0.0,0.0,0.0,0.0
NENG_Rest,NENG_Rest_offshorewind_class12_moderate_floating_1_3,1,3,141,0.0,0.0,0.0,0.0,0.0,0.0,0.0
NENG_Rest,NENG_Rest_offshorewind_class12_moderate_floating_1_4,1,4,142,0.0,0.0,0.0,0.0,0.0,0.0,0.0
NENG_Rest,NENG_Rest_offshorewind_class12_moderate_floating_1_5,1,5,143,0.0,0.0,0.0,0.0,0.0,0.0,0.0
NENG_Rest,NENG_Rest_landbasedwind_class1_moderate_1,1,1,144,96.42053702120938,0.0,0.0,0.0,0.0,0.0,96.42053702120938
NENG_Rest,NENG_Rest_landbasedwind_class1_moderate_2,1,2,145,41562.32656996935,0.0,0.0,0.0,0.0,0.0,41562.32656996935
NENG_Rest,NENG_Rest_landbasedwind_class1_moderate_3,1,3,146,0.0,0.0,0.0,0.0,0.0,0.0,0.0
NENG_Rest,NENG_Rest_landbasedwind_class1_moderate_4,1,4,147,0.0,0.0,0.0,0.0,0.0,0.0,0.0
NENG_Rest,NENG_Rest_landbasedwind_class1_moderate_5,1,5,148,0.0,0.0,0.0,0.0,0.0,0.0,0.0
NENG_Rest,NENG_Rest_landbasedwind_class1_moderate_6,1,6,149,0.0,0.0,0.0,0.0,0.0,0.0,0.0
NENG_Rest,NENG_Rest_utilitypv_class1_moderate_1,1,1,150,0.0,0.0,0.0,0.0,0.0,0.0,0.0
NENG_Rest,NENG_Rest_utilitypv_class1_moderate_2,1,2,151,15134.88684252783,0.0,0.0,0.0,0.0,0.0,15134.88684252783
NENG_Rest,NENG_Rest_utilitypv_class1_moderate_3,1,3,152,0.0,0.0,0.0,0.0,0.0,0.0,0.0
NENG_Rest,NENG_Rest_utilitypv_class1_moderate_4,1,4,153,0.0,0.0,0.0,0.0,0.0,0.0,0.0
NENG_Rest,NENG_Rest_utilitypv_class1_moderate_5,1,5,154,0.0,0.0,0.0,0.0,0.0,0.0,0.0
NENG_Rest,NENG_Rest_utilitypv_class1_moderate_6,1,6,155,0.0,0.0,0.0,0.0,0.0,0.0,0.0
NY_Z_A,NY_Z_A_landbasedwind_class1_moderate_1,2,1,156,0.0,0.0,0.0,0.0,0.0,0.0,0.0
NY_Z_A,NY_Z_A_landbasedwind_class1_moderate_2,2,2,157,0.0,0.0,0.0,0.0,5094.301872752351,0.0,5094.301872752351
NY_Z_A,NY_Z_A_landbasedwind_class1_moderate_3,2,3,158,0.0,0.0,0.0,0.0,0.0,0.0,0.0
NY_Z_A,NY_Z_A_landbasedwind_class1_moderate_4,2,4,159,0.0,0.0,0.0,0.0,4150.414405311757,0.0,4150.414405311757
NY_Z_A,NY_Z_A_landbasedwind_class1_moderate_5,2,5,160,0.0,0.0,0.0,0.0,0.0,0.0,0.0
NY_Z_A,NY_Z_A_landbasedwind_class1_moderate_6,2,6,161,0.0,0.0,0.0,0.0,0.0,0.0,0.0
NY_Z_A,NY_Z_A_utilitypv_class1_moderate_1,2,1,162,0.0,0.0,0.0,0.0,0.0,0.0,0.0
NY_Z_A,NY_Z_A_utilitypv_class1_moderate_2,2,2,163,0.0,0.0,0.0,0.0,348.2131176103221,0.0,348.2131176103221
NY_Z_A,NY_Z_A_utilitypv_class1_moderate_3,2,3,164,0.0,0.0,0.0,0.0,0.0,0.0,0.0
NY_Z_A,NY_Z_A_utilitypv_class1_moderate_4,2,4,165,0.0,0.0,0.0,0.0,0.0,0.0,0.0
NY_Z_A,NY_Z_A_utilitypv_class1_moderate_5,2,5,166,0.0,0.0,0.0,0.0,0.0,0.0,0.0
NY_Z_A,NY_Z_A_utilitypv_class1_moderate_6,2,6,167,0.0,0.0,0.0,0.0,0.0,0.0,0.0
NY_Z_B,NY_Z_B_landbasedwind_class1_moderate_1,3,1,168,0.0,0.0,0.0,0.0,3533.9066157756624,0.0,3533.9066157756624
NY_Z_B,NY_Z_B_landbasedwind_class1_moderate_2,3,2,169,0.0,0.0,0.0,0.0,1197.8158857386811,0.0,1197.8158857386811
NY_Z_B,NY_Z_B_landbasedwind_class1_moderate_3,3,3,170,0.0,0.0,0.0,0.0,0.0,0.0,0.0
NY_Z_B,NY_Z_B_landbasedwind_class1_moderate_4,3,4,171,0.0,0.0,0.0,0.0,626.634241678878,0.0,626.634241678878
NY_Z_B,NY_Z_B_landbasedwind_class1_moderate_5,3,5,172,0.0,0.0,0.0,0.0,0.0,0.0,0.0
NY_Z_B,NY_Z_B_landbasedwind_class1_moderate_6,3,6,173,0.0,0.0,0.0,0.0,0.0,0.0,0.0
NY_Z_B,NY_Z_B_utilitypv_class1_moderate_1,3,1,174,0.0,0.0,0.0,0.0,20145.229091896832,0.0,20145.229091896832
NY_Z_B,NY_Z_B_utilitypv_class1_moderate_2,3,2,175,0.0,0.0,0.0,0.0,0.0,0.0,0.0
NY_Z_B,NY_Z_B_utilitypv_class1_moderate_3,3,3,176,0.0,0.0,0.0,0.0,0.0,0.0,0.0
NY_Z_B,NY_Z_B_utilitypv_class1_moderate_4,3,4,177,0.0,0.0,0.0,0.0,0.0,0.0,0.0
NY_Z_B,NY_Z_B_utilitypv_class1_moderate_5,3,5,178,0.0,0.0,0.0,0.0,0.0,0.0,0.0
NY_Z_B,NY_Z_B_utilitypv_class1_moderate_6,3,6,179,0.0,0.0,0.0,0.0,0.0,0.0,0.0
NY_Z_C&E,NY_Z_C&E_landbasedwind_class1_moderate_1,4,1,180,0.0,0.0,0.0,0.0,0.0,0.0,0.0
NY_Z_C&E,NY_Z_C&E_landbasedwind_class1_moderate_2,4,2,181,0.0,0.0,0.0,0.0,0.0,0.0,0.0
NY_Z_C&E,NY_Z_C&E_landbasedwind_class1_moderate_3,4,3,182,0.0,0.0,0.0,0.0,0.0,0.0,0.0
NY_Z_C&E,NY_Z_C&E_landbasedwind_class1_moderate_4,4,4,183,0.0,0.0,0.0,0.0,0.0,0.0,0.0
NY_Z_C&E,NY_Z_C&E_landbasedwind_class1_moderate_5,4,5,184,0.0,0.0,0.0,0.0,0.0,0.0,0.0
NY_Z_C&E,NY_Z_C&E_landbasedwind_class1_moderate_6,4,6,185,0.0,0.0,0.0,0.0,0.0,0.0,0.0
NY_Z_C&E,NY_Z_C&E_utilitypv_class1_moderate_1,4,1,186,0.0,0.0,0.0,0.0,74749.5988705533,0.0,74749.5988705533
NY_Z_C&E,NY_Z_C&E_utilitypv_class1_moderate_2,4,2,187,0.0,0.0,0.0,0.0,0.0,0.0,0.0
NY_Z_C&E,NY_Z_C&E_utilitypv_class1_moderate_3,4,3,188,0.0,0.0,0.0,0.0,0.0,0.0,0.0
NY_Z_C&E,NY_Z_C&E_utilitypv_class1_moderate_4,4,4,189,0.0,0.0,0.0,0.0,0.0,0.0,0.0
NY_Z_C&E,NY_Z_C&E_utilitypv_class1_moderate_5,4,5,190,0.0,0.0,0.0,0.0,0.0,0.0,0.0
NY_Z_C&E,NY_Z_C&E_utilitypv_class1_moderate_6,4,6,191,0.0,0.0,0.0,0.0,0.0,0.0,0.0
NY_Z_D,NY_Z_D_landbasedwind_class1_moderate_1,5,1,192,0.0,0.0,0.0,0.0,0.0,0.0,0.0
NY_Z_D,NY_Z_D_landbasedwind_class1_moderate_2,5,2,193,0.0,0.0,0.0,0.0,0.0,0.0,0.0
NY_Z_D,NY_Z_D_landbasedwind_class1_moderate_3,5,3,194,0.0,0.0,0.0,0.0,0.0,0.0,0.0
NY_Z_D,NY_Z_D_landbasedwind_class1_moderate_4,5,4,195,0.0,0.0,0.0,0.0,0.0,0.0,0.0
NY_Z_D,NY_Z_D_landbasedwind_class1_moderate_5,5,5,196,0.0,0.0,0.0,0.0,0.0,0.0,0.0
NY_Z_D,NY_Z_D_landbasedwind_class1_moderate_6,5,6,197,0.0,0.0,0.0,0.0,0.0,0.0,0.0
NY_Z_D,NY_Z_D_utilitypv_class1_moderate_1,5,1,198,0.0,0.0,0.0,0.0,0.0,0.0,0.0
NY_Z_D,NY_Z_D_utilitypv_class1_moderate_2,5,2,199,0.0,0.0,0.0,0.0,0.0,0.0,0.0
NY_Z_D,NY_Z_D_utilitypv_class1_moderate_3,5,3,200,0.0,0.0,0.0,0.0,0.0,0.0,0.0
NY_Z_D,NY_Z_D_utilitypv_class1_moderate_4,5,4,201,0.0,0.0,0.0,0.0,0.0,0.0,0.0
NY_Z_D,NY_Z_D_utilitypv_class1_moderate_5,5,5,202,0.0,0.0,0.0,0.0,0.0,0.0,0.0
NY_Z_D,NY_Z_D_utilitypv_class1_moderate_6,5,6,203,0.0,0.0,0.0,0.0,0.0,0.0,0.0
NY_Z_F,NY_Z_F_landbasedwind_class1_moderate_1,6,1,204,0.0,0.0,0.0,0.0,0.0,0.0,0.0
NY_Z_F,NY_Z_F_landbasedwind_class1_moderate_2,6,2,205,0.0,0.0,0.0,0.0,0.0,0.0,0.0
NY_Z_F,NY_Z_F_landbasedwind_class1_moderate_3,6,3,206,0.0,0.0,0.0,0.0,0.0,0.0,0.0
NY_Z_F,NY_Z_F_landbasedwind_class1_moderate_4,6,4,207,0.0,0.0,0.0,0.0,0.0,0.0,0.0
NY_Z_F,NY_Z_F_landbasedwind_class1_moderate_5,6,5,208,0.0,0.0,0.0,0.0,0.0,0.0,0.0
NY_Z_F,NY_Z_F_landbasedwind_class1_moderate_6,6,6,209,0.0,0.0,0.0,0.0,0.0,0.0,0.0
NY_Z_F,NY_Z_F_utilitypv_class1_moderate_1,6,1,210,0.0,0.0,0.0,0.0,0.0,0.0,0.0
NY_Z_F,NY_Z_F_utilitypv_class1_moderate_2,6,2,211,0.0,0.0,0.0,0.0,3556.2076685713546,0.0,3556.2076685713546
NY_Z_F,NY_Z_F_utilitypv_class1_moderate_3,6,3,212,0.0,0.0,0.0,0.0,0.0,0.0,0.0
NY_Z_F,NY_Z_F_utilitypv_class1_moderate_4,6,4,213,0.0,0.0,0.0,0.0,0.0,0.0,0.0
NY_Z_F,NY_Z_F_utilitypv_class1_moderate_5,6,5,214,0.0,0.0,0.0,0.0,0.0,0.0,0.0
NY_Z_F,NY_Z_F_utilitypv_class1_moderate_6,6,6,215,0.0,0.0,0.0,0.0,0.0,0.0,0.0
NY_Z_G-I,NY_Z_G-I_landbasedwind_class1_moderate_1,7,1,216,0.0,0.0,0.0,0.0,19.63899042418812,0.0,19.63899042418812
NY_Z_G-I,NY_Z_G-I_landbasedwind_class1_moderate_2,7,2,217,0.0,0.0,0.0,0.0,58.96146258762075,0.0,58.96146258762075
NY_Z_G-I,NY_Z_G-I_landbasedwind_class1_moderate_3,7,3,218,0.0,0.0,0.0,0.0,0.0,0.0,0.0
NY_Z_G-I,NY_Z_G-I_landbasedwind_class1_moderate_4,7,4,219,0.0,0.0,0.0,0.0,0.0,0.0,0.0
NY_Z_G-I,NY_Z_G-I_landbasedwind_class1_moderate_5,7,5,220,0.0,0.0,0.0,0.0,0.0,0.0,0.0
NY_Z_G-I,NY_Z_G-I_landbasedwind_class1_moderate_6,7,6,221,0.0,0.0,0.0,0.0,0.0,0.0,0.0
NY_Z_G-I,NY_Z_G-I_utilitypv_class1_moderate_1,7,1,222,0.0,0.0,0.0,0.0,2188.5129410168165,0.0,2188.5129410168165
NY_Z_G-I,NY_Z_G-I_utilitypv_class1_moderate_2,7,2,223,0.0,0.0,0.0,0.0,3707.858895576818,0.0,3707.858895576818
NY_Z_G-I,NY_Z_G-I_utilitypv_class1_moderate_3,7,3,224,0.0,0.0,0.0,0.0,2942.06761551459,0.0,2942.06761551459
NY_Z_G-I,NY_Z_G-I_utilitypv_class1_moderate_4,7,4,225,0.0,0.0,0.0,0.0,0.0,0.0,0.0
NY_Z_G-I,NY_Z_G-I_utilitypv_class1_moderate_5,7,5,226,0.0,0.0,0.0,0.0,0.0,0.0,0.0
NY_Z_G-I,NY_Z_G-I_utilitypv_class1_moderate_6,7,6,227,0.0,0.0,0.0,0.0,0.0,0.0,0.0
NY_Z_J,NY_Z_J_offshorewind_class3_moderate_fixed_1_0,8,0,228,0.0,0.0,0.0,0.0,4342.407452810125,0.0,4342.407452810125
NY_Z_J,NY_Z_J_offshorewind_class3_moderate_fixed_1_1,8,1,229,0.0,0.0,0.0,0.0,5400.631175677248,0.0,5400.631175677248
NY_Z_J,NY_Z_J_offshorewind_class3_moderate_fixed_1_2,8,2,230,0.0,0.0,0.0,0.0,7006.578067237131,0.0,7006.578067237131
NY_Z_J,NY_Z_J_offshorewind_class3_moderate_fixed_1_3,8,3,231,0.0,0.0,0.0,0.0,2920.1136066992894,0.0,2920.1136066992894
NY_Z_J,NY_Z_J_offshorewind_class3_moderate_fixed_1_4,8,4,232,0.0,0.0,0.0,0.0,7476.156713437564,0.0,7476.156713437564
NY_Z_J,NY_Z_J_offshorewind_class3_moderate_fixed_1_5,8,5,233,0.0,0.0,0.0,0.0,1846.2994737977401,0.0,1846.2994737977401
NY_Z_J,NY_Z_J_offshorewind_class3_moderate_fixed_0_0,8,0,234,0.0,0.0,0.0,0.0,593.9820775419187,0.0,593.9820775419187
NY_Z_J,NY_Z_J_offshorewind_class3_moderate_fixed_0_1,8,1,235,0.0,0.0,0.0,0.0,659.2110139606644,0.0,659.2110139606644
NY_Z_J,NY_Z_J_offshorewind_class3_moderate_fixed_0_2,8,2,236,0.0,0.0,0.0,0.0,2399.787386740671,0.0,2399.787386740671
NY_Z_J,NY_Z_J_offshorewind_class3_moderate_fixed_0_3,8,3,237,0.0,0.0,0.0,0.0,1103.8508546913097,0.0,1103.8508546913097
NY_Z_J,NY_Z_J_offshorewind_class3_moderate_fixed_0_4,8,4,238,0.0,0.0,0.0,0.0,2367.996965832659,0.0,2367.996965832659
NY_Z_J,NY_Z_J_offshorewind_class3_moderate_fixed_0_5,8,5,239,0.0,0.0,0.0,0.0,613.8782839307516,0.0,613.8782839307516
NY_Z_J,NY_Z_J_offshorewind_class12_moderate_floating_0_0,8,0,240,0.0,0.0,0.0,0.0,0.0,0.0,0.0
NY_Z_J,NY_Z_J_offshorewind_class12_moderate_floating_0_1,8,1,241,0.0,0.0,0.0,0.0,0.0,0.0,0.0
NY_Z_J,NY_Z_J_offshorewind_class12_moderate_floating_0_2,8,2,242,0.0,0.0,0.0,0.0,0.0,0.0,0.0
NY_Z_J,NY_Z_J_offshorewind_class12_moderate_floating_0_3,8,3,243,0.0,0.0,0.0,0.0,0.0,0.0,0.0
NY_Z_J,NY_Z_J_offshorewind_class12_moderate_floating_0_4,8,4,244,0.0,0.0,0.0,0.0,0.0,0.0,0.0
NY_Z_J,NY_Z_J_offshorewind_class12_moderate_floating_0_5,8,5,245,0.0,0.0,0.0,0.0,0.0,0.0,0.0
NY_Z_J,NY_Z_J_offshorewind_class12_moderate_floating_1_0,8,0,246,0.0,0.0,0.0,0.0,0.0,0.0,0.0
NY_Z_J,NY_Z_J_offshorewind_class12_moderate_floating_1_1,8,1,247,0.0,0.0,0.0,0.0,0.0,0.0,0.0
NY_Z_J,NY_Z_J_offshorewind_class12_moderate_floating_1_2,8,2,248,0.0,0.0,0.0,0.0,0.0,0.0,0.0
NY_Z_J,NY_Z_J_offshorewind_class12_moderate_floating_1_3,8,3,249,0.0,0.0,0.0,0.0,0.0,0.0,0.0
NY_Z_J,NY_Z_J_offshorewind_class12_moderate_floating_1_4,8,4,250,0.0,0.0,0.0,0.0,0.0,0.0,0.0
NY_Z_J,NY_Z_J_offshorewind_class12_moderate_floating_1_5,8,5,251,0.0,0.0,0.0,0.0,0.0,0.0,0.0
NY_Z_K,NY_Z_K_utilitypv_class1_moderate_1,9,1,252,0.0,0.0,0.0,0.0,0.0,0.0,0.0
PJM_EMAC,PJM_EMAC_offshorewind_class3_moderate_fixed_1_0,10,0,253,0.0,0.0,0.0,0.0,0.0,0.0,0.0
PJM_EMAC,PJM_EMAC_offshorewind_class3_moderate_fixed_1_1,10,1,254,0.0,0.0,0.0,0.0,0.0,0.0,0.0
PJM_EMAC,PJM_EMAC_offshorewind_class3_moderate_fixed_1_2,10,2,255,0.0,0.0,0.0,0.0,0.0,0.0,0.0
PJM_EMAC,PJM_EMAC_offshorewind_class3_moderate_fixed_1_3,10,3,256,0.0,0.0,0.0,0.0,0.0,0.0,0.0
PJM_EMAC,PJM_EMAC_offshorewind_class3_moderate_fixed_1_4,10,4,257,0.0,0.0,0.0,0.0,0.0,0.0,0.0
PJM_EMAC,PJM_EMAC_offshorewind_class3_moderate_fixed_1_5,10,5,258,0.0,0.0,0.0,0.0,0.0,0.0,0.0
PJM_EMAC,PJM_EMAC_offshorewind_class3_moderate_fixed_0_0,10,0,259,0.0,0.0,0.0,0.0,0.0,0.0,0.0
PJM_EMAC,PJM_EMAC_offshorewind_class3_moderate_fixed_0_1,10,1,260,0.0,0.0,0.0,0.0,0.0,0.0,0.0
PJM_EMAC,PJM_EMAC_offshorewind_class3_moderate_fixed_0_2,10,2,261,0.0,0.0,0.0,0.0,0.0,0.0,0.0
PJM_EMAC,PJM_EMAC_offshorewind_class3_moderate_fixed_0_3,10,3,262,0.0,0.0,0.0,0.0,0.0,0.0,0.0
PJM_EMAC,PJM_EMAC_offshorewind_class3_moderate_fixed_0_4,10,4,263,0.0,0.0,0.0,0.0,0.0,0.0,0.0
PJM_EMAC,PJM_EMAC_offshorewind_class3_moderate_fixed_0_5,10,5,264,0.0,0.0,0.0,0.0,0.0,0.0,0.0
PJM_EMAC,PJM_EMAC_offshorewind_class12_moderate_floating_0_0,10,0,265,0.0,0.0,0.0,0.0,0.0,0.0,0.0
PJM_EMAC,PJM_EMAC_offshorewind_class12_moderate_floating_0_1,10,1,266,0.0,0.0,0.0,0.0,0.0,0.0,0.0
PJM_EMAC,PJM_EMAC_offshorewind_class12_moderate_floating_0_2,10,2,267,0.0,0.0,0.0,0.0,0.0,0.0,0.0
PJM_EMAC,PJM_EMAC_offshorewind_class12_moderate_floating_0_3,10,3,268,0.0,0.0,0.0,0.0,0.0,0.0,0.0
PJM_EMAC,PJM_EMAC_offshorewind_class12_moderate_floating_0_4,10,4,269,0.0,0.0,0.0,0.0,0.0,0.0,0.0
PJM_EMAC,PJM_EMAC_offshorewind_class12_moderate_floating_0_5,10,5,270,0.0,0.0,0.0,0.0,0.0,0.0,0.0
PJM_EMAC,PJM_EMAC_landbasedwind_class1_moderate_1,10,1,271,0.0,0.0,0.0,0.0,0.0,0.0,0.0
PJM_EMAC,PJM_EMAC_landbasedwind_class1_moderate_2,10,2,272,0.0,0.0,0.0,0.0,0.0,0.0,0.0
PJM_EMAC,PJM_EMAC_landbasedwind_class1_moderate_3,10,3,273,0.0,0.0,0.0,0.0,0.0,0.0,0.0
PJM_EMAC,PJM_EMAC_landbasedwind_class1_moderate_4,10,4,274,0.0,0.0,0.0,0.0,0.0,0.0,0.0
PJM_EMAC,PJM_EMAC_landbasedwind_class1_moderate_5,10,5,275,0.0,0.0,0.0,0.0,0.0,0.0,0.0
PJM_EMAC,PJM_EMAC_landbasedwind_class1_moderate_6,10,6,276,0.0,0.0,0.0,0.0,0.0,0.0,0.0
PJM_EMAC,PJM_EMAC_utilitypv_class1_moderate_1,10,1,277,0.0,0.0,0.0,0.0,0.0,0.0,0.0
PJM_EMAC,PJM_EMAC_utilitypv_class1_moderate_2,10,2,278,0.0,0.0,0.0,0.0,0.0,0.0,0.0
PJM_EMAC,PJM_EMAC_utilitypv_class1_moderate_3,10,3,279,0.0,0.0,0.0,0.0,0.0,0.0,0.0
PJM_EMAC,PJM_EMAC_utilitypv_class1_moderate_4,10,4,280,0.0,0.0,0.0,0.0,0.0,0.0,0.0
PJM_EMAC,PJM_EMAC_utilitypv_class1_moderate_5,10,5,281,0.0,0.0,0.0,0.0,0.0,0.0,0.0
PJM_EMAC,PJM_EMAC_utilitypv_class1_moderate_6,10,6,282,0.0,0.0,0.0,0.0,0.0,0.0,0.0
PJM_Rest,PJM_Rest_landbasedwind_class1_moderate_1,11,1,283,0.0,0.0,0.0,0.0,0.0,0.0,0.0
PJM_Rest,PJM_Rest_landbasedwind_class1_moderate_2,11,2,284,0.0,0.0,0.0,0.0,0.0,0.0,0.0
PJM_Rest,PJM_Rest_landbasedwind_class1_moderate_3,11,3,285,0.0,0.0,0.0,0.0,0.0,0.0,0.0
PJM_Rest,PJM_Rest_landbasedwind_class1_moderate_4,11,4,286,0.0,0.0,0.0,0.0,0.0,0.0,0.0
PJM_Rest,PJM_Rest_landbasedwind_class1_moderate_5,11,5,287,0.0,0.0,0.0,0.0,0.0,0.0,0.0
PJM_Rest,PJM_Rest_landbasedwind_class1_moderate_6,11,6,288,0.0,0.0,0.0,0.0,0.0,0.0,0.0
PJM_Rest,PJM_Rest_utilitypv_class1_moderate_1,11,1,289,0.0,0.0,0.0,0.0,0.0,0.0,0.0
PJM_Rest,PJM_Rest_utilitypv_class1_moderate_2,11,2,290,0.0,0.0,0.0,0.0,0.0,0.0,0.0
PJM_Rest,PJM_Rest_utilitypv_class1_moderate_3,11,3,291,0.0,0.0,0.0,0.0,0.0,0.0,0.0
PJM_Rest,PJM_Rest_utilitypv_class1_moderate_4,11,4,292,0.0,0.0,0.0,0.0,0.0,0.0,0.0
PJM_Rest,PJM_Rest_utilitypv_class1_moderate_5,11,5,293,0.0,0.0,0.0,0.0,0.0,0.0,0.0
PJM_Rest,PJM_Rest_utilitypv_class1_moderate_6,11,6,294,0.0,0.0,0.0,0.0,0.0,0.0,0.0
NENG_Rest,NENG_Rest_hydroelectric_pumped_storage_1,1,1,295,0.0,0.0,0.0,0.0,0.0,0.0,0.0
NY_Z_A,NY_Z_A_hydroelectric_pumped_storage_1,2,1,296,0.0,0.0,0.0,0.0,0.0,0.0,0.0
NY_Z_F,NY_Z_F_hydroelectric_pumped_storage_1,6,1,297,0.0,0.0,0.0,0.0,0.0,0.0,0.0
PJM_EMAC,PJM_EMAC_hydroelectric_pumped_storage_1,10,1,298,0.0,0.0,0.0,0.0,0.0,0.0,0.0
PJM_Rest,PJM_Rest_hydroelectric_pumped_storage_1,11,1,299,0.0,0.0,0.0,0.0,0.0,0.0,0.0
NENG_Rest,NENG_Rest_battery_moderate_0,1,0,300,0.0,0.0,0.0,0.0,0.0,0.0,0.0
NY_Z_A,NY_Z_A_battery_moderate_0,2,0,301,0.0,0.0,0.0,0.0,0.0,0.0,0.0
NY_Z_B,NY_Z_B_battery_moderate_0,3,0,302,0.0,0.0,0.0,0.0,0.0,0.0,0.0
NY_Z_C&E,NY_Z_C&E_battery_moderate_0,4,0,303,0.0,0.0,0.0,0.0,0.0,0.0,0.0
NY_Z_D,NY_Z_D_battery_moderate_0,5,0,304,0.0,0.0,0.0,0.0,0.0,0.0,0.0
NY_Z_F,NY_Z_F_battery_moderate_0,6,0,305,0.0,0.0,0.0,0.0,0.0,0.0,0.0
NY_Z_G-I,NY_Z_G-I_battery_moderate_0,7,0,306,0.0,0.0,0.0,0.0,0.0,0.0,0.0
NY_Z_J,NY_Z_J_battery_moderate_0,8,0,307,0.0,0.0,0.0,0.0,0.0,0.0,0.0
NY_Z_K,NY_Z_K_battery_moderate_0,9,0,308,0.0,0.0,0.0,0.0,0.0,0.0,0.0
PJM_EMAC,PJM_EMAC_battery_moderate_0,10,0,309,0.0,0.0,0.0,0.0,0.0,0.0,0.0
PJM_Rest,PJM_Rest_battery_moderate_0,11,0,310,0.0,0.0,0.0,0.0,0.0,0.0,0.0
NY_Z_A,NY_Z_A_res_water_heat_1,2,1,311,0.0,0.0,0.0,0.0,0.0,0.0,0.0
NY_Z_B,NY_Z_B_res_water_heat_1,3,1,312,0.0,0.0,0.0,0.0,0.0,0.0,0.0
NY_Z_C&E,NY_Z_C&E_res_water_heat_1,4,1,313,0.0,0.0,0.0,0.0,0.0,0.0,0.0
NY_Z_D,NY_Z_D_res_water_heat_1,5,1,314,0.0,0.0,0.0,0.0,0.0,0.0,0.0
NY_Z_F,NY_Z_F_res_water_heat_1,6,1,315,0.0,0.0,0.0,0.0,0.0,0.0,0.0
NY_Z_G-I,NY_Z_G-I_res_water_heat_1,7,1,316,0.0,0.0,0.0,0.0,0.0,0.0,0.0
NY_Z_J,NY_Z_J_res_water_heat_1,8,1,317,0.0,0.0,0.0,0.0,0.0,0.0,0.0
NY_Z_K,NY_Z_K_res_water_heat_1,9,1,318,0.0,0.0,0.0,0.0,0.0,0.0,0.0
PJM_EMAC,PJM_EMAC_res_water_heat_1,10,1,319,0.0,0.0,0.0,0.0,0.0,0.0,0.0
PJM_Rest,PJM_Rest_res_water_heat_1,11,1,320,0.0,0.0,0.0,0.0,0.0,0.0,0.0
NENG_Rest,NENG_Rest_res_water_heat_1,1,1,321,0.0,0.0,0.0,0.0,0.0,0.0,0.0
NY_Z_A,NY_Z_A_trans_light_duty_1,2,1,322,0.0,0.0,0.0,0.0,0.0,0.0,0.0
NY_Z_B,NY_Z_B_trans_light_duty_1,3,1,323,0.0,0.0,0.0,0.0,0.0,0.0,0.0
NY_Z_C&E,NY_Z_C&E_trans_light_duty_1,4,1,324,0.0,0.0,0.0,0.0,0.0,0.0,0.0
NY_Z_D,NY_Z_D_trans_light_duty_1,5,1,325,0.0,0.0,0.0,0.0,0.0,0.0,0.0
NY_Z_F,NY_Z_F_trans_light_duty_1,6,1,326,0.0,0.0,0.0,0.0,0.0,0.0,0.0
NY_Z_G-I,NY_Z_G-I_trans_light_duty_1,7,1,327,0.0,0.0,0.0,0.0,0.0,0.0,0.0
NY_Z_J,NY_Z_J_trans_light_duty_1,8,1,328,0.0,0.0,0.0,0.0,0.0,0.0,0.0
NY_Z_K,NY_Z_K_trans_light_duty_1,9,1,329,0.0,0.0,0.0,0.0,0.0,0.0,0.0
PJM_EMAC,PJM_EMAC_trans_light_duty_1,10,1,330,0.0,0.0,0.0,0.0,0.0,0.0,0.0
PJM_Rest,PJM_Rest_trans_light_duty_1,11,1,331,0.0,0.0,0.0,0.0,0.0,0.0,0.0
NENG_Rest,NENG_Rest_trans_light_duty_1,1,1,332,0.0,0.0,0.0,0.0,0.0,0.0,0.0
NENG_Rest,NENG_Rest_biomass_1,1,1,333,540.5239489724858,0.0,0.0,0.0,0.0,0.0,540.5239489724858
NENG_Rest,NENG_Rest_biomass_2,1,2,334,1026.1093982133432,0.0,0.0,0.0,0.0,0.0,1026.1093982133432
NENG_Rest,NENG_Rest_biomass_3,1,3,335,1922.8474906070396,0.0,0.0,0.0,0.0,0.0,1922.8474906070396
NENG_Rest,NENG_Rest_small_hydroelectric_1,1,1,336,3219.8012917667156,0.0,0.0,0.0,0.0,0.0,3219.8012917667156
NY_Z_A,NY_Z_A_biomass_1,2,1,337,0.0,0.0,0.0,0.0,437.73578818427416,0.0,437.73578818427416
NY_Z_A,NY_Z_A_small_hydroelectric_1,2,1,338,0.0,0.0,0.0,0.0,11.315367554894276,0.0,11.315367554894276
NY_Z_B,NY_Z_B_biomass_1,3,1,339,0.0,0.0,0.0,0.0,200.2596925701338,0.0,200.2596925701338
NY_Z_B,NY_Z_B_small_hydroelectric_1,3,1,340,0.0,0.0,0.0,0.0,545.3853949280137,0.0,545.3853949280137
NY_Z_C&E,NY_Z_C&E_biomass_1,4,1,341,0.0,0.0,0.0,0.0,1343.33492892178,0.0,1343.33492892178
NY_Z_C&E,NY_Z_C&E_small_hydroelectric_1,4,1,342,0.0,0.0,0.0,0.0,1950.333776182212,0.0,1950.333776182212
NY_Z_D,NY_Z_D_small_hydroelectric_1,5,1,343,0.0,0.0,0.0,0.0,428.03576271423566,0.0,428.03576271423566
NY_Z_F,NY_Z_F_small_hydroelectric_1,6,1,344,0.0,0.0,0.0,0.0,866.5522026219302,0.0,866.5522026219302
NY_Z_G-I,NY_Z_G-I_small_hydroelectric_1,7,1,345,0.0,0.0,0.0,0.0,168.78688025688507,0.0,168.78688025688507
PJM_EMAC,PJM_EMAC_biomass_1,10,1,346,0.0,0.0,0.0,0.0,0.0,0.0,0.0
PJM_EMAC,PJM_EMAC_small_hydroelectric_1,10,1,347,0.0,0.0,0.0,0.0,0.0,0.0,0.0
PJM_Rest,PJM_Rest_biomass_1,11,1,348,0.0,0.0,0.0,0.0,0.0,0.0,0.0
PJM_Rest,PJM_Rest_biomass_2,11,2,349,0.0,0.0,0.0,0.0,0.0,0.0,0.0
PJM_Rest,PJM_Rest_small_hydroelectric_1,11,1,350,0.0,0.0,0.0,0.0,0.0,0.0,0.0
NENG_Rest,NENG_Rest_distributed_generation_1,1,1,351,0.0,0.0,0.0,0.0,0.0,0.0,0.0
NY_Z_A,NY_Z_A_distributed_generation_1,2,1,352,0.0,0.0,0.0,0.0,0.0,0.0,0.0
NY_Z_B,NY_Z_B_distributed_generation_1,3,1,353,0.0,0.0,0.0,0.0,0.0,0.0,0.0
NY_Z_C&E,NY_Z_C&E_distributed_generation_1,4,1,354,0.0,0.0,0.0,0.0,0.0,0.0,0.0
NY_Z_D,NY_Z_D_distributed_generation_1,5,1,355,0.0,0.0,0.0,0.0,0.0,0.0,0.0
NY_Z_F,NY_Z_F_distributed_generation_1,6,1,356,0.0,0.0,0.0,0.0,0.0,0.0,0.0
NY_Z_G-I,NY_Z_G-I_distributed_generation_1,7,1,357,0.0,0.0,0.0,0.0,0.0,0.0,0.0
NY_Z_J,NY_Z_J_distributed_generation_1,8,1,358,0.0,0.0,0.0,0.0,0.0,0.0,0.0
NY_Z_K,NY_Z_K_distributed_generation_1,9,1,359,0.0,0.0,0.0,0.0,0.0,0.0,0.0
PJM_EMAC,PJM_EMAC_distributed_generation_1,10,1,360,0.0,0.0,0.0,0.0,0.0,0.0,0.0
PJM_Rest,PJM_Rest_distributed_generation_1,11,1,361,0.0,0.0,0.0,0.0,0.0,0.0,0.0
