Resource,NENG_Rest_hydroelectric_pumped_storage_1,NY_Z_A_hydroelectric_pumped_storage_1,NY_Z_F_hydroelectric_pumped_storage_1,PJM_EMAC_hydroelectric_pumped_storage_1,PJM_Rest_hydroelectric_pumped_storage_1,NENG_Rest_battery_advanced_0,NY_Z_A_battery_advanced_0,NY_Z_B_battery_advanced_0,NY_Z_C&E_battery_advanced_0,NY_Z_D_battery_advanced_0,NY_Z_F_battery_advanced_0,NY_Z_G-I_battery_advanced_0,NY_Z_J_battery_advanced_0,NY_Z_K_battery_advanced_0,PJM_EMAC_battery_advanced_0,PJM_Rest_battery_advanced_0,Total
Zone,1,2,6,10,11,1,2,3,4,5,6,7,8,9,10,11,0
AnnualSum,-345300.55306268664,-12619.049520228893,-142746.61358911014,-116221.37420771901,-223384.04054054533,-37663.08464269526,0.0,-64320.253476720456,-26367.10231080648,-6713.596343849836,0.0,-6083.593509369926,-88.82740554007793,-2206.70775432244,-30906.484886476777,-394947.2976527651,-1.4095685789028362e6
t1,0.0,0.0,0.0,0.0,0.0,0.0,0.0,0.0,0.0,0.0,0.0,0.0,0.0,0.0,0.0,0.0,0.0
t2,0.0,0.0,0.0,0.0,0.0,0.0,0.0,0.0,0.0,0.0,0.0,0.0,0.0,0.0,0.0,0.0,0.0
t3,0.0,0.0,0.0,0.0,0.0,0.0,0.0,0.0,0.0,0.0,0.0,0.0,0.0,0.0,0.0,0.0,0.0
t4,0.0,0.0,0.0,0.0,0.0,0.0,0.0,0.0,0.0,0.0,0.0,0.0,0.0,0.0,0.0,0.0,0.0
t5,0.0,0.0,0.0,0.0,0.0,0.0,0.0,0.0,0.0,0.0,0.0,0.0,0.0,0.0,0.0,0.0,0.0
t6,0.0,0.0,0.0,0.0,0.0,0.0,0.0,0.0,0.0,0.0,0.0,0.0,0.0,0.0,0.0,0.0,0.0
t7,0.0,0.0,0.0,0.0,0.0,0.0,0.0,0.0,0.0,0.0,0.0,0.0,0.0,0.0,0.0,0.0,0.0
t8,0.0,0.0,0.0,0.0,0.0,0.0,0.0,0.0,0.0,0.0,-0.0,0.0,0.0,0.0,0.0,0.0,0.0
t9,-0.0,0.0,0.0,0.0,0.0,0.0,0.0,0.0,0.0,0.0,0.0,0.0,0.0,0.0,0.0,0.0,0.0
t10,0.0,0.0,0.0,0.0,0.0,0.0,0.0,0.0,0.0,0.0,0.0,0.0,0.0,0.0,0.0,0.0,0.0
t11,0.0,0.0,0.0,0.0,0.0,0.0,0.0,0.0,0.0,0.0,0.0,0.0,0.0,0.0,0.0,0.0,0.0
t12,0.0,0.0,0.0,-0.0,-0.0,0.0,0.0,0.0,0.0,0.0,0.0,0.0,0.0,0.0,0.0,0.0,0.0
t13,0.0,0.0,0.0,0.0,0.0,0.0,0.0,0.0,0.0,0.0,0.0,0.0,0.0,0.0,0.0,0.0,0.0
t14,0.0,0.0,0.0,0.0,0.0,0.0,0.0,0.0,0.0,0.0,0.0,0.0,0.0,0.0,0.0,0.0,0.0
t15,0.0,0.0,0.0,0.0,0.0,0.0,0.0,0.0,0.0,0.0,0.0,0.0,0.0,0.0,0.0,0.0,0.0
t16,0.0,0.0,0.0,0.0,0.0,0.0,0.0,0.0,0.0,0.0,0.0,0.0,0.0,0.0,0.0,0.0,0.0
t17,0.0,0.0,0.0,0.0,0.0,0.0,0.0,0.0,0.0,0.0,0.0,0.0,0.0,0.0,0.0,0.0,0.0
t18,0.0,0.0,0.0,0.0,0.0,0.0,0.0,0.0,0.0,0.0,0.0,0.0,0.0,0.0,0.0,0.0,0.0
t19,0.0,0.0,0.0,0.0,0.0,0.0,0.0,-0.0,0.0,0.0,-0.0,-0.0,0.0,0.0,0.0,0.0,0.0
t20,0.0,0.0,0.0,0.0,0.0,0.0,0.0,0.0,0.0,0.0,-0.0,0.0,0.0,0.0,0.0,0.0,0.0
t21,0.0,0.0,0.0,0.0,0.0,0.0,0.0,0.0,0.0,0.0,-0.0,0.0,0.0,0.0,0.0,0.0,0.0
t22,0.0,0.0,0.0,0.0,0.0,0.0,0.0,0.0,0.0,0.0,-0.0,0.0,0.0,0.0,0.0,0.0,0.0
t23,0.0,0.0,0.0,0.0,0.0,0.0,0.0,0.0,0.0,0.0,0.0,0.0,0.0,0.0,0.0,0.0,0.0
t24,0.0,0.0,0.0,0.0,0.0,0.0,0.0,0.0,0.0,0.0,0.0,0.0,0.0,0.0,0.0,0.0,0.0
t25,-1157.0600618544463,0.0,0.0,0.0,0.0,0.0,0.0,0.0,0.0,0.0,0.0,0.0,0.0,0.0,0.0,-2358.633851921959,-3515.693913776405
t26,-274.0942610097368,0.0,0.0,0.0,0.0,0.0,0.0,0.0,0.0,0.0,0.0,0.0,0.0,0.0,0.0,-2951.85200759552,-3225.9462686052566
t27,-683.0840143970406,0.0,0.0,0.0,0.0,0.0,0.0,-1165.0253790456215,0.0,0.0,0.0,0.0,0.0,0.0,0.0,-3497.904350771037,-5346.013744213699
t28,-1053.2440341152976,0.0,0.0,0.0,0.0,0.0,0.0,-1053.4218685717685,0.0,0.0,0.0,0.0,0.0,0.0,0.0,-3782.302097030285,-5888.967999717352
t29,-452.92598079791605,0.0,0.0,0.0,0.0,0.0,0.0,-54.68990551926968,0.0,0.0,0.0,0.0,0.0,0.0,0.0,-2354.806829845087,-2862.422716162273
t30,0.0,0.0,0.0,0.0,0.0,0.0,0.0,0.0,0.0,0.0,0.0,0.0,0.0,0.0,0.0,-470.04753120428524,-470.04753120428524
t31,0.0,0.0,0.0,0.0,0.0,0.0,0.0,0.0,0.0,0.0,0.0,0.0,0.0,0.0,0.0,934.6550099103256,934.6550099103256
t32,1010.1754228911325,0.0,0.0,0.0,2191.068687291273,-0.0,0.0,-0.0,0.0,0.0,-0.0,-0.0,-0.0,139.8323020515685,0.0,4578.144702844967,7919.22111507894
t33,1731.2705318326718,0.0,0.0,0.0,0.0,-0.0,-0.0,0.0,0.0,0.0,0.0,-0.0,-0.0,0.0,0.0,8409.63643506629,10140.906966898961
t34,0.0,0.0,0.0,0.0,0.0,0.0,0.0,0.0,0.0,0.0,0.0,0.0,0.0,0.0,0.0,939.5604508184387,939.5604508184387
t35,0.0,0.0,0.0,0.0,0.0,0.0,0.0,0.0,0.0,0.0,0.0,0.0,0.0,0.0,0.0,-1614.3929362956035,-1614.3929362956035
t36,0.0,0.0,0.0,0.0,0.0,0.0,0.0,0.0,0.0,0.0,0.0,0.0,0.0,0.0,0.0,-4076.3014250822107,-4076.3014250822107
t37,0.0,0.0,0.0,0.0,0.0,0.0,0.0,0.0,0.0,0.0,0.0,0.0,0.0,0.0,0.0,-4625.417143759285,-4625.417143759285
t38,0.0,0.0,0.0,0.0,-2921.59631670561,0.0,0.0,0.0,0.0,0.0,0.0,0.0,0.0,-165.20829637472647,0.0,-1172.5241229976912,-4259.328736078028
t39,0.0,0.0,0.0,0.0,0.0,0.0,0.0,0.0,0.0,-69.88762258600985,0.0,0.0,0.0,0.0,0.0,-8475.047600733446,-8544.935223319455
t40,0.0,0.0,0.0,0.0,0.0,0.0,0.0,0.0,0.0,0.0,0.0,0.0,0.0,0.0,0.0,-5011.4877317906385,-5011.4877317906385
t41,11.682965557367819,0.0,0.0,0.0,0.0,0.0,-0.0,93.23736138068462,0.0,0.0,-0.0,0.0,-0.0,0.0,-0.0,2985.3860024843516,3090.306329422404
t42,322.8640751016189,0.0,0.0,0.0,0.0,0.0,-0.0,491.56846653157896,0.0,59.152883756798744,-0.0,0.0,0.0,0.0,-0.0,8497.263476536385,9370.848901926382
t43,659.8125299191081,0.0,0.0,0.0,0.0,0.0,-0.0,1002.8787581820706,0.0,0.0,-0.0,0.0,-0.0,0.0,0.0,6532.913712940529,8195.605001041708
t44,408.599332891572,0.0,0.0,0.0,0.0,0.0,-0.0,798.427875040871,0.0,0.0,-0.0,0.0,0.0,0.0,0.0,6379.432075833436,7586.459283765879
t45,0.0,0.0,0.0,0.0,0.0,0.0,-0.0,269.0025501801785,0.0,0.0,-0.0,0.0,0.0,0.0,0.0,5143.063853660758,5412.066403840936
t46,0.0,0.0,0.0,0.0,0.0,0.0,0.0,0.0,0.0,0.0,-0.0,0.0,-0.0,0.0,0.0,1342.024961509036,1342.024961509036
t47,-653.9335617918449,0.0,0.0,0.0,0.0,0.0,0.0,-424.2992638691745,0.0,0.0,0.0,0.0,0.0,0.0,0.0,-4358.1196155906355,-5436.352441251655
t48,-1251.8554338692973,0.0,0.0,0.0,0.0,0.0,0.0,-439.5142107297321,0.0,0.0,0.0,0.0,0.0,0.0,0.0,-9294.263749716683,-10985.633394315713
t49,0.0,0.0,0.0,0.0,0.0,0.0,0.0,0.0,-1013.0027755224575,0.0,0.0,0.0,0.0,0.0,0.0,-4461.254542019443,-5474.2573175419
t50,0.0,0.0,0.0,0.0,0.0,-1233.4575601471233,0.0,0.0,-668.7769217732416,0.0,0.0,0.0,0.0,-95.13798296495915,0.0,-3411.697256854863,-5409.069721740187
t51,0.0,0.0,0.0,0.0,0.0,-1300.2263952097164,0.0,0.0,-1053.2693651731922,0.0,0.0,-92.07478912184634,0.0,0.0,0.0,-2424.3953747758037,-4869.965924280559
t52,0.0,0.0,0.0,0.0,0.0,-1373.7260088375926,0.0,0.0,-796.3541277115434,0.0,0.0,-507.37045255684114,0.0,0.0,0.0,-2319.3156807094692,-4996.766269815447
t53,0.0,0.0,0.0,0.0,0.0,-1108.5229603602165,0.0,0.0,-1384.1688704808805,0.0,0.0,0.0,0.0,0.0,0.0,-1924.0738279232655,-4416.765658764362
t54,0.0,0.0,0.0,0.0,0.0,-32.87838086385175,0.0,0.0,-519.832412401856,0.0,0.0,0.0,0.0,-165.61302822892534,0.0,0.0,-718.3238214946331
t55,0.0,0.0,0.0,0.0,0.0,0.0,0.0,0.0,0.0,0.0,0.0,0.0,0.0,0.0,0.0,0.0,0.0
t56,0.0,0.0,0.0,0.0,1893.1768507426239,0.0,0.0,0.0,0.0,0.0,0.0,0.0,0.0,0.0,0.0,0.0,1893.1768507426239
t57,-0.0,0.0,0.0,1161.6097038947573,2244.950611618338,0.0,0.0,0.0,0.0,0.0,0.0,0.0,0.0,0.0,0.0,0.0,3406.5603155130952
t58,0.0,-0.0,0.0,0.0,0.0,0.0,-0.0,-0.0,-0.0,0.0,-0.0,0.0,0.0,-0.0,0.0,0.0,0.0
t59,0.0,0.0,0.0,-1490.0,0.0,0.0,0.0,0.0,0.0,0.0,0.0,0.0,0.0,0.0,0.0,0.0,-1490.0
t60,0.0,0.0,0.0,-58.90380754971852,0.0,0.0,0.0,0.0,0.0,0.0,0.0,0.0,0.0,0.0,0.0,0.0,-58.90380754971852
t61,0.0,0.0,0.0,0.0,0.0,0.0,0.0,0.0,0.0,0.0,0.0,0.0,0.0,0.0,0.0,0.0,0.0
t62,0.0,0.0,0.0,0.0,0.0,0.0,0.0,0.0,0.0,0.0,0.0,0.0,0.0,0.0,0.0,0.0,0.0
t63,0.0,0.0,0.0,0.0,0.0,0.0,0.0,0.0,0.0,0.0,0.0,0.0,0.0,0.0,0.0,0.0,0.0
t64,0.0,0.0,0.0,0.0,-1824.8269956650274,0.0,0.0,0.0,0.0,0.0,0.0,0.0,0.0,0.0,0.0,0.0,-1824.8269956650274
t65,0.0,0.0,0.0,0.0,-3693.0,0.0,0.0,0.0,0.0,0.0,0.0,0.0,0.0,0.0,0.0,0.0,-3693.0
t66,0.0,0.0,0.0,0.0,0.0,374.2439595608818,0.0,-0.0,987.1451512926773,0.0,-0.0,0.0,0.0,0.0,0.0,1068.704702643796,2430.0938134973553
t67,0.0,0.0,0.0,0.0,0.0,1548.597722537764,0.0,0.0,1773.532829422008,0.0,-0.0,0.0,0.0,0.0,0.0,6145.159998473807,9467.29055043358
t68,0.0,0.0,0.0,0.0,0.0,197.81928777386813,0.0,0.0,1128.7177033268608,0.0,-0.0,0.0,0.0,0.0,0.0,2374.3552135290915,3700.8922046298203
t69,0.0,0.0,0.0,0.0,0.0,1335.152414917934,0.0,0.0,0.0,0.0,0.0,455.812252876118,0.0,165.61302822892534,0.0,1831.0425869528096,3787.6202829757867
t70,0.0,0.0,0.0,0.0,0.0,239.51885869496164,0.0,0.0,711.1306619591223,0.0,0.0,0.0,0.0,0.0,0.0,888.0170262847882,1838.6665469388722
t71,0.0,0.0,0.0,0.0,0.0,577.9816454208068,0.0,0.0,0.0,0.0,0.0,51.55819968072312,0.0,11.834141654691559,0.0,0.0,641.3739867562214
t72,0.0,0.0,0.0,0.0,0.0,0.0,0.0,0.0,0.0,0.0,0.0,0.0,0.0,43.25248599088695,0.0,0.0,43.25248599088695
t73,0.0,0.0,0.0,0.0,0.0,0.0,0.0,0.0,0.0,0.0,0.0,0.0,0.0,0.0,0.0,0.0,0.0
t74,0.0,0.0,0.0,0.0,0.0,0.0,0.0,0.0,0.0,0.0,0.0,0.0,0.0,0.0,0.0,0.0,0.0
t75,0.0,0.0,0.0,0.0,0.0,0.0,0.0,0.0,0.0,0.0,0.0,0.0,0.0,0.0,0.0,0.0,0.0
t76,0.0,0.0,0.0,0.0,0.0,0.0,0.0,0.0,0.0,0.0,0.0,0.0,0.0,0.0,0.0,0.0,0.0
t77,0.0,0.0,0.0,0.0,0.0,0.0,0.0,0.0,0.0,0.0,0.0,0.0,0.0,0.0,0.0,0.0,0.0
t78,0.0,0.0,0.0,0.0,0.0,0.0,0.0,0.0,0.0,0.0,0.0,0.0,0.0,0.0,0.0,0.0,0.0
t79,0.0,0.0,0.0,0.0,0.0,0.0,0.0,0.0,0.0,0.0,0.0,0.0,0.0,0.0,0.0,0.0,0.0
t80,0.0,0.0,0.0,0.0,0.0,0.0,0.0,0.0,0.0,0.0,0.0,0.0,0.0,0.0,0.0,0.0,0.0
t81,0.0,0.0,0.0,0.0,0.0,0.0,0.0,0.0,0.0,0.0,0.0,0.0,0.0,0.0,0.0,0.0,0.0
t82,0.0,0.0,0.0,0.0,0.0,0.0,0.0,0.0,0.0,0.0,0.0,0.0,0.0,0.0,0.0,0.0,0.0
t83,0.0,0.0,0.0,-0.0,-0.0,0.0,0.0,0.0,0.0,0.0,0.0,0.0,0.0,0.0,0.0,-0.0,0.0
t84,0.0,0.0,0.0,0.0,0.0,0.0,0.0,0.0,0.0,0.0,0.0,0.0,0.0,0.0,0.0,0.0,0.0
t85,0.0,0.0,0.0,0.0,0.0,0.0,0.0,0.0,0.0,0.0,0.0,0.0,0.0,0.0,0.0,0.0,0.0
t86,0.0,0.0,0.0,0.0,0.0,0.0,0.0,0.0,0.0,0.0,0.0,0.0,0.0,0.0,0.0,0.0,0.0
t87,0.0,0.0,0.0,0.0,0.0,0.0,0.0,0.0,0.0,0.0,0.0,0.0,0.0,0.0,0.0,0.0,0.0
t88,0.0,0.0,0.0,0.0,0.0,0.0,0.0,0.0,0.0,0.0,0.0,0.0,0.0,0.0,0.0,0.0,0.0
t89,0.0,0.0,0.0,0.0,0.0,0.0,0.0,0.0,0.0,0.0,0.0,0.0,0.0,0.0,0.0,0.0,0.0
t90,0.0,0.0,0.0,0.0,0.0,0.0,0.0,0.0,0.0,0.0,0.0,0.0,0.0,0.0,0.0,0.0,0.0
t91,0.0,0.0,0.0,0.0,0.0,0.0,0.0,0.0,0.0,0.0,0.0,0.0,0.0,0.0,0.0,0.0,0.0
t92,0.0,0.0,0.0,0.0,0.0,-0.0,0.0,0.0,0.0,0.0,0.0,0.0,0.0,0.0,0.0,0.0,0.0
t93,0.0,0.0,0.0,0.0,0.0,0.0,0.0,0.0,0.0,0.0,0.0,0.0,0.0,-0.0,0.0,0.0,0.0
t94,0.0,0.0,0.0,0.0,0.0,0.0,0.0,0.0,0.0,0.0,0.0,0.0,0.0,0.0,0.0,0.0,0.0
t95,0.0,0.0,0.0,0.0,0.0,0.0,0.0,0.0,0.0,0.0,0.0,0.0,0.0,0.0,0.0,0.0,0.0
t96,0.0,0.0,0.0,0.0,0.0,0.0,0.0,0.0,0.0,0.0,0.0,0.0,0.0,0.0,0.0,0.0,0.0
t97,0.0,0.0,0.0,0.0,0.0,0.0,0.0,0.0,0.0,0.0,-0.0,0.0,0.0,0.0,0.0,-0.0,0.0
t98,0.0,0.0,0.0,0.0,0.0,0.0,0.0,0.0,0.0,0.0,-0.0,0.0,0.0,0.0,0.0,0.0,0.0
t99,0.0,0.0,0.0,0.0,0.0,0.0,0.0,0.0,0.0,0.0,-0.0,0.0,0.0,0.0,0.0,0.0,0.0
t100,0.0,0.0,0.0,0.0,0.0,0.0,0.0,0.0,0.0,0.0,-0.0,0.0,0.0,0.0,0.0,0.0,0.0
t101,0.0,0.0,0.0,0.0,0.0,0.0,0.0,0.0,0.0,0.0,-0.0,0.0,0.0,0.0,0.0,0.0,0.0
t102,0.0,0.0,0.0,0.0,0.0,0.0,0.0,0.0,0.0,0.0,-0.0,0.0,0.0,0.0,0.0,0.0,0.0
t103,0.0,0.0,0.0,0.0,0.0,0.0,-0.0,-0.0,0.0,-0.0,-0.0,0.0,0.0,0.0,0.0,0.0,0.0
t104,0.0,0.0,0.0,0.0,0.0,0.0,0.0,0.0,0.0,0.0,-0.0,0.0,0.0,0.0,0.0,0.0,0.0
t105,0.0,0.0,0.0,0.0,0.0,0.0,0.0,0.0,0.0,0.0,-0.0,0.0,0.0,0.0,0.0,0.0,0.0
t106,0.0,0.0,0.0,0.0,0.0,0.0,0.0,0.0,0.0,0.0,-0.0,0.0,0.0,0.0,0.0,0.0,0.0
t107,0.0,0.0,0.0,0.0,0.0,0.0,0.0,0.0,0.0,0.0,-0.0,0.0,0.0,0.0,0.0,0.0,0.0
t108,0.0,0.0,0.0,0.0,0.0,0.0,0.0,0.0,0.0,0.0,-0.0,0.0,0.0,0.0,0.0,0.0,0.0
t109,0.0,0.0,0.0,0.0,0.0,0.0,0.0,0.0,0.0,0.0,-0.0,0.0,0.0,0.0,0.0,0.0,0.0
t110,0.0,0.0,0.0,0.0,0.0,0.0,0.0,0.0,0.0,0.0,-0.0,0.0,0.0,0.0,0.0,0.0,0.0
t111,0.0,0.0,0.0,0.0,0.0,0.0,0.0,0.0,0.0,0.0,-0.0,0.0,0.0,0.0,0.0,0.0,0.0
t112,0.0,0.0,0.0,0.0,0.0,0.0,0.0,0.0,0.0,0.0,-0.0,0.0,0.0,0.0,0.0,0.0,0.0
t113,0.0,0.0,0.0,0.0,0.0,0.0,0.0,0.0,0.0,0.0,-0.0,0.0,0.0,0.0,0.0,0.0,0.0
t114,0.0,0.0,0.0,0.0,0.0,0.0,0.0,0.0,0.0,0.0,-0.0,0.0,0.0,0.0,0.0,0.0,0.0
t115,0.0,0.0,0.0,0.0,0.0,0.0,0.0,0.0,0.0,0.0,-0.0,0.0,0.0,0.0,0.0,0.0,0.0
t116,0.0,0.0,0.0,0.0,0.0,0.0,0.0,0.0,0.0,0.0,-0.0,0.0,0.0,0.0,0.0,0.0,0.0
t117,0.0,0.0,0.0,0.0,0.0,0.0,0.0,0.0,0.0,0.0,-0.0,0.0,0.0,0.0,0.0,0.0,0.0
t118,0.0,0.0,0.0,0.0,0.0,0.0,0.0,0.0,0.0,0.0,-0.0,0.0,0.0,0.0,0.0,0.0,0.0
t119,0.0,0.0,0.0,0.0,0.0,0.0,0.0,0.0,0.0,0.0,-0.0,0.0,0.0,0.0,0.0,0.0,0.0
t120,0.0,0.0,0.0,0.0,0.0,0.0,0.0,0.0,0.0,0.0,-0.0,0.0,0.0,0.0,0.0,0.0,0.0
t121,0.0,0.0,0.0,0.0,0.0,0.0,0.0,0.0,0.0,0.0,0.0,0.0,0.0,0.0,0.0,0.0,0.0
t122,0.0,0.0,0.0,0.0,0.0,0.0,0.0,0.0,0.0,0.0,0.0,0.0,0.0,0.0,0.0,0.0,0.0
t123,0.0,0.0,0.0,0.0,0.0,0.0,0.0,0.0,0.0,0.0,0.0,0.0,0.0,0.0,0.0,0.0,0.0
t124,0.0,0.0,0.0,0.0,0.0,0.0,0.0,0.0,0.0,0.0,0.0,0.0,0.0,0.0,0.0,0.0,0.0
t125,0.0,0.0,0.0,0.0,0.0,0.0,0.0,0.0,0.0,0.0,0.0,0.0,0.0,0.0,0.0,0.0,0.0
t126,0.0,0.0,0.0,0.0,0.0,0.0,0.0,0.0,0.0,0.0,0.0,0.0,0.0,0.0,0.0,0.0,0.0
t127,0.0,0.0,0.0,0.0,0.0,0.0,0.0,0.0,0.0,0.0,0.0,0.0,0.0,0.0,0.0,0.0,0.0
t128,0.0,0.0,0.0,0.0,0.0,0.0,0.0,0.0,0.0,0.0,0.0,0.0,0.0,0.0,0.0,0.0,0.0
t129,0.0,0.0,0.0,0.0,0.0,0.0,0.0,0.0,0.0,0.0,0.0,0.0,0.0,0.0,0.0,0.0,0.0
t130,0.0,0.0,0.0,0.0,0.0,0.0,0.0,0.0,0.0,0.0,0.0,0.0,0.0,0.0,0.0,0.0,0.0
t131,0.0,0.0,0.0,0.0,0.0,0.0,0.0,0.0,0.0,0.0,0.0,0.0,0.0,0.0,0.0,0.0,0.0
t132,0.0,0.0,0.0,0.0,0.0,0.0,0.0,0.0,0.0,0.0,0.0,0.0,0.0,0.0,0.0,0.0,0.0
t133,0.0,0.0,0.0,0.0,0.0,0.0,0.0,0.0,0.0,0.0,0.0,0.0,0.0,0.0,0.0,0.0,0.0
t134,0.0,0.0,0.0,0.0,0.0,0.0,0.0,0.0,0.0,0.0,0.0,0.0,0.0,0.0,0.0,0.0,0.0
t135,0.0,0.0,0.0,0.0,0.0,0.0,0.0,0.0,0.0,0.0,0.0,0.0,0.0,0.0,0.0,0.0,0.0
t136,0.0,0.0,0.0,0.0,-0.0,0.0,0.0,0.0,0.0,0.0,0.0,0.0,0.0,0.0,0.0,0.0,0.0
t137,0.0,0.0,0.0,-0.0,0.0,0.0,0.0,0.0,0.0,0.0,0.0,0.0,0.0,0.0,0.0,0.0,0.0
t138,0.0,0.0,0.0,0.0,0.0,-0.0,0.0,0.0,0.0,0.0,0.0,0.0,0.0,0.0,0.0,0.0,0.0
t139,0.0,0.0,0.0,0.0,0.0,0.0,0.0,0.0,0.0,0.0,0.0,0.0,0.0,0.0,0.0,0.0,0.0
t140,0.0,0.0,0.0,0.0,0.0,0.0,0.0,0.0,0.0,0.0,0.0,0.0,0.0,0.0,0.0,0.0,0.0
t141,0.0,0.0,0.0,0.0,0.0,0.0,0.0,0.0,0.0,0.0,0.0,0.0,0.0,0.0,0.0,0.0,0.0
t142,0.0,0.0,0.0,0.0,0.0,0.0,0.0,0.0,0.0,0.0,0.0,0.0,0.0,0.0,0.0,0.0,0.0
t143,0.0,0.0,0.0,0.0,0.0,0.0,0.0,0.0,0.0,0.0,0.0,0.0,0.0,0.0,0.0,0.0,0.0
t144,0.0,0.0,0.0,0.0,0.0,0.0,0.0,0.0,0.0,0.0,0.0,0.0,0.0,0.0,0.0,0.0,0.0
t145,0.0,0.0,0.0,0.0,0.0,0.0,0.0,0.0,0.0,0.0,0.0,0.0,0.0,0.0,0.0,0.0,0.0
t146,-1036.3768983549492,0.0,-1.8416130604885113,-1490.0,-3693.0,0.0,0.0,0.0,0.0,0.0,0.0,0.0,0.0,0.0,-0.0,0.0,-6221.218511415438
t147,-733.2460323944256,0.0,0.0,-1490.0,-3693.0,0.0,0.0,-236.39601158620303,0.0,0.0,0.0,0.0,0.0,0.0,-2836.8745436741906,-980.8263512888818,-9970.3429389437
t148,-62.30683632965156,0.0,0.0,-1490.0,-3693.0,-697.3383580204123,0.0,-427.1054779851809,0.0,0.0,0.0,0.0,0.0,0.0,0.0,-7706.2034779149335,-14075.954150250178
t149,0.0,0.0,0.0,-1490.0,-3693.0,-527.7632919262242,0.0,-609.1301639045812,0.0,0.0,0.0,0.0,0.0,0.0,0.0,-8320.551974320862,-14640.445430151667
t150,-231.65429345142456,0.0,0.0,-1490.0,-3693.0,0.0,0.0,-160.35820745411402,-402.60970799677636,0.0,0.0,0.0,0.0,0.0,-2962.0075496360646,-2707.5602095235777,-11647.189968061957
t151,0.0,0.0,0.0,-1490.0,-3693.0,0.0,0.0,0.0,0.0,0.0,0.0,0.0,0.0,0.0,-18.6629236800453,0.0,-5201.662923680045
t152,0.0,0.0,0.0,0.0,0.0,0.0,0.0,0.0,0.0,0.0,0.0,0.0,0.0,0.0,0.0,0.0,0.0
t153,0.0,0.0,0.0,0.0,0.0,0.0,0.0,0.0,0.0,0.0,0.0,0.0,0.0,0.0,0.0,0.0,0.0
t154,0.0,0.0,-299.94166777974215,0.0,0.0,0.0,0.0,0.0,0.0,0.0,0.0,0.0,0.0,0.0,0.0,0.0,-299.94166777974215
t155,0.0,0.0,-1166.7,0.0,0.0,0.0,0.0,0.0,0.0,0.0,0.0,0.0,0.0,0.0,0.0,0.0,-1166.7
t156,0.0,0.0,-1166.7,-1490.0,0.0,-0.0,0.0,0.0,0.0,0.0,0.0,0.0,0.0,0.0,0.0,0.0,-2656.7
t157,0.0,0.0,-811.5179102226979,-1490.0,0.0,0.0,-0.0,-0.0,-0.0,-0.0,-0.0,-0.0,0.0,-0.0,0.0,0.0,-2301.517910222698
t158,0.0,0.0,0.0,0.0,0.0,-0.0,-0.0,-0.0,-0.0,-0.0,-0.0,-0.0,0.0,-0.0,0.0,0.0,0.0
t159,0.0,0.0,0.0,0.0,307.39560388965,-0.0,-0.0,-0.0,-0.0,-0.0,-0.0,-0.0,-0.0,-0.0,-0.0,-0.0,307.39560388965
t160,722.4970602158852,0.0,0.0,1062.8581144246289,2483.0899033829037,0.0,-0.0,0.0,0.0,0.0,-0.0,0.0,0.0,0.0,0.0,0.0,4268.445078023417
t161,0.0,0.0,477.59689786871377,146.459586156227,3693.0,0.0,-0.0,-0.0,-0.0,-0.0,-0.0,-0.0,0.0,-0.0,-0.0,-0.0,4317.056484024941
t162,825.1001874832899,0.0,756.0794629256995,1490.0,3693.0,363.6479673218985,0.0,0.0,0.0,0.0,0.0,0.0,-0.0,0.0,0.0,0.0,7127.827617730887
t163,0.0,0.0,0.0,1490.0,3693.0,607.2458524148547,-0.0,619.2559607660828,340.76885684847156,0.0,0.0,0.0,0.0,0.0,0.0,3197.3178029962696,9947.588473025678
t164,0.0,0.0,274.6078908709019,0.0,2748.0395407274464,66.03221677808018,-0.0,587.0899130970678,0.0,-0.0,-0.0,0.0,-0.0,0.0,0.0,7024.252085504515,10700.021646978012
t165,0.0,0.0,233.0412764237758,280.15781941914497,0.0,0.0,-0.0,0.0,0.0,0.0,0.0,0.0,-0.0,-0.0,2469.8922788466243,3976.2908464875945,6959.38222117714
t166,0.0,0.0,340.64894431891014,1490.0,0.0,0.0,-0.0,6.53674442806854,0.0,0.0,0.0,0.0,0.0,0.0,1825.6072142649696,1541.6472147478496,5204.440117759797
t167,0.0,0.0,502.89976603678883,1490.0,0.0,0.0,-0.0,0.0,0.0,0.0,0.0,0.0,0.0,0.0,0.0,947.3882501078183,2940.2880161446074
t168,0.0,0.0,0.0,1490.0,0.0,0.0,-0.0,0.0,0.0,0.0,0.0,0.0,0.0,0.0,628.470609268997,0.0,2118.470609268997
t169,-1830.0,0.0,0.0,-0.0,-0.0,0.0,0.0,0.0,0.0,-100.84691229770542,0.0,0.0,0.0,0.0,0.0,0.0,-1930.8469122977053
t170,-1830.0,0.0,526.5742095284663,0.0,0.0,0.0,0.0,-461.7956766896979,0.0,-157.13103853371686,-0.0,0.0,-0.0,0.0,-0.0,0.0,-1922.3525056949484
t171,-1830.0,0.0,0.0,0.0,0.0,-260.5732125442694,0.0,-505.84544936773875,-0.0,-44.373483559566736,0.0,0.0,0.0,0.0,0.0,0.0,-2640.792145471575
t172,-1830.0,-189.16253200381828,0.0,0.0,0.0,-208.40542710054524,0.0,-31.104478545207044,-0.0,-25.354781369937314,0.0,0.0,0.0,0.0,0.0,0.0,-2284.027219019508
t173,-1830.0,-240.0,0.0,0.0,0.0,-51.561369288219076,0.0,-618.8138055493472,-0.0,0.0,0.0,0.0,0.0,0.0,0.0,0.0,-2740.375174837566
t174,-1618.1445297067485,-210.87501686571534,0.0,0.0,0.0,0.0,0.0,-469.4173273890532,0.0,0.0,0.0,0.0,0.0,0.0,0.0,0.0,-2298.436873961517
t175,0.0,240.0,627.0446236860552,0.0,0.0,-0.0,-0.0,-0.0,0.0,-0.0,-0.0,35.14841921684757,-0.0,-0.0,0.0,0.0,902.1930429029028
t176,0.0,0.0,0.0,0.0,0.0,0.0,0.0,0.0,-0.0,0.0,0.0,0.0,0.0,0.0,0.0,0.0,0.0
t177,0.0,0.0,0.0,0.0,0.0,0.0,0.0,0.0,0.0,0.0,0.0,0.0,0.0,0.0,0.0,-0.0,0.0
t178,29.276974083179258,0.0,0.0,0.0,0.0,-0.0,0.0,0.0,0.0,0.0,0.0,0.0,0.0,0.0,0.0,0.0,29.276974083179258
t179,569.2965424793471,0.0,0.0,0.0,0.0,0.0,0.0,0.0,0.0,0.0,0.0,0.0,0.0,0.0,0.0,0.0,569.2965424793471
t180,258.9524815266761,0.0,0.0,0.0,0.0,0.0,0.0,0.0,0.0,0.0,0.0,0.0,0.0,0.0,0.0,0.0,258.9524815266761
t181,1166.8539145639154,0.0,0.0,0.0,0.0,0.0,0.0,0.0,0.0,0.0,0.0,0.0,0.0,0.0,0.0,0.0,1166.8539145639154
t182,1278.1403509502895,0.0,-497.85744760890384,0.0,0.0,0.0,0.0,0.0,0.0,0.0,0.0,0.0,0.0,0.0,0.0,0.0,780.2829033413857
t183,1420.5520304281438,0.0,-965.1607220564997,0.0,0.0,0.0,0.0,0.0,0.0,0.0,0.0,0.0,0.0,0.0,0.0,0.0,455.3913083716441
t184,1653.6683253691506,0.0,-1071.9381343266045,0.0,0.0,0.0,0.0,0.0,0.0,0.0,0.0,0.0,0.0,0.0,0.0,0.0,581.730191042546
t185,1604.0611705069468,0.0,-1028.676396454754,0.0,0.0,0.0,0.0,0.0,0.0,0.0,0.0,0.0,0.0,0.0,0.0,0.0,575.3847740521928
t186,1084.6166703734452,0.0,-994.3842715974565,0.0,0.0,374.54838662616436,0.0,0.0,0.0,0.0,0.0,-41.52696032236244,0.0,0.0,0.0,0.0,423.25382507979066
t187,0.0,240.0,359.8840117535714,0.0,0.0,0.0,-0.0,483.05985234499883,-0.0,0.0,0.0,0.0,0.0,0.0,0.0,0.0,1082.9438640985702
t188,0.0,0.0,381.36335699025847,0.0,0.0,66.03667693475258,0.0,506.4995469273783,0.0,0.0,-0.0,0.0,0.0,0.0,0.0,0.0,953.8995808523894
t189,0.0,0.0,372.0851427840415,0.0,0.0,0.0,0.0,505.33894684566116,0.0,290.1267495486548,-0.0,0.0,0.0,0.0,0.0,0.0,1167.5508391783574
t190,28.625472680122584,0.0,615.2417199797455,0.0,0.0,0.0,0.0,271.51876453670155,0.0,168.36280314304142,-0.0,0.0,0.0,0.0,0.0,0.0,1083.7487603396112
t191,0.0,0.0,490.0898728368679,0.0,0.0,0.0,0.0,0.0,0.0,-157.13103853371686,0.0,0.0,0.0,0.0,0.0,0.0,332.9588343031511
t192,-1357.9587789689806,0.0,46.02923872738802,0.0,0.0,-0.0,0.0,0.0,0.0,-56.856451626547965,0.0,0.0,0.0,0.0,0.0,0.0,-1368.7859918681406
t193,0.0,0.0,0.0,0.0,0.0,0.0,0.0,0.0,0.0,0.0,-0.0,0.0,0.0,0.0,0.0,0.0,0.0
t194,0.0,0.0,0.0,0.0,0.0,0.0,0.0,0.0,0.0,0.0,-0.0,0.0,0.0,0.0,0.0,0.0,0.0
t195,0.0,0.0,0.0,0.0,0.0,0.0,0.0,0.0,0.0,0.0,-0.0,0.0,0.0,0.0,0.0,0.0,0.0
t196,0.0,0.0,0.0,0.0,0.0,0.0,0.0,0.0,0.0,0.0,-0.0,0.0,0.0,0.0,0.0,0.0,0.0
t197,0.0,0.0,0.0,0.0,0.0,0.0,0.0,0.0,0.0,0.0,-0.0,0.0,0.0,0.0,0.0,0.0,0.0
t198,0.0,0.0,0.0,0.0,0.0,0.0,0.0,0.0,0.0,0.0,-0.0,0.0,0.0,0.0,0.0,0.0,0.0
t199,0.0,0.0,0.0,0.0,0.0,0.0,0.0,0.0,0.0,0.0,-0.0,0.0,0.0,0.0,0.0,0.0,0.0
t200,0.0,0.0,0.0,0.0,0.0,0.0,0.0,0.0,0.0,0.0,-0.0,0.0,0.0,0.0,0.0,0.0,0.0
t201,0.0,0.0,0.0,0.0,0.0,0.0,0.0,0.0,0.0,0.0,-0.0,0.0,0.0,0.0,0.0,0.0,0.0
t202,0.0,0.0,0.0,0.0,0.0,0.0,0.0,0.0,0.0,0.0,-0.0,0.0,0.0,0.0,0.0,0.0,0.0
t203,0.0,0.0,0.0,0.0,0.0,0.0,0.0,0.0,0.0,0.0,-0.0,0.0,0.0,0.0,0.0,0.0,0.0
t204,0.0,0.0,0.0,0.0,0.0,0.0,0.0,0.0,0.0,0.0,-0.0,0.0,0.0,0.0,0.0,0.0,0.0
t205,0.0,0.0,0.0,0.0,0.0,0.0,0.0,0.0,0.0,0.0,-0.0,0.0,0.0,0.0,0.0,0.0,0.0
t206,0.0,0.0,0.0,0.0,0.0,0.0,0.0,0.0,0.0,0.0,-0.0,0.0,0.0,0.0,0.0,0.0,0.0
t207,0.0,0.0,0.0,0.0,0.0,0.0,0.0,0.0,0.0,0.0,-0.0,0.0,0.0,0.0,0.0,0.0,0.0
t208,0.0,0.0,0.0,-0.0,-0.0,0.0,0.0,0.0,0.0,0.0,-0.0,0.0,0.0,0.0,0.0,0.0,0.0
t209,0.0,0.0,0.0,0.0,0.0,0.0,0.0,0.0,0.0,0.0,-0.0,0.0,0.0,0.0,0.0,0.0,0.0
t210,0.0,0.0,0.0,0.0,0.0,0.0,0.0,0.0,-0.0,-0.0,-0.0,0.0,-0.0,0.0,0.0,0.0,0.0
t211,0.0,0.0,0.0,0.0,0.0,0.0,0.0,0.0,0.0,0.0,-0.0,0.0,0.0,0.0,0.0,0.0,0.0
t212,0.0,0.0,0.0,0.0,0.0,0.0,0.0,0.0,0.0,0.0,-0.0,0.0,0.0,0.0,0.0,0.0,0.0
t213,0.0,0.0,0.0,0.0,0.0,0.0,0.0,0.0,0.0,0.0,-0.0,0.0,0.0,0.0,0.0,0.0,0.0
t214,0.0,0.0,0.0,0.0,0.0,0.0,0.0,0.0,0.0,0.0,-0.0,0.0,0.0,0.0,0.0,0.0,0.0
t215,0.0,0.0,0.0,0.0,0.0,0.0,0.0,0.0,0.0,0.0,-0.0,0.0,0.0,0.0,0.0,0.0,0.0
t216,0.0,0.0,0.0,0.0,0.0,0.0,0.0,0.0,0.0,0.0,-0.0,0.0,0.0,0.0,0.0,0.0,0.0
t217,-1386.3134933783704,0.0,0.0,0.0,0.0,0.0,0.0,-987.4447893116122,0.0,0.0,0.0,0.0,0.0,0.0,0.0,0.0,-2373.7582826899825
t218,-1830.0,-74.80844729380374,0.0,0.0,0.0,0.0,0.0,-1023.6521570687684,0.0,0.0,0.0,0.0,0.0,0.0,0.0,0.0,-2928.460604362572
t219,-1830.0,0.0,-504.69545551025453,0.0,0.0,0.0,0.0,-858.5615338548902,0.0,0.0,0.0,0.0,0.0,0.0,0.0,0.0,-3193.256989365145
t220,-1830.0,-31.271314359285554,-1166.7,0.0,0.0,0.0,0.0,-723.6046432920074,0.0,-290.1267495486548,0.0,0.0,0.0,0.0,0.0,0.0,-4041.7027071999473
t221,-1830.0,0.0,-1094.0598497278834,0.0,0.0,0.0,0.0,-904.0301882286136,0.0,0.0,0.0,0.0,0.0,0.0,0.0,0.0,-3828.090037956497
t222,-1830.0,0.0,0.0,0.0,0.0,0.0,0.0,-909.8364682083599,0.0,-114.07468830443406,0.0,0.0,0.0,0.0,0.0,0.0,-2853.911156512794
t223,-1121.3444416859602,0.0,0.0,0.0,0.0,0.0,0.0,-39.48555618014868,-54.73143409746187,0.0,0.0,0.0,0.0,0.0,0.0,0.0,-1215.5614319635708
t224,352.9891724082003,0.0,-0.0,-0.0,-0.0,0.0,0.0,-0.0,724.5745397713548,0.0,-0.0,81.96983738810577,0.0,0.0,0.0,0.0,1159.5335495676609
t225,399.5708980699775,0.0,642.4718109328609,0.0,0.0,0.0,0.0,-0.0,0.0,214.57692301921008,-0.0,0.0,0.0,140.17486709296242,0.0,0.0,1396.794499115011
t226,270.23256743311555,0.0,673.2580323461801,0.0,0.0,0.0,0.0,0.0,0.0,0.0,-0.0,0.0,14.832606543781967,0.0,0.0,0.0,958.3232063230777
t227,383.41713834827,0.0,266.77292614116874,0.0,0.0,0.0,-0.0,118.27199499945179,0.0,0.0,-0.0,507.37045255684114,0.0,0.0,0.0,0.0,1275.8325120457316
t228,382.95140613674386,0.0,0.0,0.0,0.0,0.0,-0.0,603.3749305916156,0.0,0.0,-0.0,0.0,0.0,0.0,0.0,0.0,986.3263367283594
t229,68.7194751577378,0.0,0.0,0.0,0.0,0.0,-0.0,320.6916997649031,0.0,0.0,-0.0,0.0,0.0,0.0,0.0,0.0,389.4111749226409
t230,51.47825675350922,0.0,0.0,0.0,0.0,0.0,0.0,0.0,-803.6808182227481,0.0,0.0,0.0,-17.52434610560251,0.0,0.0,0.0,-769.7269075748414
t231,90.73486037961615,0.0,-884.0588905342586,0.0,0.0,0.0,0.0,0.0,0.0,0.0,0.0,-248.73895324545612,0.0,0.0,0.0,0.0,-1042.0629834000986
t232,293.3789729073948,0.0,-1166.7,0.0,0.0,0.0,0.0,0.0,0.0,0.0,0.0,-447.5515594494244,0.0,-165.61302822892534,0.0,0.0,-1486.485614770955
t233,1187.2129212637838,0.0,0.0,0.0,0.0,0.0,0.0,0.0,0.0,0.0,0.0,0.0,0.0,0.0,0.0,0.0,1187.2129212637838
t234,1122.002665819123,0.0,581.4032364763162,0.0,0.0,0.0,-0.0,667.7616566171596,0.0,0.0,-0.0,0.0,0.0,0.0,0.0,0.0,2371.167558912599
t235,1193.339543915899,0.0,636.7958699353024,0.0,0.0,0.0,-0.0,714.0523664152255,0.0,0.0,-0.0,0.0,0.0,0.0,0.0,0.0,2544.187780266427
t236,1324.0419415367476,60.59239909723727,524.3217131547678,0.0,0.0,0.0,-0.0,807.592882434407,0.0,0.0,-0.0,0.0,0.0,0.0,0.0,0.0,2716.5489362231597
t237,1201.1769437923538,0.0,286.92514441808726,0.0,0.0,0.0,-0.0,937.3693484338145,0.0,0.0,-0.0,0.0,0.0,0.0,0.0,0.0,2425.4714366442554
t238,805.9241146635275,18.962754633066965,0.0,0.0,0.0,0.0,-0.0,795.9634322593058,1.9855905924709987,0.0,-0.0,0.0,-0.0,0.0,0.0,0.0,1622.8358921483714
t239,0.0,0.0,0.0,0.0,0.0,0.0,-0.0,272.20904160710984,0.0,127.53917397964442,-0.0,0.0,-0.0,0.0,0.0,0.0,399.74821558675427
t240,-512.6172258595664,0.0,0.0,0.0,0.0,0.0,0.0,-741.1060167891927,0.0,0.0,0.0,0.0,0.0,0.0,0.0,0.0,-1253.723242648759
t241,0.0,0.0,30.385017777823688,0.0,0.0,0.0,0.0,0.0,0.0,0.0,0.0,0.0,0.0,0.0,0.0,-2812.4810338041593,-2782.0960160263357
t242,0.0,0.0,0.0,0.0,0.0,-990.5798932638307,0.0,0.0,0.0,0.0,0.0,0.0,0.0,0.0,0.0,-5005.303754297778,-5995.883647561609
t243,-1585.345801883865,-103.20160523238087,-277.23135518995537,0.0,0.0,0.0,0.0,0.0,0.0,0.0,0.0,0.0,0.0,0.0,0.0,-6231.530797571795,-8197.309559877996
t244,-1485.0633872194376,-240.0,-305.46054535567276,0.0,0.0,0.0,0.0,0.0,0.0,0.0,0.0,0.0,0.0,0.0,0.0,-5870.416050792625,-7900.939983367736
t245,-958.5010018159593,-56.948590245753415,0.0,0.0,0.0,0.0,0.0,0.0,0.0,0.0,0.0,0.0,0.0,0.0,-485.56947642936615,-3522.8370213321346,-5023.856089823214
t246,-774.0314039661476,0.0,-367.2405234377832,0.0,0.0,-504.4054449174579,0.0,0.0,0.0,0.0,0.0,0.0,0.0,0.0,0.0,0.0,-1645.6773723213887
t247,0.0,0.0,-92.4222240204536,0.0,0.0,-334.6433510173927,0.0,-187.523102306731,0.0,0.0,0.0,0.0,0.0,0.0,0.0,0.0,-614.5886773445773
t248,935.1683175497827,0.0,306.83044966321296,1117.43444,124.57830003476927,0.0,-0.0,-0.0,0.0,-0.0,0.0,-0.0,0.0,0.0,-0.0,-0.0,2484.0115072477647
t249,0.0,0.0,0.0,0.0,-166.1141454095564,-9.162081169501754e-14,0.0,0.0,-0.0,0.0,-0.0,0.0,-0.0,-0.0,0.0,0.0,-166.11414540955647
t250,0.0,0.0,0.0,0.0,0.0,0.0,0.0,0.0,0.0,0.0,0.0,0.0,0.0,0.0,0.0,0.0,0.0
t251,0.0,0.0,0.0,0.0,0.0,0.0,0.0,0.0,0.0,0.0,0.0,0.0,0.0,0.0,0.0,0.0,0.0
t252,0.0,0.0,0.0,0.0,0.0,0.0,0.0,0.0,0.0,0.0,0.0,0.0,0.0,0.0,0.0,0.0,0.0
t253,0.0,0.0,0.0,0.0,0.0,0.0,0.0,0.0,0.0,0.0,0.0,0.0,0.0,0.0,0.0,0.0,0.0
t254,0.0,0.0,0.0,0.0,0.0,0.0,0.0,0.0,0.0,0.0,0.0,0.0,0.0,0.0,0.0,0.0,0.0
t255,0.0,0.0,0.0,0.0,0.0,0.0,0.0,0.0,0.0,0.0,0.0,0.0,0.0,0.0,0.0,0.0,0.0
t256,0.0,0.0,0.0,0.0,0.0,0.0,0.0,0.0,0.0,0.0,0.0,0.0,0.0,0.0,0.0,0.0,0.0
t257,-683.4021779108364,0.0,-748.727782942836,-1490.0,0.0,-0.0,-0.0,0.0,-0.0,-0.0,-0.0,0.0,0.0,-0.0,0.0,0.0,-2922.1299608536724
t258,0.0,0.0,0.0,0.0,0.0,-0.0,-0.0,0.0,-0.0,-0.0,-0.0,-0.0,-0.0,-0.0,-0.0,3243.0632981244507,3243.0632981244507
t259,1306.7905460467434,145.61691681666775,350.2395179878209,0.0,0.0,-0.0,-0.0,158.71955379241714,0.0,-0.0,-0.0,0.0,0.0,0.0,410.9860048498156,2683.462959613019,5055.815499106484
t260,1358.1830674107641,154.47812318333195,0.0,0.0,0.0,267.4168496261802,-0.0,0.0,0.0,0.0,-0.0,0.0,0.0,0.0,0.0,13674.652146445482,15454.730186665758
t261,0.0,0.0,0.0,0.0,0.0,896.1454781788126,-0.0,0.0,0.0,0.0,-0.0,0.0,0.0,0.0,0.0,0.0,896.1454781788126
t262,514.3744994638676,0.0,341.7486293030274,0.0,0.0,385.0353947327712,-0.0,0.0,0.0,0.0,-0.0,0.0,-0.0,0.0,0.0,0.0,1241.1585234996662
t263,0.0,0.0,0.0,0.0,0.0,0.0,-0.0,0.0,0.0,0.0,-0.0,0.0,-0.0,0.0,0.0,0.0,0.0
t264,0.0,0.0,314.0294008511794,0.0,0.0,0.0,-0.0,0.0,0.0,0.0,-0.0,-0.0,0.0,-0.0,0.0,240.6117077772268,554.6411086284062
t265,0.0,0.0,0.0,0.0,0.0,0.0,0.0,0.0,0.0,0.0,0.0,0.0,0.0,0.0,0.0,0.0,0.0
t266,0.0,0.0,0.0,0.0,0.0,0.0,0.0,0.0,0.0,0.0,0.0,0.0,0.0,0.0,0.0,0.0,0.0
t267,0.0,0.0,0.0,0.0,0.0,0.0,0.0,0.0,0.0,0.0,0.0,0.0,0.0,0.0,0.0,0.0,0.0
t268,0.0,0.0,0.0,0.0,0.0,0.0,0.0,0.0,0.0,0.0,0.0,0.0,0.0,0.0,0.0,0.0,0.0
t269,0.0,0.0,0.0,0.0,0.0,0.0,0.0,0.0,0.0,0.0,0.0,0.0,0.0,0.0,0.0,0.0,0.0
t270,0.0,0.0,0.0,0.0,0.0,0.0,0.0,0.0,0.0,0.0,0.0,0.0,0.0,0.0,0.0,0.0,0.0
t271,0.0,0.0,0.0,0.0,0.0,0.0,0.0,0.0,0.0,0.0,0.0,0.0,0.0,0.0,0.0,0.0,0.0
t272,0.0,0.0,0.0,0.0,0.0,0.0,0.0,0.0,0.0,0.0,0.0,0.0,0.0,0.0,0.0,0.0,0.0
t273,0.0,0.0,0.0,0.0,0.0,0.0,0.0,0.0,0.0,0.0,0.0,0.0,0.0,0.0,0.0,0.0,0.0
t274,0.0,0.0,0.0,0.0,0.0,0.0,0.0,0.0,0.0,0.0,0.0,0.0,0.0,0.0,0.0,-0.0,0.0
t275,0.0,0.0,0.0,0.0,0.0,0.0,0.0,0.0,0.0,0.0,0.0,0.0,0.0,0.0,0.0,-0.0,0.0
t276,0.0,0.0,0.0,0.0,0.0,0.0,0.0,0.0,0.0,0.0,0.0,0.0,0.0,0.0,0.0,0.0,0.0
t277,0.0,0.0,0.0,0.0,0.0,0.0,0.0,0.0,0.0,0.0,0.0,0.0,0.0,0.0,0.0,0.0,0.0
t278,0.0,0.0,0.0,0.0,0.0,0.0,0.0,0.0,0.0,0.0,0.0,0.0,0.0,0.0,0.0,0.0,0.0
t279,0.0,0.0,0.0,0.0,0.0,0.0,0.0,0.0,0.0,0.0,0.0,0.0,0.0,0.0,0.0,0.0,0.0
t280,0.0,0.0,0.0,0.0,0.0,0.0,0.0,0.0,0.0,0.0,0.0,0.0,0.0,0.0,0.0,0.0,0.0
t281,0.0,0.0,0.0,-0.0,0.0,0.0,0.0,0.0,0.0,0.0,0.0,0.0,0.0,0.0,0.0,0.0,0.0
t282,0.0,0.0,0.0,0.0,0.0,0.0,0.0,0.0,0.0,0.0,0.0,0.0,0.0,0.0,0.0,0.0,0.0
t283,0.0,0.0,0.0,0.0,0.0,0.0,-0.0,0.0,0.0,0.0,0.0,-0.0,0.0,0.0,0.0,0.0,0.0
t284,0.0,0.0,0.0,0.0,0.0,0.0,-0.0,0.0,-0.0,0.0,0.0,0.0,0.0,0.0,0.0,0.0,0.0
t285,0.0,0.0,0.0,0.0,0.0,0.0,-0.0,0.0,0.0,0.0,0.0,0.0,0.0,0.0,0.0,0.0,0.0
t286,0.0,0.0,0.0,0.0,0.0,0.0,0.0,0.0,0.0,0.0,0.0,0.0,0.0,0.0,0.0,0.0,0.0
t287,0.0,0.0,0.0,0.0,0.0,0.0,0.0,0.0,0.0,0.0,0.0,0.0,0.0,0.0,0.0,0.0,0.0
t288,0.0,0.0,0.0,0.0,0.0,0.0,0.0,0.0,0.0,0.0,0.0,0.0,0.0,0.0,0.0,0.0,0.0
