Resource,NENG_Rest_hydroelectric_pumped_storage_1,NY_Z_A_hydroelectric_pumped_storage_1,NY_Z_F_hydroelectric_pumped_storage_1,PJM_EMAC_hydroelectric_pumped_storage_1,PJM_Rest_hydroelectric_pumped_storage_1,NENG_Rest_battery_advanced_0,NY_Z_A_battery_advanced_0,NY_Z_B_battery_advanced_0,NY_Z_C&E_battery_advanced_0,NY_Z_D_battery_advanced_0,NY_Z_F_battery_advanced_0,NY_Z_G-I_battery_advanced_0,NY_Z_J_battery_advanced_0,NY_Z_K_battery_advanced_0,PJM_EMAC_battery_advanced_0,PJM_Rest_battery_advanced_0,NENG_Rest_conventional_hydroelectric_1,NY_Z_A_conventional_hydroelectric_1,NY_Z_B_conventional_hydroelectric_1,NY_Z_C&E_conventional_hydroelectric_1,NY_Z_D_conventional_hydroelectric_1,NY_Z_F_conventional_hydroelectric_1,PJM_EMAC_conventional_hydroelectric_1,PJM_Rest_conventional_hydroelectric_1,NY_Z_A_res_water_heat_1,NY_Z_B_res_water_heat_1,NY_Z_C&E_res_water_heat_1,NY_Z_D_res_water_heat_1,NY_Z_F_res_water_heat_1,NY_Z_G-I_res_water_heat_1,NY_Z_J_res_water_heat_1,NY_Z_K_res_water_heat_1,PJM_EMAC_res_water_heat_1,PJM_Rest_res_water_heat_1,NENG_Rest_res_water_heat_1,NY_Z_A_trans_light_duty_1,NY_Z_B_trans_light_duty_1,NY_Z_C&E_trans_light_duty_1,NY_Z_D_trans_light_duty_1,NY_Z_F_trans_light_duty_1,NY_Z_G-I_trans_light_duty_1,NY_Z_J_trans_light_duty_1,NY_Z_K_trans_light_duty_1,PJM_EMAC_trans_light_duty_1,PJM_Rest_trans_light_duty_1,NENG_Rest_trans_light_duty_1,Total
Zone,1,2,6,10,11,1,2,3,4,5,6,7,8,9,10,11,1,2,3,4,5,6,10,11,2,3,4,5,6,7,8,9,10,11,1,2,3,4,5,6,7,8,9,10,11,1,0
AnnualSum,1.773535123356067e8,2.3778711510371413e7,1.1907808799921682e8,1.7297116757312536e8,4.374799270481342e8,0.0,9.438046199006818e6,8.990776591316793e6,0.0,3.127871698227658e7,0.0,1.5431228444384264e7,0.0,0.0,1.4737455521919835e7,1.2069053911533505e8,6.720439208696961e6,1.9259699584065776e7,0.0,368878.13571,8.758037399321232e6,1.6916813661274465e6,4.0166349080000008e6,7.3121810388254365e6,55845.37280596935,46518.93475693422,97362.44602415545,10208.26575336413,60878.50113078919,114842.44161207357,375804.2926668725,126288.22237025715,1.049932434549872e6,3.917676698878733e6,851339.0208578284,257750.0277683952,186552.65765460226,407274.499489707,59922.24338516411,231122.84517453433,475051.9274839834,1.7354161252911056e6,601974.5380776698,8.104395433210665e6,1.623761650512067e7,4.8166254360875245e6,1.2191761198315916e9
t1,13698.926820068631,1849.439999999999,10022.52823924,18006.64936890891,38201.578768985404,-0.0,633.832205400546,-0.0,-0.0,840.9530116701328,-0.0,-0.0,-0.0,-0.0,475.8470468891199,10467.692981474207,638.6009071676872,1986.14793,0.0,30.738479999999996,739.00288,137.84920000000002,392.79240000000016,448.3757081393579,-0.0,3.0277354628134003,5.974189436692213,1.7616142636906886,-0.0,-0.0,-0.0,-0.0,61.013979938937354,-0.0,-0.0,-0.0,2.094326751022234,-0.0,7.637837074349647,-0.0,-0.0,26.98126443394881,-0.0,430.32373256620406,186.13559804708848,-0.0,99295.90622591873
t2,14287.932931597225,1849.439999999999,11032.89043924,18006.64936890891,38201.578768985404,-0.0,633.832205400546,-0.0,-0.0,1672.2463830327133,-0.0,-0.0,-0.0,-0.0,475.8470468891199,10467.692981474207,766.1714951987343,2194.8188600000003,0.0,40.604839999999996,725.840070949767,166.87442,482.3962,619.2085575114864,2.096981953428952,-0.0,-0.0,1.0546548315388158,1.9257997531490372,3.562729543325719,12.76377280837112,4.3437483321028285,-0.0,159.22584432383144,27.915304894277313,1.6668804633860672,3.355674215765718,2.497523915778117,5.250157761252662,1.5270414983369007,2.8247470939931683,37.10280872420749,3.448428878112451,177.65378984370608,286.9657212380385,24.750623965235068,102383.95680322596
t3,14287.932931597225,1849.439999999999,11607.71447878862,18006.64936890891,38201.578768985404,-0.0,633.832205400546,-0.0,-0.0,2272.693622102708,-0.0,-0.0,-0.0,-0.0,475.8470468891199,10467.692981474207,805.1312832297815,2390.341330000003,0.0,49.959525000000006,739.00288,209.34131,524.5239999999999,790.041406883615,1.1315652115707802,0.8602204924696236,1.6973478173561698,-0.0,1.0391925412384715,1.922506201291172,-0.0,2.3439565096823305,18.270130797292428,88.35260728747949,-0.0,2.4212148339804918,3.926487640494049,3.627759809974126,-0.0,2.2180927841499143,4.10306540657768,41.68323840068605,5.008989748822058,191.47282667242996,336.2994075700965,35.97379165753031,104054.07554064324
t4,15872.712931597225,1849.439999999999,10260.485841375226,18006.64936890891,38201.578768985404,-0.0,633.832205400546,-0.0,0.0,3013.2836827387855,-0.0,-0.0,-0.0,-0.0,475.8470468891199,10467.692981474207,755.4802712608287,2390.341330000003,0.0,54.060310000000015,819.3624890502331,229.01639999999998,572.0,959.111491349541,2.767935170688429,2.104195614451918,-0.0,-0.0,2.541981279203659,4.7026653665267695,9.960149802180386,5.733579996426032,45.216790336557196,208.51814638794997,21.951173382306234,3.3590938135710884,4.636191364982907,5.033004656911044,0.16208311224468366,3.0772906412916354,5.692424080044966,47.37817804353566,6.94926622841133,12.937788905532065,-0.0,50.0223143364532,105003.6393715493
t5,15872.712931597225,1849.439999999999,10260.485841375226,18006.64936890891,38201.578768985404,-0.0,633.832205400546,-0.0,-0.0,3826.2019628951084,-0.0,-0.0,-0.0,0.0,475.8470468891199,10467.692981474207,794.4400592918757,2188.244630000003,0.0,52.90719500000003,832.5252981004661,229.01639999999998,572.0,1003.0341758154669,3.652170238915565,1.5324196004586192,3.0237004196968726,-0.0,3.354033892881641,6.204962701831034,22.22979130115443,7.565209780610813,-0.0,276.74760791946244,-0.0,3.8421845641303656,1.0752640072107273,5.756830227799357,0.24557027215677352,3.5198536443207717,6.511084580153808,8.628338009081197,-0.0,-0.0,33.61772923785167,57.295195630328834,105711.41081176161
t6,15872.712931597225,1849.439999999999,9950.153471843709,18006.64936890891,38201.578768985404,-0.0,633.832205400546,-0.0,-0.0,4054.04657710448,-0.0,-0.0,-0.0,-0.0,475.8470468891199,10467.692981474207,744.7890473229229,2188.24463,0.0,46.50018000000004,912.8849071506992,206.22459999999998,524.5240000000001,921.8094602813928,5.479099515663412,4.1652338154788175,8.218649273495117,-0.0,5.0318260858133375,9.308878258754673,33.349825113196175,11.34956328244564,-0.0,-0.0,47.58521382926663,3.2880400131104883,2.488097392471192,4.926543174006152,0.5682351029368797,3.0121977301314216,5.5720141161771695,19.96546444202493,-0.0,38.4980060773502,151.34952632485476,85.94123085147433,105497.02782135725
t7,15872.712931597225,1849.439999999999,8602.924834430314,16643.3,38201.578768985404,-0.0,633.832205400546,-0.0,-0.0,4038.741842913457,0.0,-0.0,-0.0,-0.0,475.8470468891199,6177.559245065644,783.74883535397,1986.14793,0.0,35.99238,926.0477162009316,160.64100000000002,429.5720000000002,715.4373447473188,11.328497630380001,8.611970137380712,16.992746445569995,1.9651475481271428,10.403722313614283,19.246886280186423,68.95355955634356,6.274179157917224,218.80681565074025,954.9423687562929,205.74987816406443,8.030028274981259,6.076414013450584,12.031569210668227,0.8195046828400827,7.356368184798268,13.607933821696427,48.759517327444925,9.810187125648758,141.81644893546024,470.02363412539336,73.98492392004405,99849.11638284696
t8,16299.488295790205,1849.439999999999,9613.287034430314,16643.3,38201.578768985404,-0.0,-0.0,-0.0,-0.0,4705.515536443351,-0.0,-0.0,-0.0,-0.0,-0.0,-0.0,881.3690176769849,1986.14793,0.0,30.738479999999996,989.8441962009317,137.84920000000002,366.85220000000004,500.15879999999964,27.8995835541441,21.209377293711587,41.849375331216145,2.8745761296325485,25.622066529316008,47.40082307923461,169.81736316374446,40.6,525.1022345392103,2323.483655780267,258.5,17.60213367435302,13.319735381095994,26.373666730196717,2.4737443743422496,16.125444607712666,29.82911914613515,106.8827546434288,29.612881685087316,341.61810993398456,1087.7660144989927,228.2992102000287,97589.83132980303
t9,17528.751678960103,2057.279999999999,10623.649234430313,16643.3,38201.578768985404,-0.0,-0.0,106.9535844521722,-0.0,4942.690145141339,-0.0,318.2181688860655,-0.0,-0.0,-0.0,-0.0,1067.5999999999997,1986.14793,0.0,30.738479999999996,1120.8374762009319,137.84920000000002,351.6084,410.02765525267984,29.641645205567784,22.533699671579587,44.46246780835166,4.239286769787743,27.221919066337755,50.36055027272484,180.42083025633855,10.022071427465411,421.45798646322794,1962.471281940163,191.0622477929362,28.08162382419828,21.24968514213662,42.07531891780044,4.446880314496433,25.725782899349433,47.587986681946745,170.51576614055966,53.23304298809808,566.5497574258189,1760.6708834340802,337.2003973580437,101528.46183411003
t10,18938.9315703553,2265.119999999999,11634.011434430313,16643.3,38201.578768985404,-0.0,536.4755786510221,453.95338616008803,-0.0,5459.563861737168,-0.0,-0.0,-0.0,-0.0,-0.0,-0.0,97.95081255862719,2188.24463,0.0,30.738479999999996,1184.633956200932,137.84920000000002,351.6084,445.04391050536003,17.64451555447253,15.716025586609977,31.010144446062633,2.158152034393669,18.985802722079164,35.12373503584645,125.8336813746691,25.770874293053815,355.6579983510738,1658.2419694144805,226.44041959907048,12.11219019927971,29.356936285291248,58.12803570457889,6.381912635705477,35.540769870884745,65.74391496262562,235.57151311855654,76.3970706779112,779.9895302038608,2433.83355595799,518.9479210123518,105333.59065862506
t11,20260.948163876004,2472.959999999999,12644.373634430312,16643.3,41250.810000000005,-0.0,1072.9511573020443,809.6520201103865,-0.0,5585.052123460914,-0.0,139.44178076982823,-0.0,-0.0,-0.0,-0.0,284.1817948816421,2592.4380300000003,0.0,31.084519999999998,1181.233636200932,137.87666000000007,351.6084,605.2075657580402,5.2034038267913765,6.258241671178897,22.14263793183539,-0.0,13.556717101123708,25.079926637078856,89.85090834244771,-0.0,245.2575915953865,1134.557662593004,137.74817719355826,24.965159176536122,17.11246491140598,74.58845103009256,8.603147207278315,45.605032768679216,84.36095805195241,302.2795120693225,102.98718938421516,980.1355962594279,3053.556298349429,723.9443526895612,113160.91291558043
t12,20672.07873972502,2680.7999999999993,13654.735834430312,17933.64,44448.948000000004,-0.0,1609.4267359530663,1346.9788496386736,-0.0,4197.842735963146,-0.0,828.2918634742234,-0.0,-0.0,78.95900604192505,3716.8915170630526,470.4127772046569,1877.642681051989,0.0,36.68446,1110.636516200932,160.69592000000011,351.6084,776.0404151301688,-0.0,-0.0,23.483614787295465,-0.0,14.37772333916049,26.598788177446906,95.29235524232482,-0.0,253.6743848011007,321.99342108212056,-0.0,41.02162164233532,29.262573253814434,91.54117831886451,3.980226947286122,55.97030611657338,103.53481534384454,370.9826700290825,24.723218312635552,1169.4361036483645,3625.9544211021257,-0.0,122204.14187402154
t13,22256.85873972502,2888.6399999999994,14665.098034430312,19223.98,47647.086,-0.0,1638.5269059327197,1159.691020455931,-0.0,4756.995907657597,-0.0,1774.6072501920294,-0.0,-0.0,648.5193324078867,9097.567300855073,656.6437595276718,2170.215843017275,0.0,47.53830000000001,1107.236196200932,206.30698000000018,399.0844,946.8732645022973,7.014561756017085,5.332498477788498,23.26712501284282,-0.0,-0.0,26.35358037168932,94.41387802830438,-0.0,207.8173617338275,827.5019616593986,100.12286614470229,-0.0,43.32104412513452,60.96545985652993,7.19091985137918,37.27563391003957,34.01830886941724,361.9,63.15801783444856,1129.0828836395117,2917.5713356360166,295.6313376426751,137533.4080094545
t14,23841.63873972502,3096.4799999999996,15675.460234430311,20514.32,50845.224,-0.0,1199.912118079065,1385.3848760952499,-0.0,5585.052123460914,-0.0,2720.922636909835,-0.0,-0.0,2102.1193324078868,18200.223551506973,770.1950398212216,2664.885704982561,0.0,58.04610000000001,1171.113636200932,251.83566000000016,440.97386666666665,1117.936992656968,7.836201379314388,11.28961075083872,-0.0,-0.0,-0.0,-0.0,22.8107568319884,-0.0,-0.0,-0.0,111.35493716805162,18.91084650112896,24.5917313837666,-0.0,10.459069498386366,-0.0,34.01830886941724,-0.0,19.030337808158116,765.5827275036291,3971.116523806429,595.1394336482538,157233.865098093
t15,25411.69251892012,3304.3199999999997,16685.822434430313,21804.66,54043.362,-0.0,1736.387696730087,1929.8637761356565,-0.0,5585.052123460914,-0.0,3664.086859331337,-0.0,-0.0,3004.4474649939816,23892.67289219076,957.4358917463994,2957.458866947847,0.0,63.3,1167.794276200932,274.6,530.2821333333331,1289.3190625497705,9.824600113799693,10.843916876310026,-0.0,-0.0,-0.0,-0.0,-0.0,-0.0,-0.0,-0.0,203.06251705130725,30.659838202583405,23.200649378129384,-0.0,14.167945670056216,-0.0,-0.0,-0.0,63.4288263486331,-0.0,1653.2474585136638,-0.0,170310.99374912592
t16,26780.22,3512.16,17696.184634430312,23095.0,57241.5,-0.0,1901.4966162016378,1929.8637761356565,-0.0,4877.686526548388,-0.0,3664.086859331337,-0.0,-0.0,3540.2944667146844,23892.67289219076,1056.570878472659,3047.935328913133,0.0,63.3,1184.633956200932,274.59999999999997,572.0,1461.0191773047475,-0.0,-0.0,8.072901759183408,-0.0,4.942592913785759,9.143796890503657,32.758407478591174,-0.0,-0.0,-0.0,167.68251508568864,-0.0,-0.0,33.534713430681556,3.8679456700562156,26.512295874814537,49.04289163656169,-0.0,-0.0,-0.0,-0.0,401.13487822078594,176527.91805140488
t17,28365.0,3720.0,18083.8,23095.0,57241.5,-0.0,1901.4966162016378,1922.691496663158,-0.0,5585.052123460914,-0.0,3664.086859331337,-0.0,-0.0,3540.2944667146844,23892.67289219076,1067.6,3047.935328913133,0.0,63.3,1181.395556200932,274.6,572.0000000000001,1507.8000000000002,0.9933876101240688,4.5980392617107855,9.072641227805173,-0.0,5.554678302737862,10.276154860065043,69.57358089618155,12.528885505064288,-0.0,433.6784458720225,160.13982672023351,37.21848913249025,28.163655367035407,89.3,-0.0,14.747291617868576,27.2797885238961,225.99616135986946,76.99731057107464,-0.0,18.521449683683386,-0.0,179950.8651261884
t18,26377.91065378687,3720.0,18083.8,23095.0,57241.5,-0.0,1901.4966162016378,1922.691496663158,-0.0,5585.052123460914,-0.0,3664.086859331337,-0.0,-0.0,3261.3766101264487,23892.67289219076,1017.1804430771947,3003.3766589131333,0.0,60.992081999999996,1110.960356200932,265.47778800000003,572.0,1507.8000000000002,8.205360934990745,10.080610819900247,19.890601215105185,-0.0,12.17791911128889,22.529150355884447,-0.0,-0.0,122.21224150396272,-0.0,-0.0,-0.0,-0.0,-0.0,-0.0,-0.0,-0.0,-0.0,-0.0,836.6593625991934,-0.0,-0.0,177315.12982649272
t19,24264.746681500495,3512.257551963048,16736.571362586605,21447.757913943555,52977.06581986143,-0.0,1901.4966162016378,1922.691496663158,-0.0,5585.052123460914,-0.0,3664.086859331337,0.0,-0.0,2204.9231606317608,20291.470824363674,878.601502520333,2756.7212889131333,0.0,53.430263999999994,1040.6061162009319,233.59123600000007,530.0152,1382.9241920214395,-0.0,8.662251125950913,17.09195859751388,1.976621062297524,-0.0,19.359259227796336,-0.0,23.603180920376314,318.93096204222104,828.7160632794735,160.59538876748366,34.24162936787012,25.91103161897554,51.30499165353692,5.91759702162856,-0.0,58.02692225092083,-0.0,70.838807064738,1509.2924838833828,2060.9342828637295,538.1905888522856,167117.60422976364
t20,22151.582709214123,3235.12129330254,15389.34272517321,19727.203641426233,48712.631639722866,-0.0,1267.664410801092,1279.4035712846057,-0.0,4488.435719844336,-0.0,2546.039379749808,-0.0,-0.0,1139.16054754844,20291.470824363674,651.9166967645529,2307.9692189131333,0.0,40.61454599999999,970.2518762009319,178.9403440000001,440.49720000000013,1133.140826830015,12.585719205544317,18.229966236288174,35.97053740583035,1.096865921853301,11.558313556112125,40.74213930660377,76.60593373578759,49.67359927471811,403.0857519664888,481.54708678096097,340.40505310297226,54.08943629655748,40.93009357340171,81.04340035709029,9.347671037827887,18.182722454804193,91.66162862336083,120.51881421966367,111.89979019069692,1879.59056458818,3262.711391015563,854.1644851702497,153947.02813516007
t21,20038.41873692775,2957.9850346420317,14042.114087759815,18006.64936890891,44448.1974595843,-0.0,633.832205400546,636.1156459060538,-0.0,3113.6255566475,-0.0,1427.9919001682795,-0.0,-0.0,826.7770710947339,20291.470824363674,514.3476258098549,2046.0102244565667,0.0,33.052728,899.9785962009319,147.108712,398.34079999999994,788.4906753215924,7.371213977991818,5.603626952657047,25.540520876161743,-0.0,23.75137632277112,33.9064221944772,157.41884418369972,36.575729737293386,420.8757002275821,-0.0,179.8096643354886,69.57240288232998,52.64623104015239,97.58415750330897,12.023418618926154,32.36678244781055,110.36953984136848,214.53367340407758,80.53432491103248,2164.26163480005,4143.487333955279,1100.9392863004928,140219.67913770553
t22,17925.254764641377,2680.8487759815234,12694.88545034642,18006.64936890891,42466.01294912397,-0.0,633.832205400546,-0.0,-0.0,2296.9450648356305,0.0,309.94442058675105,-0.0,-0.0,310.6488848627903,13825.392495956592,465.89428965623796,1986.14793,0.0,30.75114,829.7053162009319,138.09634000000003,350.86479999999995,537.9560325344562,-0.0,-0.0,14.483699909174014,2.121320024225909,16.98189409808475,33.3,112.55222032786178,21.306786497167472,406.475804862867,843.3544196861282,172.4165494803443,77.35108013520006,16.794851681365245,115.89683651129806,8.218034293627802,39.492886105641176,131.08152841703364,288.7482146469807,96.62678976470498,2382.7790709321926,4821.087774189913,1292.8537321935041,126383.75372279345
t23,15812.090792355004,2403.712517321015,11347.656812933026,18006.64936890891,38201.578768985404,-0.0,633.832205400546,-0.0,-0.0,1343.0289395765228,-0.0,309.94442058675105,-0.0,-0.0,310.6488848627903,13825.392495956592,466.39922445731946,1992.7221600000003,0.0,31.37992,759.4320362009319,149.50597000000002,350.8076,412.80863253445625,9.944200060550658,-0.0,-0.0,1.7250142962179709,9.132428627036315,16.894992960017188,60.52770751141294,41.905486622593834,343.8336225381312,1520.817836433568,139.65906937701473,85.43969251225931,22.91559695326746,76.71119192607306,9.615898513153143,46.90292361885317,86.7618184158273,337.86346329224483,113.36044590717822,1686.7485822753918,5271.478687745886,1419.3089398277666,117659.13834949373
t24,13698.926820068631,2126.576258660507,10022.52823924,18006.64936890891,38201.578768985404,-0.0,633.832205400546,-0.0,0.0,-0.0,-0.0,-0.0,-0.0,0.0,475.8470468891199,10467.692981474207,510.91479845058757,1575.3802999999998,0.0,26.126019999999997,692.2352362009319,131.61578000000006,344.5156000000001,326.00928542113434,16.116595211090406,-0.0,-0.0,2.795735903964662,14.800954785695268,27.38176635353625,95.05779592525914,33.38437579440156,12.53362253813117,1106.6664665410958,225.06087393051695,56.83233094543404,-0.0,85.15314015817549,10.5896058680317,52.06451794665601,96.30982257531606,372.07556928550207,117.57426854986605,536.7485822753918,3519.253717110259,967.8540360531699,104588.6824874515
t25,16210.579646363134,2324.431188715602,12237.527752888422,23095.0,57241.5,-0.0,-0.0,-0.0,-0.0,3302.998691102984,-0.0,-0.0,-0.0,-0.0,-0.0,1859.5505760331964,510.91479845058757,1817.8963400000005,0.0,23.59824,780.265992401864,120.21988000000002,320.7776,395.52638627871465,-0.0,-0.0,11.620267467119124,0.40334713493177504,7.114449469664772,13.161731518879826,47.152990096167066,16.047036026021647,117.99759347686228,37.43444997476672,109.23332333096239,12.057083833283542,9.123732900689383,74.27569079424228,-0.0,45.4138042258189,84.00722027120345,301.01201006087655,102.55534910336026,875.5449517336064,2947.93474562643,742.3356675007725,125795.21253678015
t26,16210.579646363134,2324.431188715602,12237.527752888422,23095.0,57241.5,-0.0,536.4755786510221,544.4789000404066,-0.0,3851.52325145954,0.0,-0.0,-0.0,-0.0,-0.0,2963.018797493998,599.5255984505875,1858.3156800000004,0.0,26.32436,834.7988000000001,131.61578,320.7776,465.04348713629497,1.111922552333031,0.8452880627429673,5.155650230556661,-0.0,3.1565205493204043,5.839563016242747,-0.0,-0.0,52.627594851198936,120.0467925057507,14.499418733022381,14.087995192236654,10.660546697481085,17.288635116116374,0.350979647604313,2.546742577073075,3.4416450881587934,208.3462090922161,42.609397021989125,602.9055286772634,-0.0,517.23521964855,124863.69207045886
t27,17189.038821302827,2324.431188715602,12237.527752888422,23095.0,57241.5,-0.0,536.4755786510221,735.0901322765536,0.0,4342.28843797766,-0.0,946.315386717806,-0.0,-0.0,170.446266140107,9245.579274124744,599.5255984505875,1696.6383200000002,0.0,31.51214666666666,956.5284075981364,143.01167999999998,368.2536,534.5605879938753,-0.0,-0.0,-0.0,0.061858586655479234,-0.0,-0.0,2.170508643529021,0.7386642994742519,-0.0,-0.0,19.038054201674633,2.97316230391624,2.249825837359438,18.700430575599718,0.5138183176231087,3.4099456239688273,5.0384126291198,18.0534804997867,44.55871818833063,-0.0,59.54212399681798,41.523768970439285,132612.2959521783
t28,18354.72280275126,2324.431188715602,12237.527752888422,23095.0,57241.5,-0.0,828.5454588995937,1279.5690323169601,-0.0,4724.005732604701,-0.0,1622.0062763287574,-0.0,-0.0,1094.2780784710126,15502.417595862367,656.3411992252937,1737.0576600000002,0.0,31.44603333333332,1141.3196075981364,143.01168,463.2056,604.0776888514556,0.5588645697209701,0.42485112698175787,0.838296854581455,0.15880448140299447,-0.0,-0.0,-0.0,-0.0,-0.0,39.45747211143804,-0.0,4.160431215676184,3.1482457689093284,20.47934188130715,0.7190006966688708,4.497611439104615,7.050395180927758,25.26275263344314,8.607066592162312,21.037997953634264,126.25941943541322,57.602196318542326,143400.7261361068
t29,18476.743589643957,2324.431188715602,12237.527752888422,23095.0,57241.5,-0.0,1365.0210375506158,1684.471828979912,-0.0,5003.057818701163,-0.0,2568.321663046563,-0.0,-0.0,2547.8780784710125,15502.417595862367,801.7676,1575.3803,0.0,26.126019999999997,1258.9140075981363,120.21988000000002,541.3408,673.5947897090359,1.8329652006027728,1.3934276269888424,2.7494478009041585,0.31796335112497076,1.6833353883086684,3.1141704683710367,11.15677287917912,3.796856486962886,28.53306406302766,166.18441223528552,22.461457962268724,4.778765764437803,3.6161465767809564,7.1601305832935545,0.8258605264045198,5.064072284111065,8.09824399678218,29.0173713112423,9.886272126764789,-0.0,166.7375146835677,65.7847304632123,147587.9069329464
t30,19165.959011614217,2324.431188715602,12237.527752888422,23095.0,57241.5,-0.0,1901.4966162016378,1684.471828979912,-0.0,5470.957569035498,-0.0,2991.0252922583118,-0.0,-0.0,3148.2143164567356,15502.417595862367,978.9892,1373.2836,0.0,23.59824,1309.3116075981366,120.21988000000002,572.0,743.1118905666162,5.759774750962791,4.37860427496661,8.639662126444183,0.9991445996568102,5.289589057006642,9.78573975546229,35.05822080560514,11.930961984137205,90.92922120358836,-0.0,69.51511485377999,7.193828946170308,5.443652440810084,10.778673236459875,1.24322882794554,6.5903198063909185,12.19088462354364,43.68199153723212,14.88253538695972,-0.0,304.7878230067879,97.04381756369374,150629.63837896506
t31,20750.739011614216,2532.271188715602,12763.267736608146,23095.0,57241.5,-0.0,1901.4966162016378,1684.471828979912,-0.0,5585.052123460914,-0.0,3664.086859331337,-0.0,-0.0,3540.2944667146844,21896.08161099545,1067.6,1373.2836,0.0,26.324360000000006,1292.5124075981366,143.01168,572.0,812.6289914241966,16.325641732695484,12.410819480467485,24.488462599043217,2.1508178275479892,14.992936285128502,21.065362840396475,86.93425458617835,25.68329523483775,-0.0,859.4796573828403,-0.0,11.638852688969191,8.80725262202199,17.438750757130013,1.848573791329907,10.662438872780502,18.126791546050544,64.95134515362071,22.129043540871606,-0.0,505.69538060677223,119.30521343400137,161785.75737262692
t32,21236.06728998259,2740.111188715602,13773.629936608146,23095.0,57241.5,-0.0,1901.4966162016378,1684.471828979912,-0.0,5585.052123460914,-0.0,3664.086859331337,-0.0,-0.0,3540.2944667146844,21896.08161099545,1067.6,1415.353275784048,0.0,34.30438000000001,1208.5164075981365,171.67992000000007,524.524,882.1460922817769,26.34427005712871,20.02702162506213,39.51640508569305,4.569924397665185,24.193717399403912,44.758377188897235,160.35058254160478,54.57027368976661,79.60289757658171,1344.1684921086505,165.9853964125319,23.437036646697287,17.735073032987376,35.11623108305483,4.050360360083592,21.47084229714215,39.717125861013855,142.31314702080113,48.486352660029794,-0.0,703.6312879402103,283.1950614777448,164945.15587311695
t33,22689.897412871018,2947.9511887156023,14783.992136608145,23095.0,57241.5,-0.0,1901.4966162016378,1759.1593590811383,-0.0,5585.052123460914,-0.0,3664.086859331337,-0.0,-0.0,3540.2944667146844,23892.67289219076,1008.239834355413,1659.5196515680962,0.0,47.538300000000014,1191.7172075981366,223.13996000000014,500.78599999999983,951.6631931393572,26.507787561432664,20.15132829925238,39.76168134214898,4.598289679024033,24.343886536009585,45.036190091617726,135.370781948708,54.908988520110505,-0.0,805.3895797203577,324.42672877067673,36.58473472903266,27.684086179184114,54.815718310446584,6.322529659547591,33.515545573912476,61.99762093342783,222.1479110475993,75.68620456526388,252.61102569471817,1507.7743134235072,478.46171134589076,170921.80384576813
t34,24027.721267076187,3155.7911887156024,15794.354336608145,23095.0,57241.5,-0.0,1901.4966162016378,1929.8637761356565,-0.0,5585.052123460914,-0.0,3664.086859331337,-0.0,-0.0,3540.2944667146844,23892.67289219076,1018.1331952961775,2105.7827273521443,0.0,58.04610000000001,1242.1148075981368,251.8082000000002,524.5239999999997,1021.1802939969375,19.6,5.25132829925238,29.4,3.4,18.0,26.187831437018126,16.07078194870799,43.6417289427569,128.76994369351775,-0.0,176.5173378105298,44.49084911162625,-0.0,74.15641675115896,8.553315705900754,45.340877431279665,83.87231905786176,60.52878565422429,51.9695600977626,488.3607725933456,2275.650144488027,628.8797853636723,174278.064629065
t35,25091.88784373001,3256.1153623699897,16804.716536608146,23095.0,57241.5,-0.0,1901.4966162016378,1929.8637761356565,-0.0,5585.052123460914,-0.0,3664.086859331337,-0.0,-0.0,3540.2944667146844,23892.67289219076,939.415756236942,2621.9302945391405,0.0,63.3,1309.3116075981366,274.6,572.0,1090.6973948545178,-0.0,-0.0,-0.0,-0.0,-0.0,28.19663152676032,-0.0,25.946662578599486,250.6828305482556,558.6605255255337,154.4713102452281,-0.0,-0.0,-0.0,-0.0,-0.0,68.9117914694695,154.9145630302576,84.12696918995633,505.22362275583737,2462.350871579899,849.4364999430356,178016.8638083647
t36,26193.5348994469,3256.1153623699897,17815.078736608146,23095.0,57241.5,-0.0,1901.4966162016378,1929.8637761356565,-0.0,5585.052123460914,-0.0,3664.086859331337,-0.0,-0.0,3540.2944667146844,23892.67289219076,949.3091171777065,2935.9811617261366,0.0,63.3,1309.3116075981366,274.6,572.0,1160.2144957120981,-0.0,-0.0,-0.0,-0.0,-0.0,-0.0,-0.0,-0.0,116.48150378150649,-0.0,-0.0,-0.0,-0.0,-0.0,-0.0,-0.0,-0.0,-0.0,-0.0,832.5839529542964,3520.559380338257,879.3934587220044,180728.4304104702
t37,26653.943883744745,3340.114909921666,17954.61624564174,23095.0,57241.5,-0.0,1901.4966162016378,1916.477985429419,-0.0,5585.052123460914,-0.0,3664.086859331337,-0.0,-0.0,3540.2944667146844,23892.67289219076,870.591678118471,3047.9353289131336,0.0,58.046099999999996,1242.1148075981364,272.45563531482173,524.524,1229.7315965696785,7.018037365006195,5.335140649928177,10.527056047509289,1.217414644950054,6.445136355617932,11.923502257893173,42.71693151251218,12.372719153022326,222.1272493676438,491.47986618997567,54.12066386153421,2.384165756026711,16.352805320767366,-0.0,3.7346761597317935,-0.0,36.62158176047681,131.22129147640155,44.70733694125535,1207.8871001971174,1246.8233185218385,879.3934587220044,180465.0645814124
t38,26889.18541225646,3512.16,18083.8,23095.0,57241.5,0.0,1901.4966162016378,1929.8637761356565,-0.0,5585.052123460914,-0.0,3664.086859331337,-0.0,-0.0,3540.2944667146844,23892.67289219076,880.4850390592355,3047.935328913133,0.0,58.046099999999996,1242.1148075981364,262.1319176574109,500.78600000000006,1299.2486974272588,13.100625941937828,9.959149313003755,9.12388286539745,1.055142916406508,5.586050733916804,18.262250677013718,-0.0,12.599647766501239,-0.0,-0.0,136.80148815566196,24.495353488668208,18.91660198734253,0.5274467244141974,7.555904912184938,20.25622231882929,-0.0,1.7975649348809952,71.09419676138357,1592.5951919919935,2518.3655000256713,740.6430026531114,181828.59526111494
t39,27602.9234768414,3720.0,18083.8,23095.0,57241.5,-0.0,1901.4966162016378,1929.8637761356565,-0.0,5585.052123460914,-0.0,3664.086859331337,-0.0,-0.0,3540.2944667146844,23892.67289219076,978.9892,3047.935328913133,0.0,63.3,1309.3116075981357,274.6,524.5240000000001,1368.765798284839,-0.0,-0.0,11.596692848690132,1.8908541055427437,10.010404088167464,-0.0,17.67488692984604,22.579022554422174,-0.0,-0.0,148.68097106558812,-0.0,-0.0,38.33748913486388,4.421905241759217,43.37412058994411,-0.0,-0.0,123.3,937.0710972065676,3952.7499308556426,134.8759268044081,183270.6794470979
t40,27981.292335103655,3720.0,18083.8,23095.0,57241.5,-0.0,1901.4966162016378,1929.8637761356565,-0.0,5585.052123460914,-0.0,3664.086859331337,-0.0,-0.0,3540.2944667146844,23892.67289219076,1067.6,3047.935328913133,0.0,63.3,1309.3116075981366,274.6,572.0,1438.2828991424194,-0.0,-0.0,-0.0,-0.0,-0.0,-0.0,-0.0,-0.0,88.90470670689133,-0.0,-0.0,-0.0,-0.0,-0.0,-0.0,-0.0,-0.0,-0.0,-0.0,1526.0822544728899,2345.5898791270633,-0.0,182368.66574509916
t41,28365.0,3720.0,18083.8,23095.0,57241.5,-0.0,1901.4966162016378,1929.8637761356565,-0.0,5585.052123460914,-0.0,3664.086859331337,-0.0,-0.0,3540.2944667146844,23892.67289219076,1067.6,3047.935328913134,0.0,63.29999999999998,1309.3116075981366,274.6,572.0,1507.8,-0.0,-0.0,-0.0,-0.0,-0.0,-0.0,-0.0,-0.0,170.361160643151,-0.0,-0.0,-0.0,-0.0,-0.0,-0.0,-0.0,-0.0,-0.0,-0.0,2300.0,357.11038459160636,-0.0,181688.78521578098
t42,26776.399507795002,3710.112482018142,18083.8,23095.0,57241.5,-0.0,1901.4966162016378,1929.8637761356565,-0.0,5585.052123460914,-0.0,3664.086859331337,-0.0,-0.0,3540.2944667146844,23892.67289219076,1067.6,2893.911485942089,0.0,63.29999999999999,1242.1148075981364,274.6,571.9999999999998,1499.876555060162,-0.0,-0.0,-0.0,1.2910612861376631,-0.0,-0.0,-0.0,15.416790652114447,110.1650421789407,-0.0,-0.0,-0.0,-0.0,-0.0,9.236029958100652,-0.0,-0.0,-0.0,20.79638969131051,2062.7971608145467,-0.0,-0.0,179253.38404702963
t43,24663.23553550863,3432.976223357634,17626.442302542,23095.0,57241.5,-0.0,1901.4966162016378,1929.8637761356565,-0.0,4083.2025393463464,-0.0,3354.1424387445863,-0.0,-0.0,3540.2944667146844,23892.67289219076,978.9891999999999,2537.790942971044,0.0,58.046099999999996,1107.721207598136,251.8082,559.7363199999998,1366.805710120324,-0.0,-0.0,-0.0,1.7417497127297092,-0.0,-0.0,-0.0,-0.0,259.4461501307535,-0.0,-0.0,-0.0,-0.0,-0.0,16.20805747221872,-0.0,63.57491377520284,227.79961678461294,77.61175117309415,2755.169703032574,-0.0,585.137695164641,175608.4141086773
t44,22550.071563222256,3155.8399646971257,16279.213665128605,23095.0,57241.5,-0.0,1267.664410801092,1286.5758507571043,-0.0,2832.3112387736483,-0.0,2236.094959163058,-0.0,-0.0,1822.9031623668584,23751.52239873734,801.7675999999998,1979.573699999999,0.0,47.53830000000001,969.5224875981361,206.22459999999998,499.9966399999998,1108.587465180486,8.457164519704794,6.429170986918439,12.685746779557185,3.208808864107071,7.766783742586033,-0.0,-0.0,-0.0,-0.0,-0.0,-0.0,22.08450632671199,16.711597908300515,33.08970494925135,20.024675176331698,20.23177928588045,101.0,361.9,123.3,3140.199578191628,1351.7964520014525,909.4762195590662,167270.27019471722
t45,20436.907590935883,2878.7037060366174,14931.98502771521,23095.0,57241.5,-0.0,633.832205400546,643.2879253785521,-0.0,2248.830980726813,-0.0,1118.0474795815287,-0.0,-0.0,105.51185801903239,11386.048294990713,616.2058661501957,1575.3803,0.0,34.30438000000001,831.3237675981361,154.76456000000002,392.7809599999998,725.2218202406482,-0.0,-0.0,-0.0,1.4575309720604248,15.483124182905929,14.27522981459181,51.142189696120205,17.404634548721546,-0.0,586.5943335343507,114.30936472600686,39.376212760912864,29.796429454986075,58.99825167029393,23.013006992980507,36.07283920714501,130.30305956131355,466.8977946063304,159.07294300900952,2298.514204485856,2364.380888337063,1163.1568856061908,146619.8856459407
t46,18323.74361864951,2601.567447376109,13584.756390301816,23095.0,57241.5,-0.0,-0.0,-0.0,-0.0,1607.550679112161,-0.0,-0.0,-0.0,-0.0,-0.0,1859.5505760331964,519.2549323003916,1373.2836,0.0,26.324360000000002,717.7641237990682,126.09631999999999,333.04128,467.00357530081027,8.740471536157438,6.644542137180908,13.110707304236154,2.9737352181285517,8.026963655654786,14.849882762961357,53.20093133997869,18.105262467754685,133.9393330974711,599.2535886484145,120.41273542964328,53.09172542329462,40.17511437232529,79.54850805872834,25.383305322217623,48.63772161261555,153.54579075092022,550.1804126015646,187.44748514444024,2540.855487599006,3155.494568985701,1366.8510736456992,131056.90624998717
t47,16210.579646363138,2324.431188715601,12237.527752888422,23095.0,57241.5,-0.0,-0.0,-0.0,-0.0,2293.472274361784,-0.0,-0.0,-0.0,-0.0,-0.0,1859.5505760331964,510.91479845058757,1373.2836,0.0,23.59824,671.40128,120.21988000000002,320.7776,333.93273036097236,16.856025342403356,12.814019265398468,25.284038013605027,-0.0,15.48002327363573,28.638043056226106,102.59815425248573,34.91605249497837,122.94528646979671,1156.1736229791322,237.38791224919504,62.1493316656909,47.029108357762745,93.1197200964127,15.083305322217623,56.93546155950879,168.89508992008172,605.179535070075,206.18578799154528,1786.263008613079,3688.0757526703655,1507.5779983421476,128605.77684417946
t48,16210.579646363134,2324.431188715602,12237.527752888422,23095.0,57241.5,-0.0,-0.0,-0.0,-0.0,2840.485134723435,-0.0,-0.0,-0.0,-0.0,-0.0,1859.5505760331964,510.91479845058757,1575.3803,0.0,26.12602,692.2352362009319,131.61578000000003,344.5156,326.00928542113434,13.537221182953926,10.291050797245587,20.30583177443088,-0.0,4.979082284731845,9.211302226753912,33.00025092047272,11.230596708895156,205.31550088438445,943.0132245041946,77.64653273769864,68.43192992666627,51.783222142494104,102.5330762156258,4.783305322217622,42.45921692210577,78.54177489253996,281.4283993426754,95.88317667574432,978.8454796106454,4056.7704974261737,836.3058180138927,127342.167809309
t49,11459.688221709017,1780.0461893764425,8403.183274207877,10875.030443115324,39642.07058611527,-0.0,-0.0,-0.0,-0.0,-0.0,-0.0,-0.0,-0.0,-0.0,-0.0,9985.593433329055,645.3281420647795,1757.2673299999997,0.0,32.89489999999999,771.2276119905138,158.00484000000012,364.8502,330.65209552833073,-0.0,-0.0,-0.0,-0.0,-0.0,-0.0,19.94950253365124,-0.0,146.56983593726645,252.26796125918975,-0.0,74.3622139601269,56.27073573157252,111.418552124821,12.851187983042067,68.12377319165984,126.01650352303385,595.1616711886012,153.8399493503968,1680.921120602261,2486.5126904318536,1509.820467505129,93499.92343275921
t50,11459.688221709017,1780.0461893764425,8403.183274207877,10907.898220281486,39642.07058611527,-0.0,-0.0,-0.0,-0.0,-0.0,-0.0,-0.0,-0.0,0.0,-0.0,7532.977307346628,743.9783223548721,2142.711999999999,0.0,39.92963999999999,783.0231877800956,201.0209300000001,432.88959999999986,401.2685198085761,1.4761448769391707,1.1221713605302877,2.2142173154087557,0.2560659480404684,1.3556432543318915,2.507940020513999,28.934404769306497,3.0577286736597102,22.156826309624662,-0.0,22.582520879358913,43.71019084009068,33.07600011557197,104.59278218216444,7.5539423767270835,63.95034610466041,118.29642777602024,423.8760120014033,144.41534202755744,1180.62567481754,2664.156812855686,1053.2918585715292,90393.89505205692
t51,11459.688221709017,1780.0461893764425,8403.183274207877,11124.110299408614,39642.07058611527,-0.0,-0.0,-0.0,-0.0,-0.0,-0.0,-0.0,-0.0,-0.0,-0.0,6149.629980618194,828.055212889625,2338.9649399999994,0.0,45.120239999999995,845.78912,221.30014000000006,479.39319999999987,493.37134973200637,2.3930959636835656,1.8192413193308736,3.5896439455253475,0.41512889165939404,-0.0,-0.0,-0.0,-0.0,36.36212590379009,72.87558381721826,-0.0,45.898112597988586,34.73162547263901,68.77015864094598,7.932056371800043,11.35471737951319,21.00414753353178,278.7001165975181,25.641696939450256,772.9990362165447,2796.8039707542325,110.50651234373493,88102.51972474615
t52,12948.32851732979,1780.0461893764425,8480.052757185484,11201.14624649959,39642.07058611527,-0.0,-0.0,-0.0,-0.0,-0.0,-0.0,-0.0,-0.0,-0.0,-0.0,2224.195130235096,823.3933245577442,2334.582119999999,0.0,45.07593,845.9510400000001,218.86993,478.64959999999985,460.6496075191426,2.0573618948871486,-0.0,-0.0,-0.0,-0.0,-0.0,6.941378031195434,2.362279531152847,-0.0,-0.0,16.800615157476187,27.144515777045427,2.8063583283298428,5.556713940573275,0.6409199729888551,12.747844213902303,23.58117702571677,22.51931439074434,28.787714131394903,64.59897509274344,836.8223372377943,135.01378755031578,82671.39227109481
t53,13393.909711681052,1780.0461893764425,8990.540200000003,11201.14624649959,39642.07058611527,-0.0,-0.0,-0.0,-0.0,-0.0,-0.0,-0.0,-0.0,-0.0,-0.0,842.4384544324769,734.9317222910113,2129.563539999999,0.0,39.79038,778.9161600000002,193.70283999999998,430.6587999999998,553.3890137136295,-0.0,-0.0,-0.0,0.05999782885103842,-0.0,-0.0,-0.0,0.7164446621624001,-0.0,32.92501843705722,-0.0,3.9924309623696175,3.021118060450835,5.981947733886015,0.6899670958457557,3.657495478949347,6.765696765089441,24.24263028995913,8.259509021143849,69.69070524540415,862.1300931414916,64.68333486346482,81797.9202336956
t54,13393.909711681052,1780.0461893764425,8990.540200000003,11201.14624649959,36851.69184856103,-0.0,-0.0,-0.0,-0.0,-0.0,-0.0,-0.0,-0.0,-0.0,-0.0,842.4384544324769,557.7988209236881,1723.9092,0.0,29.26992,644.60352,148.06432,335.4208,521.3128117764167,1.0834301466563725,0.8236280196520381,1.6251452199845586,0.24793979306693975,0.9949868693783013,1.8407257083498574,6.594551862046185,2.9606928230934573,17.9241846205355,-0.0,15.889221936660352,4.855014014876155,3.673844497834138,7.2743750256449715,0.8390376569332949,4.44771418141339,8.227456635947835,29.480361946034904,10.04401389319177,85.5719141657769,173.40472397277472,78.5308720755821,77476.48587831615
t55,14101.980000000007,1849.439999999999,8990.540200000003,11481.939999999999,34854.53400000001,-0.0,-0.0,-0.0,-0.0,-0.0,-0.0,-0.0,-0.0,-0.0,-0.0,842.4384544324769,469.18802092368816,1521.8125,0.0,24.01602,577.40672,125.27252000000001,287.9448,364.3422058805513,3.8707251758424874,2.942541077553727,5.8060877637637285,0.7314501552726942,3.5547476104675897,6.576283079365041,23.560077218265747,8.017930721388007,63.89531590293852,221.98814877687283,56.36521982439753,6.660358325222573,5.0399691353613765,9.979362389972742,1.1510350796945046,6.101603432166987,11.286848839722804,40.44267915936324,13.778895662750719,118.67998568334602,284.5925346255236,107.2414122870321,76493.11865316301
t56,15686.760000000007,2057.279999999999,10000.902400000003,12772.279999999999,34854.53400000001,-0.0,-0.0,296.4270760144366,-0.0,-0.0,-0.0,266.62285993371387,-0.0,-0.0,122.39255406746021,-0.0,469.0670227225073,1523.2734400000002,0.0,24.035009999999996,577.40672,125.35490000000001,288.1736000000001,332.9112473430321,6.50839280658858,6.35273875238971,6.5531382488968575,1.933128601006091,10.234210240620483,18.933288945147893,67.83007120589019,23.083829764955084,187.69616584024985,897.807534680767,163.86200866426037,7.596039363078359,4.59727668099951,-0.0,1.0499323683879147,-0.0,12.872482813270368,18.96697737891376,-0.0,139.4632402307583,485.5374568848042,97.64160976798058,81555.94035332013
t57,17271.540000000008,2265.119999999999,11011.264600000002,14062.619999999999,34854.53400000001,-0.0,536.4755786510221,840.9059760548432,-0.0,-0.0,-0.0,266.62285993371387,-0.0,-0.0,1143.6230683140848,-0.0,363.78321255862716,1728.5355100000002,0.0,24.04767,613.1380767412395,148.31146,336.1072000000001,426.9594806738131,19.6,16.305031975952474,6.5531382488968575,-0.0,4.047521553527774,22.242373445948992,79.68513970275421,0.3070076931253638,363.27644664872867,1765.8978432454135,186.709270897505,11.843985127941977,8.962478679029918,8.64329353490278,2.046863201640979,5.284701310254109,20.07118285104261,53.9950617045724,-0.0,215.29322924336822,764.3701249710522,193.1445745668858,89641.86796152992
t58,18856.320000000007,2472.959999999999,12021.626800000002,15352.96,38052.672000000006,-0.0,1072.9511573020443,840.9059760548432,-0.0,797.2592859476342,-0.0,1212.9382466515199,-0.0,-0.0,1885.0574951505348,1273.1622737424266,468.8180456546929,2107.1443372282833,0.0,29.32689,715.9852734824791,154.0002566666667,359.3590000000002,521.2637777641653,-0.0,12.20383356593642,21.307702466142818,2.464156067513115,17.09305367565603,24.386041228426784,87.36500656310258,29.731930146370207,266.69673698790206,841.9410933708679,144.42263247827609,16.241145742718725,7.92465828714769,15.691174834640544,1.809844353827521,9.593932205726471,-0.0,117.58561235022091,20.00872414788542,406.0142208140452,1346.9918277841598,-0.0,101584.18414271588
t59,20441.100000000006,2680.7999999999993,13031.989000000001,16643.3,41250.810000000005,-0.0,1072.9511573020443,1385.3848760952499,0.0,1790.5580004422366,-0.0,2018.988077953576,-0.0,-0.0,2460.2168106261174,3274.9674649918734,662.4031796501683,2285.1174044565664,0.0,29.371199999999998,751.6356702237186,182.5632333333334,430.37280000000027,615.9485873660029,7.515005362524416,-0.0,26.919191147489652,1.5694128785779273,6.9015355370122204,12.767840743472604,45.74184386475321,15.566796822372009,-0.0,461.3684797959305,79.7062688053079,24.196670677034586,16.714687045140057,32.67380087961135,3.8173232054310993,19.977486316089337,24.614472675596645,205.783410976938,50.0578774241336,122.03891599531835,2241.4317383088446,241.59868597592197,114649.43890687842
t60,22025.880000000005,2888.6399999999994,14042.351200000001,17933.64,44448.948000000004,-0.0,1609.4267359530663,1929.8637761356565,-0.0,2709.2313270249033,-0.0,2182.9176366106126,-0.0,-0.0,3540.2944667146844,4123.775379339588,680.9701238779451,2666.6481116848495,0.0,34.682069999999996,854.4019069649584,188.3893300000001,524.8100000000002,710.8866898851453,-0.0,-0.0,15.646683103703026,0.26578949936450846,-0.0,-0.0,-0.0,-0.0,-0.0,-0.0,-0.0,43.106237807121126,31.02377223921561,61.00642411311349,7.085251753080284,37.30068036479278,56.659208919535246,205.783410976938,89.17783761104083,452.32091602395457,162.6646673712139,547.9170712356979,124805.7147052102
t61,23610.660000000003,3096.4799999999996,15052.7134,19223.98,47647.086,-0.0,1901.4966162016378,1929.8637761356565,-0.0,3592.7183255634814,-0.0,2182.9176366106126,-0.0,-0.0,3540.2944667146844,11058.157551842934,874.3455610395629,2847.543058913133,0.0,45.265829999999994,1024.3649437061981,217.08960666666678,572.0,806.1680222434914,-0.0,-0.0,-0.0,1.8563091404328662,-0.0,-0.0,-0.0,-0.0,-0.0,-0.0,110.20725429705035,67.66748225000954,49.60954613811272,97.80708063576341,11.329896346398248,59.801417723546265,13.671404484076568,240.77468252908994,16.689942305808316,279.5141620731575,1635.454676377701,157.8413118643847,141965.36996180358
t62,25195.440000000002,3304.3199999999997,16063.0756,20514.32,50845.224,-0.0,1901.4966162016378,1929.8637761356565,-0.0,5585.052123460914,-0.0,3129.2330233284183,-0.0,-0.0,3540.2944667146844,18591.751946400756,1067.6,3047.935328913133,0.0,50.608349999999994,1127.0502204474378,223.05300333333346,572.0,901.8298671133228,-0.0,-0.0,-0.0,-0.0,-0.0,-0.0,-0.0,-0.0,-0.0,-0.0,-0.0,33.69291002995806,69.00059970985228,97.80708063576341,15.758451818436331,59.801417723546265,57.097045520566496,396.3760636291464,69.70362091768168,-0.0,3184.8524479933267,568.7807355496075,162143.0186955772
t63,26780.22,3512.16,17073.4378,21804.66,54043.362,-0.0,1901.4966162016378,1929.8637761356565,-0.0,5585.052123460914,-0.0,3463.4269029282054,-0.0,-0.0,3540.2944667146844,23892.67289219076,978.8682017988191,3047.935328913133,0.0,59.57162999999999,1251.7793140227873,251.8905800000001,572.0,997.7450049004592,-0.0,-0.0,-0.0,-0.0,-0.0,-0.0,-0.0,-0.0,24.317396207919415,-0.0,-0.0,59.6,23.900599709852287,47.324247319064504,5.458451818436331,28.935094105497445,-0.0,191.78773913515616,-0.0,-0.0,1256.5400983469683,-0.0,172324.30026390994
t64,28365.0,3720.0,18083.8,23095.0,57241.5,-0.0,1901.4966162016378,1929.8637761356565,-0.0,5585.052123460914,-0.0,3664.086859331337,-0.0,-0.0,3540.2944667146844,23892.67289219076,1067.6,3047.935328913133,0.0,63.29999999999999,1309.311607598137,274.6000000000001,572.0,1093.994705398162,-0.0,-0.0,-0.0,-0.0,-0.0,-0.0,-0.0,-0.0,-0.0,-0.0,-0.0,-0.0,-0.0,-0.0,-0.0,-0.0,-0.0,-0.0,-0.0,-0.0,-0.0,-0.0,178447.50837594442
t65,26251.836027713627,3720.0,17051.385049920205,21754.760735575444,57241.5,-0.0,1901.4966162016378,1929.8637761356565,-0.0,5585.052123460914,-0.0,3664.086859331337,-0.0,-0.0,3540.2944667146844,23892.67289219076,1067.6,3047.935328913133,0.0,63.29999999999999,1299.5661411734864,274.6000000000001,572.0,1190.4974019372125,-0.0,-0.0,-0.0,-0.0,-0.0,-0.0,-0.0,-0.0,-0.0,-0.0,-0.0,-0.0,-0.0,-0.0,-0.0,-0.0,-0.0,-0.0,-0.0,-0.0,-0.0,-0.0,174048.44741926808
t66,24138.672055427254,3442.8637413394918,15704.15641250681,20034.206463058123,57241.5,0.0,1827.6136011381857,1929.8637761356565,-0.0,3957.1660320367446,-0.0,2546.0393797498086,-0.0,-0.0,3434.782608695652,23892.67289219076,1018.6611017173757,2847.299568913133,0.0,58.06508999999999,1222.5429147488358,251.8631200000001,524.81,1190.4974019372125,-0.0,5.2711795256746905,-0.0,1.2028194890801311,-0.0,-0.0,42.204813249194004,14.36307978136862,62.191570652932995,584.8906686686598,-0.0,27.793259214899223,21.03147635221401,41.64325583708894,4.803197481769497,25.461609951904325,47.09931511249701,168.76477365557093,57.49847082545427,546.680833111905,1845.695695853753,445.7187399175042,169205.59091827652
t67,22025.50808314088,3165.7274826789835,14356.927775093416,18313.6521905408,52977.06581986143,-0.0,1193.7813957376397,1647.6145338110134,-0.0,2779.7880098519727,0.0,2546.0393797498086,-0.0,-0.0,1717.391304347826,16150.004286633975,881.050904334161,2556.9663748076155,0.0,51.65912999999999,1078.322888324185,234.68689000000006,500.81460000000004,1190.4974019372125,7.901104297891942,11.513858761719401,11.851656446837914,2.6273234758285886,7.2561161919415795,13.423814955091917,48.091925649923894,31.37333327018844,197.8631485369968,1244.7644858943418,121.96080027689045,63.74928772168097,48.23981335986262,95.51696969037098,11.01707489149856,58.40119311415741,108.03151107197615,387.09508769255604,131.88401302153127,1205.272220248306,1845.695695853753,1030.184734635914,150051.2136199102
t68,19912.34411085451,2888.5912240184753,13009.699137680022,16593.09791802348,48712.631639722866,-0.0,795.49070184714,1004.3266084324613,-0.0,1652.2942225181473,-0.0,1427.99190016828,-0.0,-0.0,-0.0,14694.96615391898,654.7481889837223,2235.719644552324,0.0,40.01826,866.8251018995344,194.80124000000004,429.5720000000002,1065.60299797856,-0.0,5.507407025056649,-0.0,1.2567237506840678,-0.0,-0.0,119.3,24.233426811509545,212.7871114873409,906.1136654753354,294.792668448283,99.69648205527946,75.44146544787088,149.37744710631637,17.229425590090244,91.33268322513858,168.94873636884608,605.3717593255978,206.25127915127447,1852.9057859335094,4058.0738598226353,1611.3306863701514,136678.67166399342
t69,17799.180138568136,2611.454965357967,11662.470500266627,14872.543645506157,44448.1974595843,-0.0,795.49070184714,361.03868305390915,0.0,1149.7533983167746,-0.0,309.9444205867508,-0.0,-0.0,-0.0,14694.96615391898,516.92829476665,1802.228126368216,0.0,29.497799999999998,722.4431554748838,149.13526000000002,336.7078000000001,893.292953588341,9.64140650650918,12.836843603984544,14.462109759763766,2.929212634466272,8.854352914141081,16.380552891161003,58.68468348094617,44.20491171784998,216.4922774255569,1680.502564559221,314.5483393841635,130.60405620655638,98.8295794448942,195.68694998734034,22.570835216904882,119.64734008184529,221.32566571916436,793.0471131065897,270.1926196353759,2398.247390890593,5408.780313627678,2108.3394635438767,127302.0820395434
t70,15686.016166281763,2334.3187066974588,10315.241862853232,13151.989372988835,40183.76327944573,-0.0,161.6584964465927,-0.0,-0.0,-0.0,-0.0,-0.0,-0.0,-0.0,-0.0,14694.96615391898,467.59820234839697,1572.2942481841083,0.0,24.2439,645.2580090502332,126.34346000000001,291.60560000000004,596.0798381108324,9.961308441334927,14.902063914432508,29.404072421766152,3.4004709603403036,18.002493319448664,33.30461264098003,119.31652516723477,40.605623820534205,307.1105565600984,1411.4,288.310010521178,156.70047027191922,118.5770337124758,234.78778515574473,27.080785969811547,143.55445766521458,265.5494546554336,951.5083924732811,324.18067088133625,2843.698074366599,6998.4,2528.329681979755,117119.46184122507
t71,13572.85219399539,2057.1824480369505,8968.013225439838,11431.435100471514,40183.76327944573,-0.0,-0.0,-0.0,-0.0,-0.0,-0.0,-0.0,-0.0,-0.0,-0.0,9985.593433329055,467.4772041472162,1545.91801,0.0,24.26289,635.1887026255827,126.39838,294.2082,404.28767196889265,16.44763975591345,12.503562875668896,24.671459633870167,2.8531619984747816,15.104975286042958,27.944204279179473,100.11241953471807,34.070110922963565,252.3123632181895,514.4763509383287,242.07621247939892,149.18151042978718,112.88735101314433,223.5219610969798,25.78136841320148,136.6662830447379,252.80759317799507,905.8521581298653,308.6255073153148,2639.7473850903507,4729.728978701138,2408.895607062019,102832.84890385745
t72,11459.688221709017,1780.0461893764425,8403.183274207877,10866.124510117474,40183.76327944573,-0.0,-0.0,-0.0,-0.0,-0.0,-0.0,-0.0,-0.0,-0.0,-0.0,9985.593433329055,510.91479845058757,1575.3803000000005,0.0,26.126019999999997,692.2352362009319,131.61578000000003,344.51559999999995,326.00928542113434,12.974519866029889,9.863282959379863,19.461779799044827,2.2506820175766133,11.915375387170302,22.043444466265058,78.97246020496763,26.875791151061904,196.6059819752444,514.4763509383287,189.6646228191538,127.00892935763986,96.10910594009324,190.30029180599396,21.94952973798139,116.3538178343479,215.2332527704971,771.2169720558702,262.75505016437916,2213.1711777677338,5555.2999260033885,2043.1081201605039,98982.8063934409
