Resource,NENG_Rest_hydroelectric_pumped_storage_1,NY_Z_A_hydroelectric_pumped_storage_1,NY_Z_F_hydroelectric_pumped_storage_1,PJM_EMAC_hydroelectric_pumped_storage_1,PJM_Rest_hydroelectric_pumped_storage_1,NENG_Rest_battery_moderate_0,NY_Z_A_battery_moderate_0,NY_Z_B_battery_moderate_0,NY_Z_C&E_battery_moderate_0,NY_Z_D_battery_moderate_0,NY_Z_F_battery_moderate_0,NY_Z_G-I_battery_moderate_0,NY_Z_J_battery_moderate_0,NY_Z_K_battery_moderate_0,PJM_EMAC_battery_moderate_0,PJM_Rest_battery_moderate_0,NY_Z_A_res_water_heat_1,NY_Z_B_res_water_heat_1,NY_Z_C&E_res_water_heat_1,NY_Z_D_res_water_heat_1,NY_Z_F_res_water_heat_1,NY_Z_G-I_res_water_heat_1,NY_Z_J_res_water_heat_1,NY_Z_K_res_water_heat_1,PJM_EMAC_res_water_heat_1,PJM_Rest_res_water_heat_1,NENG_Rest_res_water_heat_1,NY_Z_A_trans_light_duty_1,NY_Z_B_trans_light_duty_1,NY_Z_C&E_trans_light_duty_1,NY_Z_D_trans_light_duty_1,NY_Z_F_trans_light_duty_1,NY_Z_G-I_trans_light_duty_1,NY_Z_J_trans_light_duty_1,NY_Z_K_trans_light_duty_1,PJM_EMAC_trans_light_duty_1,PJM_Rest_trans_light_duty_1,NENG_Rest_trans_light_duty_1,Total
Zone,1,2,6,10,11,1,2,3,4,5,6,7,8,9,10,11,2,3,4,5,6,7,8,9,10,11,1,2,3,4,5,6,7,8,9,10,11,1,0
AnnualSum,5.685224371780446e6,767351.0118287713,3.8302242757944693e6,4.470769256279409e6,4.1800900959463553e6,0.0,0.0,1.0011601676287032e6,0.0,3.510177528337244e6,0.0,0.0,0.0,0.0,97430.20298100547,4.249031488152435e6,57442.29714301793,43925.13983343395,87314.83798183943,9924.889279597313,50021.437213606005,98480.73493337871,352505.4703201638,120044.45022484781,908415.6048338907,4.243138046446466e6,787512.0942110056,137473.81186055474,100003.1567594081,207111.7626609191,21291.555069992883,123393.59126373044,227290.91511041913,838982.824729085,269940.6125293885,2.330423445638124e6,6.950263784257559e6,2.0145827768138852e6,4.777094163784317e7
t1,1626.6770111814617,0.0,133.43204741131598,0.0,0.0,0.0,-0.0,573.9692414193328,-0.0,826.1671293863388,-0.0,-0.0,-0.0,-0.0,-0.0,0.0,3.4834047889095956,2.648098538507803,5.225107183364393,0.6908926559439974,3.199045214304732,5.918233646463747,21.202560781475228,7.215624205598445,61.01397993893736,284.0507246223224,52.979933857328305,2.7676690545659675,2.094326751022234,4.146859841824511,0.4783052225172728,2.5354820533439906,4.690177424683937,16.805695148446702,5.725731450133956,48.03820740104849,166.08188093682924,41.05048670300485,3902.2878568190267
t2,1830.0,0.0,683.698793280762,1490.0,0.0,-0.0,-0.0,442.4683808275338,-0.0,1223.7316580420475,-0.0,-0.0,-0.0,-0.0,0.0,0.0,2.096981953428952,1.5941342401067031,3.1454729301434274,0.36376217559481816,1.9257997531490372,3.562729543325719,12.76377280837112,4.3437483321028285,33.14698009068132,159.22584432383144,27.915304894277313,1.6668804633860672,1.261347464743484,2.497523915778117,0.28806826800128343,1.5270414983369007,2.8247470939931683,10.121544290258685,3.448428878112451,29.872809731536762,100.83012319095002,24.750623965235068,6099.072501955688
t3,1830.0,85.26747143705303,1026.1624334171884,1490.0,0.0,-0.0,-0.0,437.96415944109765,-0.0,438.3800840375029,-0.0,-0.0,-0.0,-0.0,-0.0,0.0,1.1315652115707802,0.8602204924696236,1.6973478173561698,0.1962919244561557,1.0391925412384713,1.922506201291172,6.887537231652758,2.34395650968233,18.270130797292428,88.35260728747949,15.081227279977345,0.7543343705944248,0.5708134247283315,1.130235894196009,0.13036315464970766,0.6910512858130133,1.278318312584512,4.580429676478562,1.560560870709607,13.819036828723895,49.33368633205801,11.223167692295247,5530.628729470141
t4,1830.0,240.0,881.1019528354756,0.0,0.0,-0.0,-0.0,366.1509326577427,-0.0,1286.297330821713,-0.0,-0.0,-0.0,-0.0,112.68850297529744,0.0,1.6363699591176493,1.2439751219822945,2.4545549386764733,0.28386009494897996,1.5027887379651879,2.7801591652355975,9.960149802180386,3.3896234867437016,26.946659539264765,120.16553910047047,21.951173382306234,0.9378789795905967,0.7097037244888577,1.4052448469369174,0.16208311224468366,0.8591978571417211,1.5893586734672864,5.694939642849613,1.9402764795892713,17.51145661216786,54.883583264043544,14.048522678922886,5008.295818490564
t5,1523.1425506578007,240.0,1166.7,1447.7800727389458,0.0,-0.0,-0.0,426.65489959367835,-0.0,935.2109157404328,-0.0,-0.0,-0.0,-0.0,0.0,0.0,2.0158002797979155,1.5324196004586192,3.0237004196968726,0.3496796403731078,1.851245154916453,3.4248035365954377,0.5359737501760975,4.17558629386711,34.480050926195084,156.58206881899196,27.179040284668083,0.48309075055927714,0.3655602827218692,0.7238255708883129,0.0,0.4425630030291364,0.8186605001088423,2.9333983662315837,0.9994142540932696,9.362358612461756,33.61772923785167,7.272881293875633,6031.658289308415
t6,1584.9177538093659,86.24385799065826,785.691448036896,149.9199742820313,0.0,0.0,0.0,193.76194096498017,-0.0,916.2109092853282,-0.0,-0.0,0.0,-0.0,84.85267882323505,0.0,3.4632992358654966,2.6328142150201987,5.194948853798244,0.6007763980583004,3.1805809308968844,5.8840747221592355,21.080183614222133,7.173976988578528,63.28251150954294,290.07142394829475,47.58521382926663,1.8670702829606147,1.412833385260465,2.797472756180921,0.32266483078010627,1.7104368699605637,3.163994942601042,11.337126432943732,3.8625799645812724,38.4980060773502,117.7317970870031,28.64603522114549,4463.098385288965
t7,1430.8551829368084,240.0,823.3843579673462,0.0,0.0,-0.0,0.0,0.0,0.0,885.2247246266677,0.0,-0.0,0.0,0.0,0.0,0.0,11.32849763038,8.611970137380712,16.992746445569995,1.9651475481271428,10.403722313614283,19.246886280186427,68.95355955634356,19.799449217038187,218.80681565074025,954.9423687562929,158.1646643347978,4.7419882618707705,3.5883166209793917,7.105026036662075,0.8195046828400828,4.3441704546668465,8.035919705519259,28.794052885419994,9.810187125648758,103.31844285811003,318.6741078005386,73.98492392004405,5431.896733753593
t8,1473.8074733570409,240.0,841.3819211337678,0.0,0.0,-0.0,-0.0,-0.0,0.0,637.5330702994744,0.0,0.0,0.0,-0.0,0.0,0.0,16.5710859237641,12.597407156330874,24.85662888564615,2.8745761296325485,15.218344215701727,28.15393679904819,100.86380360740088,34.32582084208278,306.29541888847,1368.541287023974,120.18787404299934,9.57210539937176,7.243321367645409,14.342097519528492,1.270198470670009,8.769076422914399,16.22118532443872,58.12323731598388,19.80269455943856,199.80166099852428,617.7423803735994,154.31428627998466,6330.410892337433
t9,904.0163530652632,240.0,1166.7,1108.1932427935858,0.0,-0.0,-0.0,573.9692414193328,-0.0,931.2042812170805,-0.0,-0.0,-0.0,-0.0,167.19885627427792,0.0,13.07055928180368,9.936292515248711,19.605838922705512,2.26734191623125,12.00357485063603,22.206613473676654,79.55702664893768,27.074729940879042,64.36949812302066,1050.3876261598962,191.0622477929362,11.417369129435857,8.639653485529482,17.106897034540637,1.9731359401541835,10.459536148778488,19.348226209278884,69.32795113998048,23.620161303010757,224.93164749183438,706.5225981729391,186.42742737890697,7862.597927829902
t10,908.5795549902617,240.0,1166.7,1490.0,456.57260634093245,0.0,-0.0,484.81845863757485,-0.0,706.2203732473247,-0.0,-0.0,-0.0,-0.0,0.0,0.0,7.602870348904749,5.779733071361263,11.40430552335712,1.3188652646059256,2.2035917039816724,12.917121562169799,46.27665472573145,15.748802865588404,128.00224642705604,607.8543432545844,110.60241608495274,11.196886052821268,8.472811425876497,15.50883181129069,1.9350323212090448,9.482443638258339,18.97458878078772,67.98914534422846,23.164027689813125,213.4397727780419,673.1626725239097,181.74752365430814,7627.675680068931
t11,1119.3681737968018,240.0,1166.7,1490.0,3693.0,0.0,-0.0,424.46461679689753,-0.0,958.9532105936157,-0.0,-0.0,-0.0,0.0,0.0,-0.0,7.1588882723188485,5.44221608456892,10.73833240847827,1.2418479656063308,6.574489229680573,12.16280507490906,43.574253616716256,14.829125706946185,117.2553451683304,526.7033193384195,102.37000538742397,12.852968977256413,9.725988269702421,19.257888081694592,2.221234571572837,11.77469976775504,21.781038031927814,78.04512538370967,26.590118706303954,238.6440721329172,737.4545394784425,204.9964316772094,11303.880734519204
t12,1129.6217335944864,240.0,1166.7,403.18763277217073,3693.0,0.0,-0.0,453.09673912450296,-0.0,1397.2224151203,-0.0,-0.0,-0.0,0.0,0.0,3395.1965698159997,8.496854919211465,6.4593437906250415,12.745282378817196,1.47394422067954,7.803234109479916,14.435983102537845,51.718101625608554,17.600628046938034,136.4190396327703,598.8357584891168,120.75182280644175,7.259688427156451,11.359081669738995,24.057753325434028,2.774858446270667,14.709443802561012,27.20977699741139,97.49721084518,33.21748023545371,292.6189502470467,891.0722305532352,254.4556473104387,14510.99720540961
t13,1376.8188332017276,240.0,1166.7,1490.0,3693.0,-0.0,-0.0,310.8585579610771,-0.0,1180.4779090195511,-0.0,-0.0,-0.0,-0.0,19.311453840195725,3925.5965269134667,7.014561756017085,5.332498477788498,8.003278109831223,1.216811733186637,4.899966189692587,9.064937450931282,19.885019570707428,14.530163637463959,110.37426723000871,505.508540577278,100.12286614470229,18.57837835766468,14.058470871320084,27.836395760729122,3.2106929040930576,17.019789569269992,31.483493525572694,112.8106565040075,38.434799521813005,331.2051820562229,667.7656137806939,295.6313376426751,15746.751002307687
t14,1830.0,240.0,1166.7,1490.0,3693.0,-0.0,-0.0,286.5828717252299,-0.0,1635.5589713393376,-0.0,-0.0,-0.0,-0.0,11.030871684058882,0.0,5.354611802585271,5.957112273050223,11.754302068971581,1.3593410555953531,7.196511470798927,13.313546220978015,47.69687880368401,16.2321314285798,123.48263826617249,547.7454630891104,111.3549371680516,18.91084650112896,14.310053308740208,28.33454014347007,3.2681496470071867,17.324366089960424,5.9381378907387585,114.82945216037871,39.12260693941613,338.39388238102896,1053.5451881704125,299.50809600557864,13177.805507634064
t15,1830.0,240.0,1166.7,1490.0,3693.0,-0.0,0.0,335.1342441969243,-0.0,727.6443328563395,-0.0,0.0,0.0,-0.0,-0.0,4320.389062592274,6.428279880798131,4.886804603259803,9.642419821197194,1.115109775240492,5.903522339508486,10.9215163280907,39.127234172409025,13.315722610224697,101.32357338780372,459.5430682526373,91.70757988325563,21.46106988655563,1.1697392130837088,32.15559632331237,3.708876171669849,19.66064456050231,36.36859158627716,130.31478509973965,0.0,384.41727249637086,1181.3309347072343,0.0,16357.369980744708
t16,1830.0,240.0,1166.7,1490.0,3693.0,-0.0,-0.0,310.8585579610771,-0.0,597.9604031791487,-0.0,-0.0,-0.0,-0.0,0.0,-0.0,5.381934506122273,4.056083123689975,8.072901759183408,0.9336008837150881,4.942592913785759,9.143796890503657,32.758407478591174,11.148292905538991,85.27862399660899,385.6022779836529,75.97493520243302,28.940161797416597,21.899350621870617,43.361685377672856,5.001403800560252,26.512295874814537,49.04289163656169,175.72893547793737,59.871173651366895,0.0,1570.988643439791,455.2599050800009,12388.418855542044
t17,984.4403069837151,240.0,325.7064960977211,0.0,77.81733020364621,-0.0,-0.0,310.8585579610771,-0.0,1318.4182567931832,-0.0,-0.0,-0.0,-0.0,0.0,0.0,6.048427485203449,4.5980392617107855,9.072641227805173,1.0492170127393738,-0.0,10.276154860065041,36.81517341759038,-0.0,98.17756431756484,433.6784458720225,84.16489151780051,37.21848913249025,17.677316045543968,55.76528656931844,6.432054329943785,-0.0,63.07160071109926,225.99616135986946,-0.0,-0.0,2069.7279570237233,577.265121779214,6994.275489963047
t18,55.52895931155996,0.0,0.0,0.0,0.0,0.0,-0.0,310.8585579610771,0.0,899.2156799168606,-0.0,0.0,0.0,0.0,0.0,0.0,7.211973324866676,5.482571558189462,10.817959987300013,1.25105659717075,6.623240808551028,12.252995495819402,43.89736824778543,14.939087601509542,122.21224150396272,531.0249166701302,98.27746788783357,43.50222380174052,32.91862908487412,65.18034539421859,7.5180017643947545,39.852708382131425,73.7202114761039,264.15192607130695,89.99705024756051,836.6593625991934,2495.6711165107063,660.9505743035099,6729.716226508356
t19,0.0,0.0,0.0,0.0,0.0,0.0,0.0,0.0,0.0,0.0,0.0,0.0,0.0,0.0,0.0,0.0,11.394639065009256,8.662251125950915,17.09195859751388,1.976621062297524,10.464464447457479,19.359259227796336,69.35614492120429,23.603180920376314,196.71872053825834,828.7160632794735,160.59538876748366,34.24162936787012,25.91103161897554,51.30499165353692,5.91759702162856,31.369009454458194,58.02692225092083,207.92022933275493,70.838807064738,672.6331212841893,2060.9342828637295,538.1905888522856,5105.226902717908
t20,0.0,0.0,0.0,0.0,0.0,0.0,0.0,0.0,0.0,0.0,0.0,0.0,0.0,0.0,0.0,0.0,12.585719205544317,9.56771511033726,18.87857880831647,2.1832370050434013,11.558313556112125,21.382880078807432,76.60593373578759,26.070418354341793,206.36703142823052,893.5656201741166,179.80966433548858,19.84780692868736,15.019061954426173,29.738408703553368,3.4300740161993257,18.182722454804193,33.634706372439986,120.51881421966367,41.06098312595891,370.2980807047973,1201.7771081518335,315.97389631796415,3628.0567747424543
t21,0.0,0.0,0.0,0.0,0.0,0.0,0.0,0.0,0.0,0.0,0.0,0.0,0.0,0.0,0.0,0.0,13.276890568139796,10.093146401289946,19.915335852209687,2.303134078146699,12.193062766658993,22.557166118319138,80.81291044791212,27.502130462575284,214.50866879935168,929.8529132190391,189.93711276399856,15.482966585772505,11.716137466750672,23.198471746803435,2.6757475810982685,14.184059993006356,26.23791317387623,94.01485918441391,32.03103657761325,284.67107021187013,880.7759429397158,246.7748011302431,3154.7154780688047
t22,0.0,0.0,0.0,0.0,0.0,0.0,0.0,0.0,0.0,0.0,0.0,0.0,0.0,0.0,0.0,0.0,12.228786022008183,9.296373047342954,18.34317903301227,2.121320024225909,11.230517775313634,20.776457884330227,74.43337614416205,25.331056759874087,191.96713606351534,843.3544196861282,172.4165494803443,12.22212395158063,9.248620641212858,18.312679007989093,2.1122126963302095,11.196777982488294,20.71198857566516,74.21454124290317,25.28503159781697,218.51743613214217,677.6004402346341,191.91444589301133,2642.8354698760313
t23,0.0,0.0,0.0,0.0,0.0,0.0,0.0,0.0,0.0,0.0,0.0,0.0,0.0,0.0,0.0,0.0,9.944200060550658,7.559621474602285,14.916300090825985,1.725014296217971,9.132428627036315,16.894992960017188,60.52770751141293,20.59870012542636,151.86648647461584,677.4634167474397,139.65906937701476,8.088612377059246,6.120745271902215,12.119347068311924,1.3978642195253397,7.410037513211994,13.707212249714495,49.11524864526411,16.73365614247324,140.62887394239254,450.39091355597304,126.45520763426256,1942.4556563652504
t24,0.0,0.0,0.0,0.0,0.0,0.0,0.0,0.0,0.0,0.0,0.0,0.0,0.0,0.0,0.0,0.0,6.172395150539749,4.692279986889911,9.25859272580962,1.070721607746691,5.668526158658953,10.486773393519062,37.56973170711184,12.785675668975193,93.24751667025538,429.20304979365613,85.40180455350223,5.634267801044852,4.263514728643001,8.441948232102439,0.9737073548785569,5.161594327802836,9.54800415948876,34.212105993257246,11.65612785014816,96.77644438462532,308.7093122281022,86.73568507768887,1267.6697795544471
t25,1571.9565475580484,0.0,0.0,2.9420265373931658,0.0,0.0,0.0,0.0,0.0,816.7836411836477,0.0,-0.0,0.0,0.0,0.0,-0.0,2.3248821749731663,1.7673849187296007,3.487323262459749,0.4032958874953451,2.1350958749753564,3.9499273687044094,14.15094099358667,4.815827362444415,36.930356559230646,185.1801014195497,33.20554378815555,3.223368622021554,2.4391598129726866,4.829644596418201,0.557058671255403,2.9529517913150487,5.462419980271427,19.57277020653692,6.668479045222445,58.10535110108044,248.25255300416833,49.796412668762876,3081.8930643894196
t26,1830.0,240.0,121.208801100772,1490.0,0.0,-0.0,-0.0,573.9692414193328,-0.0,756.1392335920912,-0.0,-0.0,0.0,0.0,0.0,4567.80421016615,1.1381399934506677,0.8652186684905585,1.7072099901760012,0.19743244784348316,1.0452306062302048,1.9336766215258792,6.927556184625748,2.35757570071924,18.126566428846868,87.56149724122679,15.288010099125323,2.0781662343894034,1.5725721001839277,3.113762495486136,0.3591461780907862,1.9038234294909635,3.5217246589484854,12.618932218549078,4.2992935687955285,37.72530309629368,123.71433870192453,30.20349244792078,9937.38015539068
t27,1830.0,0.0,1166.7,1490.0,0.0,0.0,-0.0,181.85083630759652,-0.0,736.8910945099705,-0.0,-0.0,-0.0,0.0,-0.0,0.0,0.36719943450745696,0.2791465088857708,0.5507991517611852,0.0,0.3372239704660318,0.6238643453621587,2.2350455375887557,0.7606274000511606,5.838780489819215,30.562949085081538,4.793567183290885,0.9699641667689692,0.7339829516993375,1.453318793497801,0.1676280355322212,0.8885913339863376,1.6437312222091593,5.889765636806877,2.006654056419696,17.588882422070284,60.94024970062643,13.703035091044676,5557.776937335042
t28,1830.0,106.08978053140623,1166.7,1490.0,0.0,-0.0,-0.0,181.78668662053497,-0.0,692.5686172077225,-0.0,-0.0,-0.0,0.0,0.0,0.0,0.5802082275376516,0.44107666277096974,0.870312341306477,0.10064836600142933,0.5328442905958024,0.22131078914024016,3.5315735482266235,1.201859899899421,9.21167659671265,41.55128099796641,7.409186696428216,1.2321337268905952,0.9323696490396955,1.8461332518679554,0.2129358621975358,1.1287668034937333,2.0880118526166127,0.0,2.5490283309666175,22.31558735097501,68.25752047726074,17.043557385089247,5650.403107466647
t29,1830.0,240.0,689.0063954470843,1490.0,0.0,-0.0,-0.0,573.9692414193328,-0.0,687.405150319326,-0.0,-0.0,-0.0,0.0,87.89723213548714,2978.0568833480656,1.9052549406435424,1.4483825824279988,2.857882410965313,0.3305034080708185,1.749723925080804,3.236989261399487,11.596781347896663,3.94659951990448,30.62727171228507,133.05693835478124,23.66830917328453,0.6424483827752424,0.48614802119401745,0.9625946406347172,0.11102715339907716,0.5885517063679235,1.088712863427844,3.901041438361749,1.3290920402044866,11.780304949896786,41.12872401160513,8.641425914109865,8861.419610428013
t30,1830.0,0.0,1004.9602105611641,1490.0,0.0,0.0,0.0,0.0,0.0,663.1695488691864,-0.0,0.0,-0.0,0.0,0.0,0.0,4.071754976158103,3.0953647522834555,6.107632464237153,0.7063248428029361,3.7393668148390735,6.917828607452285,24.78369227835008,8.434349593470355,66.84893668440179,298.73667192275724,48.94145330064793,2.503097048395634,1.8941220953463611,3.7504457453310422,0.43258220802810465,2.2931056852751954,4.241825535032871,15.199174862657381,5.178387014550029,46.90808955411545,139.9618622840166,32.59582470578224,5715.4716524062815
t31,1830.0,0.0,892.1816221398902,1490.0,0.0,-0.0,0.0,0.0,-0.0,0.0,0.0,-0.0,-0.0,-0.0,167.19885627427792,0.0,12.830784516319785,9.754014759855346,19.246176774479675,2.225748334463636,11.78337353539572,21.799241040482084,78.09758126515051,26.578053640948124,210.4245437004764,894.668458889708,147.9941067738239,6.698650721854962,5.068945428786221,10.03673673593369,1.1576527254212434,6.136683379417465,11.351740317237436,40.67519624562601,13.858114664508673,125.83635083065633,372.3103144560281,83.76396591193365,6491.676913062675
t32,683.5789035304314,240.0,962.7741848866166,516.9885083466963,0.0,-0.0,0.0,0.0,-0.0,71.5698586228458,-0.0,-0.0,-0.0,-0.0,0.0,0.0,14.280970272817886,10.85645189107074,21.421455409226823,1.1742516655363637,13.115176781159283,24.263077045144673,63.73736577337688,29.582009850837046,228.27422606266103,1008.5427315850475,173.64299431163943,13.041506070371042,9.868656439156613,19.54037738396198,2.2538173242419757,11.947419990641931,22.10053881052811,79.18995045079328,26.98016272611996,238.65834411549258,706.9732681590536,171.9148198398316,5366.271027345301
t33,0.0,240.0,1020.4785351002553,0.0,0.0,0.0,0.0,-0.0,-0.0,0.0,-0.0,-0.0,-0.0,-0.0,-0.0,0.0,12.689060672636385,9.646275715422556,19.033591008954573,2.201163586069576,11.65321898507423,21.558455122387322,77.23494582885309,26.28448282188965,201.17277276807647,899.8070178440811,164.00055523036133,14.47346019810138,10.952232465341817,21.685905967960622,2.501285906718863,13.259243738529118,24.527172483359724,87.88498734384042,29.94257789305202,262.26995791995625,803.2597293948704,202.6994717969063,4179.2160997926985
t34,0.0,240.0,629.0571151267959,0.0,0.0,0.0,-0.0,0.0,0.0,0.0,0.0,-0.0,-0.0,-0.0,0.0,4095.3210658075245,0.0,6.547563292651276,12.919353074090436,1.4940748453029757,7.909808004545166,14.633144808408558,52.42444971901324,17.841011388029653,134.3699717917788,625.6151343954458,113.45286164853238,13.690801235319126,10.359985498538467,20.513230709966408,2.366027730264883,12.542244084705109,23.200854442403223,83.13256656144281,28.323419334141754,242.69570472881233,764.6354892242132,195.29866790381172,7348.344545355738
t35,0.0,240.0,746.4085577573007,0.0,0.0,0.0,0.0,0.0,0.0,0.0,-0.0,0.0,0.0,0.0,0.0,0.0,8.128709195522344,6.1794779088409655,12.193063793283512,1.410082207386529,7.465141097928682,5.629591716037023,49.47729627682732,6.863706416549654,127.23365689550296,578.3624568840294,109.10590778018489,15.611547611469407,11.813436195927352,23.391127545372782,2.6979687986264245,14.301854019903184,26.455810549637757,94.79562215756339,32.29704396802312,276.3758891190231,865.5416877671789,226.83483766720215,3488.5744733293213
t36,0.0,240.0,968.2673419677869,0.0,0.0,0.0,-0.0,-0.0,-0.0,-0.0,-0.0,0.0,0.0,0.0,0.0,-0.0,7.673584508134131,0.0,0.0,0.0,0.0,13.037263475554415,46.707073052061304,15.895282195420695,122.58668577512971,556.6441408043407,105.71635800616127,18.705600261116118,14.154741137186864,28.027015156336738,3.232679239756645,17.136338494243965,31.69908769081759,113.58316668620675,38.697995171067404,337.1156392470488,1052.5638517127986,278.89335038267785,4010.3371949638467
t37,0.0,108.59448762186113,107.53027993092283,0.0,0.0,0.0,0.0,0.0,0.0,-0.0,-0.0,-0.0,-0.0,-0.0,0.0,-0.0,6.856222258449745,5.212128145454142,10.284333387674616,1.18934467748618,6.2965306455150705,11.64858169420288,41.73200588944155,14.202174678217327,111.12416479521876,506.79981169581066,96.67335590405078,21.103261449645917,15.96907871441327,31.619484017674164,3.647040149854915,19.332853609910522,35.76223836265499,128.14211944004794,2.7777537091759896,385.650483395215,1209.8887834515854,321.93093920904465,3203.9674568335286
t38,0.0,0.0,0.0,0.0,0.0,0.0,0.0,-0.0,-0.0,0.0,-0.0,-0.0,-0.0,-0.0,0.0,0.0,5.840942690096971,4.440308473594126,8.761414035145455,1.01322475236376,5.3641310419257895,9.92364242756271,35.552268516763704,12.099095572343725,96.22532911611425,439.16664503140737,83.93490845482931,21.223922942690834,16.060384642875114,31.800273805072003,3.6678927233173764,19.44339249447852,35.966715053888834,128.87479384160758,43.907880852915774,394.13848665782643,610.9627688056548,0.0,2008.3684219324746
t39,0.0,0.0,0.0,0.0,0.0,0.0,-0.0,0.0,0.0,0.0,0.0,0.0,0.0,0.0,-0.0,0.0,4.559803026326198,3.4663808720540983,6.839704539489295,0.7909862392606668,1.3229349493855382,0.0,27.754311277587515,9.44530626881855,75.29496565548654,350.1245281075765,66.83834389660888,23.874732394897688,18.066282399494728,35.77204031651617,4.126002410527621,21.871818603379428,0.0,144.97090023009181,49.391854098840355,177.176936485929,1401.5851031435304,378.5245270113762,2801.797461927177
t40,0.0,0.0,0.0,0.0,0.0,-0.0,0.0,0.0,0.0,0.0,0.0,0.0,0.0,0.0,0.0,0.0,5.550601298407628,4.219589762564982,8.32590194761144,0.9628594089074456,5.0974909883335355,9.43035832841704,33.785037494899484,11.497674118130085,91.62496538402671,412.24874965519206,81.56265357766324,31.758546555853265,24.032054524647357,47.58453368184054,5.488473649753166,29.094238958885715,53.819013458744635,192.8425838685117,65.70182534121994,589.4943107564768,1847.515996493243,504.7838137655922,4056.421273018922
t41,0.0,0.0,0.0,0.0,0.0,0.0,0.0,0.0,0.0,0.0,0.0,0.0,0.0,0.0,0.0,0.0,4.996257179165904,3.7981751004883657,7.494385768748855,0.8666976739369426,4.588399450254402,8.488538982970642,30.410891911963894,10.349389871129373,81.82957553933444,385.1448981921763,74.63726436731568,41.08753713191925,31.091408131704,61.562366877187735,7.100698531187388,37.64059609736227,69.62820889805107,249.4895920812345,85.00156591217524,753.5397827045526,0.0,663.9013375532031,2612.647567956062
t42,0.0,0.0,0.0,0.0,0.0,0.0,0.0,0.0,0.0,0.0,0.0,0.0,0.0,0.0,0.0,0.0,6.6945337839106305,5.0892119071565505,10.041800675865943,1.1612966768008235,6.148041230122007,11.373876275725712,32.085158749480264,13.867248552386304,108.17651443763533,500.83147726329366,100.4356826218675,48.051792186344315,36.36133938933102,71.99706446712328,8.304252676499104,44.02060156668456,81.43005051712711,291.77757705097326,99.40916068080965,867.4993580262914,0.0,779.8456877406417,3124.60172647607
t43,0.0,0.0,0.0,0.0,0.0,0.0,0.0,0.0,0.0,98.90614483883132,0.0,0.0,0.0,0.0,0.0,-0.0,9.071656506280855,6.896310303244118,13.607484759421279,1.5736547000691277,8.331113118013029,15.4125592683241,39.96841960563102,18.791288477296053,144.09854460363707,670.1268511403441,137.40247885979144,36.43419113039266,27.570168120481704,54.59015550241719,0.0,33.37763147180268,61.74250510351778,221.23378808874338,75.37476118082913,646.3320325505466,2239.783331270363,597.1016367301371,5157.726707330115
t44,0.0,0.0,0.0,0.0,0.0,0.0,0.0,0.0,0.0,0.0,0.0,0.0,0.0,0.0,0.0,-0.0,7.76219500620133,5.900852326142848,11.643292509301993,1.3465032153614551,-0.0,13.187810903393077,47.246421644888706,16.07883251284561,79.02494095872765,591.8712288850701,116.42921216613358,20.261092868043754,15.331800140080091,30.35764417980381,3.5014975929672945,18.561336754952837,34.33507348443657,123.02834746552072,41.91598574882207,355.7522111326017,1300.2218814346074,328.93941113076045,3162.6975720606633
t45,0.0,0.0,0.0,0.0,0.0,0.0,0.0,0.0,0.0,84.34871929537744,0.0,0.0,0.0,0.0,0.0,0.0,7.9336754711986694,6.031212475554091,11.900513206798003,0.0,7.286028493957962,13.479152713822227,48.290177740510266,16.434042047482958,125.09617768416778,588.8993321391903,115.84366172976333,16.320622076183692,12.350000933487994,24.45354952018798,2.8205101910183226,14.951442371805868,27.657430028432096,99.10122700286708,33.76397150995721,289.1937957911875,980.3689715640695,257.97799441687954,2784.5022084038997
t46,0.0,0.0,0.0,0.0,0.0,0.0,0.0,0.0,0.0,0.0,0.0,0.0,0.0,0.0,0.0,0.0,8.31254313813659,6.3192292223589375,12.468814707204881,1.4419717688604288,7.633968188084622,14.122841147956551,50.59624471324975,17.218839357568648,130.30306706776582,605.2287723034405,122.61683078408291,13.038531841575285,9.86640580629271,19.535921031085117,2.253303321614521,11.944695277684744,22.095498590588992,79.17189049439757,26.974009665540816,230.7777885629708,770.101014735815,208.138754191526,2370.160935917801
t47,0.0,0.0,0.0,0.0,0.0,0.0,0.0,0.0,0.0,0.0,0.0,0.0,0.0,0.0,0.0,0.0,7.710389919602641,5.861469887861191,11.56558487940396,1.3375166187065806,7.080970334328955,13.099795118508567,46.93109782696913,15.971521976319755,121.4461664238293,564.9063526882611,118.47429640276602,8.60178050621628,6.509065450173728,12.888238241696536,1.4865493156716054,7.880154624822297,14.57684280415846,52.2312812952965,17.795294235175625,153.2499082510473,520.4715133326702,143.0397060044778,1853.1154961379634
t48,0.0,0.0,0.0,0.0,0.0,0.0,0.0,0.0,0.0,0.0,0.0,0.0,0.0,0.0,0.0,0.0,5.277495362791307,4.01197351559135,7.91624304418696,0.9154838894637982,4.846679414808343,8.966356917395434,32.122714121479746,10.931954680067706,82.18409798607209,392.6011262654017,78.65266861565333,6.11301185676253,4.625785817785069,9.1592610538405,1.056443324239162,5.600175291597889,10.359298616325763,37.11911058661676,12.646549696960067,107.57792695898611,361.9193088668192,98.59536820559747,1283.1990340884424
t49,438.289500216122,0.0,0.0,1490.0,0.0,-0.0,0.0,0.0,0.0,1047.6233834279128,0.0,0.0,-0.0,0.0,0.0,0.0,2.3251776013714096,1.7676095030833672,3.4877664020571135,0.40334713493177504,2.135367184932927,3.950429292125915,14.152739175694341,4.816439317126491,35.62737906227455,176.36233866940827,31.586790593263753,3.225153906617269,2.4405107581952823,4.83231952786782,0.5573672019825147,2.9545873037131356,5.465445378663493,19.583610718201165,6.672172427615927,56.716127441278175,242.9607002017085,47.264480169212916,3645.2007426153605
t50,1830.0,0.0,591.8250653906633,1490.0,0.0,-0.0,0.0,0.0,0.0,1096.5271561607938,-0.0,-0.0,-0.0,-0.0,0.0,0.0,1.111922552333031,0.8452880627429673,1.6678838284995456,0.19288452438430126,1.021153364387477,1.8891337241168327,6.767977576190334,2.303268144118421,17.00021578892439,82.61234253098398,14.499418733022374,2.0309113589531114,1.5368137967917006,3.0429594690354507,0.350979647604313,1.8605328892422803,3.441645088158797,12.331993637669983,4.201533063069106,35.67520323788502,120.1260340057472,28.580218194902173,5351.442534770221
t51,1830.0,0.0,1166.7,1490.0,0.0,-0.0,0.0,0.0,-0.0,1064.8823252602513,-0.0,-0.0,-0.0,-0.0,30.342325524254584,0.0,0.3565965583668803,0.27108615916665896,0.5348948375503203,0.0,0.32748663523489,0.6058502751845466,0.4987860176913719,0.7386642994742519,5.464946362560359,29.01096661555708,4.538635468652253,0.9422509449631282,0.7130120405677365,1.4117954594833448,0.1628386700187957,0.8632030468957521,1.5967675409610063,5.7214868621167145,1.9493211663415055,16.57941177661331,59.54212399681798,12.94355077553687,5726.69832629426
t52,1830.0,218.81642659799263,1166.7,1490.0,0.0,-0.0,0.0,0.0,-0.0,1004.1212592770806,-0.0,-0.0,-0.0,-0.0,167.19885627427792,0.0,0.5588645697209701,0.42485112698175787,0.838296854581455,0.0,0.5132429721927275,0.9494994985565459,3.401660365699578,1.1576480372791522,8.63111714561518,39.45747211143804,7.007415603962177,1.1872689117599438,0.8984199315498903,1.7789113057074324,0.2051823790457621,1.0876658151357876,2.011982551807958,7.2092721336564365,2.456212362751696,21.037997953634264,66.71729543859524,16.07842734810304,6060.4452465671275
t53,1830.0,0.0,1086.58623507833,1490.0,0.0,0.0,0.0,0.0,-0.0,914.2090101551969,-0.0,-0.0,-0.0,0.0,0.0,0.0,1.832965200602773,1.3934276269888424,2.7494478009041585,0.31796335112497076,1.6833353883086684,3.1141704683710367,11.15677287917912,3.796856486962886,28.53306406302766,126.72694012384748,22.461457962268724,0.6183345487616193,0.4679008078716281,0.9264643490673256,0.10685982973564899,0.5664608450064499,1.047848815854422,3.7546186777991615,1.2792055346024778,11.041454818173394,40.478095248154474,8.182534144669965,5593.031424204811
t54,1830.0,0.0,265.5763346560556,1490.0,0.0,0.0,0.0,0.0,-0.0,911.8409745110687,-0.0,-0.0,-0.0,-0.0,0.0,0.0,3.9268095503600176,2.9851766479777675,5.890214325540024,0.6811812485318396,3.6062536686979745,6.671569287091253,23.90144792642602,8.13410549717432,62.39615714056069,286.7628053527611,47.05365689151127,2.415063181732505,1.827505864029127,3.6185426531663203,0.4173683015410202,2.2124572101106503,4.09264062676146,14.664620225989824,4.99626326019493,43.942270736380046,138.05030832322024,31.259087100481434,5196.922814187365
t55,517.0665720753591,0.0,1004.6473949686833,1490.0,2265.1040940154394,0.0,0.0,0.0,-0.0,190.93323376434688,-0.0,-0.0,-0.0,-0.0,0.0,0.0,12.398832182335465,9.425642832489716,18.59824827350319,2.150817827547989,11.386682616430527,21.065362840396475,75.46840200778676,25.683295234837747,196.20378605491126,859.4796573828403,141.42663067450988,6.475935101751996,4.900413978003607,9.70303698970559,1.1191632810074759,5.932651955631862,10.974319551626705,39.32283411617528,13.3973623833225,117.75077703786803,312.70291279079333,79.86359218884996,7443.181652126154
t56,11.985722983490973,134.24319301436825,445.2116577100027,1109.832628868986,3693.0,0.0,0.0,0.0,0.0,0.0,0.0,0.0,0.0,0.0,0.0,3231.48664572855,13.945437874793244,10.601378792572413,20.91815681218986,2.419106570117195,12.807034782973384,23.69301434850076,84.88218053381804,28.886978454928855,216.8410427001366,974.9080506171321,165.9853964125319,12.740434902691224,9.640832451533125,19.08927578540816,2.201786568753685,11.671606471257396,21.590334314963314,77.36180186718042,26.357309119158185,227.98244527764996,703.6312879402103,163.88984804374343,11457.804588947642
t57,0.0,240.0,914.3712948098371,554.3362886489122,3693.0,0.0,-0.0,290.1998909548218,0.0,-0.0,0.0,0.0,0.0,-0.0,0.0,4233.165242542221,12.56234968663942,9.549949506679967,18.843524529959126,2.179183108906838,11.536851753036201,21.34317574311697,76.46368967428994,26.022010065181654,114.45895729986341,381.3735950277596,158.44133235814485,14.33496699409532,10.847433077746627,21.478398533099192,2.477351678509762,13.132369091906115,24.292477624221934,87.04403616045462,29.656064267985787,252.61102569471817,804.1430254832969,195.26664986814598,12213.13113418355
t58,576.6965540927122,240.0,728.3366985431602,411.089249043078,3325.261623770585,0.0,-0.0,573.9692414193328,0.0,0.0,0.0,0.0,0.0,-0.0,0.0,205.63249578914485,0.0,0.0,12.759106773416562,1.4755429601910313,4.226389041633698,14.451641345400395,28.011567370383318,17.619718877575256,128.76994369351775,607.0386969722682,110.59060903985308,13.526572253873127,10.235711554524801,20.2671627897797,2.337645876088813,12.391792702373705,22.922546940288353,82.13534393752826,27.983663739975785,235.74974689862742,767.8758310645198,189.85969526293297,8371.214791752765
t59,0.0,165.87900027402867,391.13300538499306,88.16803636775325,0.0,0.0,0.0,0.0,0.0,0.0,0.0,0.0,0.0,-0.0,0.0,3970.897775261825,8.090144371010648,6.150160771839727,4.994097493815964,1.4033923908896022,7.429724422356717,5.656579814424191,49.242562421508694,6.89661082479347,121.91288685473783,558.6605255255337,81.9826621894702,15.544051759081473,11.762361314338497,23.28999701486536,2.6863042469553555,14.240020571239068,26.34142999441659,94.3857773760333,32.157409092193724,269.47387585720986,869.1751255249131,220.55671457936324,7048.11023169959
t60,793.6847987230917,240.0,123.2809096711269,0.0,0.0,0.0,0.0,72.54487516086274,0.0,-0.0,0.0,-0.0,0.0,-0.0,0.0,0.0,7.764530488511652,5.902627769327735,11.646795732767474,1.3469083500479395,7.130691264959678,13.191778840175408,47.260637106093874,16.083670297631276,116.48150378150649,536.6905344867215,104.02868975477189,18.935220083362555,14.328497076504215,28.37105962154825,0.5969116296923858,17.346694908583817,32.0882085305305,114.97745215048502,39.17303081004368,327.360330198459,1058.2085087583582,273.7103990115623,4022.1352642067263
t61,0.0,12.606515908121361,0.0,0.0,0.0,0.0,0.0,43.5678719983504,-0.0,0.0,0.0,0.0,-0.0,-0.0,0.0,0.0,7.018037365006195,5.335140649928177,10.527056047509289,1.217414644950054,6.445136355617932,11.923502257893173,42.71693151251218,14.537363113227114,105.6457455861373,491.47986618997567,-0.0,21.610359137865522,16.352805320767366,32.37927971495622,3.7346761597317935,19.79740954576271,36.62158176047681,131.22129147640155,44.70733694125535,375.3031472428211,1225.4639381835814,316.2717728949712,2976.4841800078198
t62,0.0,57.79486560971091,0.0,0.0,0.0,0.0,0.0,188.95223512448948,-0.0,0.0,-0.0,-0.0,0.0,0.0,0.0,0.0,6.082588576931633,4.6240086630755775,9.123882865397448,1.0551429164065078,5.586050733916805,10.33419385774609,37.02310291979305,12.599647766501239,91.59617714030679,427.911557986841,82.68082429412773,22.111187732641497,16.7317880325861,33.12968229068599,3.8212287524531448,20.25622231882929,37.47030135900656,134.26239665172744,45.743447104609,384.70809179487594,1271.5421815038328,324.0065235417524,3229.147329538245
t63,0.0,220.55377400389563,0.0,0.0,0.0,0.0,0.0,257.5455555697152,-0.0,-0.0,-0.0,0.0,-0.0,0.0,0.0,0.0,4.81762920796183,3.6623813876852687,7.226443811942745,0.8357111891362357,4.42435335425066,8.185053705363721,29.3236308423391,9.979374787920934,72.51581706388393,342.8243279807522,66.00014677146038,25.234921922315802,5.286482858069899,37.81004241044968,4.36106872147404,23.117898271114818,42.763877754259994,153.23017187392765,52.205803238616426,439.1207634413254,1434.3844308299713,372.6329241512967,3618.0425851491295
t64,0.0,0.0,0.0,0.0,0.0,0.0,-0.0,84.79633553922466,0.0,0.0,0.0,0.0,0.0,0.0,0.0,0.0,5.942201953193893,4.51728617870352,8.913302929790838,1.030790134737716,5.457124242729084,10.095679849048807,36.16860678653221,12.308846903044492,88.90470670689133,403.0172895007081,80.45720783160195,34.013053164189394,25.738065397733923,50.96251086513612,5.878094758240784,31.15960910679096,57.639569959448465,206.53228087449898,70.36593045544551,589.0111572663222,0.0,496.32754286281533,2309.2371932668284
t65,0.0,0.0,0.0,0.0,0.0,0.0,0.0,0.0,0.0,0.0,0.0,0.0,0.0,0.0,0.0,0.0,5.481758760394783,4.167255384177666,8.222638140592172,0.95091733598685,5.034268249342147,9.313396261282971,33.36601123036212,11.35507171796062,81.45645393625968,378.9051142744095,73.50736459302095,45.09916136213016,34.127049956913936,67.57307230936617,7.7939825843949775,41.315674670676295,76.42643116736824,273.84876672743127,93.3007818112525,773.9177455271101,2481.0710848565454,651.6504099860665,5157.884410843046
t66,0.0,0.0,0.0,0.0,0.0,-0.0,-0.0,-0.0,-0.0,-0.0,-0.0,-0.0,-0.0,-0.0,0.0,-0.0,7.442588590675941,5.657886224544464,11.163882886013909,1.2910612861376631,6.835030338375864,12.644806125995347,45.30106218712447,15.416790652114447,110.16504217894071,493.47280314728494,98.44336143561115,53.44343548570861,40.44125738935334,80.07548303479494,9.236029958100652,48.95992579731024,90.56689570564716,324.5164312462743,110.5633489159039,912.7971608145466,2916.2454872051608,761.8373695060773,6156.517140111697
t67,0.0,0.0,0.0,0.0,0.0,0.0,-0.0,-0.0,0.0,0.0,0.0,0.0,0.0,0.0,-0.0,0.0,10.040674814559502,7.632961976374313,15.061012221839247,1.741749712729709,-0.0,17.058901598205683,61.11492374372186,20.79854068730182,73.43222766688451,663.9527618707665,135.10245596913686,40.342994159362796,30.528003969584933,60.446801651528475,6.972027514118067,36.95851478357733,68.36648339086649,244.96861721935224,83.46126140686967,692.3725422180274,2310.1552853687513,585.137695164641,5165.646437108199
t68,0.0,0.0,0.0,0.0,0.0,0.0,0.0,0.0,0.0,0.0,0.0,0.0,0.0,0.0,0.0,-0.0,8.457164519704794,6.429170986918439,12.685746779557185,1.4670591513773619,7.766783742586033,14.36854992378416,51.476516693917425,17.518412219388495,127.89172014812786,591.8792063933364,115.18865270983976,22.08450632671199,16.711597908300515,33.08970494925135,0.0,20.23177928588045,37.42508622479716,134.10038321538704,45.68824882690584,385.029875159054,1351.7964520014525,324.33852439442524,3325.6251415607044
t69,0.0,0.0,0.0,0.0,0.0,0.0,0.0,0.0,0.0,0.0,0.0,0.0,0.0,0.0,0.0,0.0,8.402237368348333,6.387415142264803,12.603356052522496,1.457530972060425,7.716340440319897,14.27522981459181,51.142189696120205,17.404634548721546,129.97605218498762,586.5943335343507,114.30936472600686,17.291706434200872,13.084831546685558,25.908546721042583,0.0,15.841059921264558,29.303059561313557,104.99779460633047,35.772943009009516,308.31462629422816,1012.5844363356105,253.6806660471247,2767.0483549571054
t70,0.0,0.0,0.0,0.0,0.0,0.0,0.0,0.0,0.0,0.0,0.0,0.0,0.0,0.0,0.0,0.0,8.740471536157438,6.644542137180908,13.110707304236154,1.5162042460681269,8.026963655654788,14.849882762961357,53.20093133997869,18.105262467754688,133.9393330974711,599.2535886484144,120.41273542964328,13.715512662381757,10.378684917339216,20.55025638843441,0.0,12.564882405470538,23.24273118960667,83.28261799523419,28.374542135430715,242.3412831131501,791.113680648638,203.69418803950836,2407.0590021207145
t71,0.0,0.0,0.0,0.0,0.0,0.0,0.0,0.0,0.0,1142.0544054540906,0.0,0.0,0.0,0.0,0.0,0.0,8.11555380624592,6.169477128217561,12.173330709368875,1.4078001500630675,7.453059617980944,13.788160293264749,49.39722291250704,16.81079002722369,122.94528646979668,556.9200343307177,116.97517681955178,9.05760624239628,6.853993985437454,13.57121203768436,1.5653245687362702,8.29773994689324,15.349299169161485,54.9991224685103,18.73830284710506,158.20468182861927,532.5811836846646,140.72692469644832,3014.1556891946852
t72,0.0,0.0,0.0,0.0,0.0,-0.0,0.0,0.0,0.0,1103.6760218648,0.0,0.0,0.0,0.0,0.0,0.0,5.421667376708008,4.1215736690280265,8.132501065062009,0.9404933204493482,4.9790822847318434,9.21130222675391,33.00025092047272,11.230596708895156,82.37021441458772,386.0931901734769,77.64653273769864,6.282598260975364,4.7541137847313575,9.413356119213086,1.0857510417457423,5.755534648477432,10.64668497245825,38.1488642726004,12.997388684199032,109.96823305633072,368.69474475580824,96.96940854847828,2391.5401049076827
