Resource,NENG_Rest_conventional_steam_coal_1,NENG_Rest_natural_gas_fired_combined_cycle_1,NENG_Rest_natural_gas_fired_combined_cycle_2,NENG_Rest_natural_gas_fired_combustion_turbine_1,NENG_Rest_natural_gas_fired_combustion_turbine_2,NENG_Rest_nuclear_1,NY_Z_A_natural_gas_fired_combined_cycle_1,NY_Z_A_natural_gas_fired_combustion_turbine_1,NY_Z_A_natural_gas_steam_turbine_1,NY_Z_B_natural_gas_fired_combined_cycle_1,NY_Z_B_natural_gas_fired_combustion_turbine_1,NY_Z_B_natural_gas_steam_turbine_1,NY_Z_B_nuclear_1,NY_Z_C&E_natural_gas_fired_combined_cycle_1,NY_Z_C&E_natural_gas_steam_turbine_1,NY_Z_C&E_nuclear_1,NY_Z_D_natural_gas_fired_combined_cycle_1,NY_Z_D_natural_gas_fired_combined_cycle_2,NY_Z_F_natural_gas_fired_combined_cycle_1,NY_Z_F_natural_gas_fired_combined_cycle_2,NY_Z_F_natural_gas_fired_combustion_turbine_1,NY_Z_G-I_natural_gas_fired_combined_cycle_1,NY_Z_G-I_natural_gas_fired_combined_cycle_2,NY_Z_G-I_natural_gas_fired_combustion_turbine_1,NY_Z_G-I_natural_gas_fired_combustion_turbine_2,NY_Z_J_natural_gas_fired_combined_cycle_1,NY_Z_J_natural_gas_fired_combined_cycle_2,NY_Z_J_natural_gas_fired_combustion_turbine_1,NY_Z_J_natural_gas_fired_combustion_turbine_2,NY_Z_K_natural_gas_fired_combined_cycle_1,NY_Z_K_natural_gas_fired_combined_cycle_2,NY_Z_K_natural_gas_fired_combustion_turbine_1,NY_Z_K_natural_gas_fired_combustion_turbine_2,PJM_EMAC_conventional_steam_coal_1,PJM_EMAC_natural_gas_fired_combined_cycle_1,PJM_EMAC_natural_gas_fired_combined_cycle_2,PJM_EMAC_natural_gas_fired_combined_cycle_3,PJM_EMAC_natural_gas_fired_combustion_turbine_1,PJM_EMAC_natural_gas_fired_combustion_turbine_2,PJM_EMAC_natural_gas_steam_turbine_1,PJM_EMAC_nuclear_1,PJM_EMAC_nuclear_2,PJM_Rest_conventional_steam_coal_1,PJM_Rest_natural_gas_fired_combined_cycle_1,PJM_Rest_natural_gas_fired_combined_cycle_2,PJM_Rest_natural_gas_fired_combustion_turbine_1,PJM_Rest_natural_gas_fired_combustion_turbine_2,PJM_Rest_natural_gas_fired_combustion_turbine_3,PJM_Rest_natural_gas_fired_combustion_turbine_4,PJM_Rest_nuclear_1,NENG_Rest_naturalgas_ccavgcf_moderate_0,NENG_Rest_naturalgas_ctavgcf_moderate_0,NENG_Rest_nuclear_nuclear_moderate_0,NENG_Rest_naturalgas_ccs100_moderate_0,NY_Z_A_naturalgas_ccavgcf_moderate_0,NY_Z_A_naturalgas_ctavgcf_moderate_0,NY_Z_A_nuclear_nuclear_moderate_0,NY_Z_A_naturalgas_ccs100_moderate_0,NY_Z_B_naturalgas_ccavgcf_moderate_0,NY_Z_B_naturalgas_ctavgcf_moderate_0,NY_Z_B_nuclear_nuclear_moderate_0,NY_Z_B_naturalgas_ccs100_moderate_0,NY_Z_C&E_naturalgas_ccavgcf_moderate_0,NY_Z_C&E_naturalgas_ctavgcf_moderate_0,NY_Z_C&E_nuclear_nuclear_moderate_0,NY_Z_C&E_naturalgas_ccs100_moderate_0,NY_Z_D_naturalgas_ccavgcf_moderate_0,NY_Z_D_naturalgas_ctavgcf_moderate_0,NY_Z_D_nuclear_nuclear_moderate_0,NY_Z_D_naturalgas_ccs100_moderate_0,NY_Z_F_naturalgas_ccavgcf_moderate_0,NY_Z_F_naturalgas_ctavgcf_moderate_0,NY_Z_F_nuclear_nuclear_moderate_0,NY_Z_F_naturalgas_ccs100_moderate_0,NY_Z_G-I_naturalgas_ccavgcf_moderate_0,NY_Z_G-I_naturalgas_ctavgcf_moderate_0,NY_Z_G-I_nuclear_nuclear_moderate_0,NY_Z_G-I_naturalgas_ccs100_moderate_0,NY_Z_J_naturalgas_ccavgcf_moderate_0,NY_Z_J_naturalgas_ctavgcf_moderate_0,NY_Z_J_nuclear_nuclear_moderate_0,NY_Z_J_naturalgas_ccs100_moderate_0,NY_Z_K_naturalgas_ccavgcf_moderate_0,NY_Z_K_naturalgas_ctavgcf_moderate_0,NY_Z_K_nuclear_nuclear_moderate_0,NY_Z_K_naturalgas_ccs100_moderate_0,PJM_EMAC_naturalgas_ccavgcf_moderate_0,PJM_EMAC_naturalgas_ctavgcf_moderate_0,PJM_EMAC_nuclear_nuclear_moderate_0,PJM_EMAC_naturalgas_ccs100_moderate_0,PJM_Rest_naturalgas_ccccsavgcf_moderate_0,PJM_Rest_naturalgas_ccavgcf_moderate_0,PJM_Rest_naturalgas_ctavgcf_moderate_0,PJM_Rest_nuclear_nuclear_moderate_0,PJM_Rest_naturalgas_ccs100_moderate_0
t1,2506.07832,1426.126365139858,32478.106891999996,2216.9659119999997,0.0,6592.303578677368,2265.7578240000003,90.6677,68.5314,0.0,0.0,0.0,0.0,6253.3277100000005,379.476118,0.0,837.6816,8.976616756314977e-14,14041.897560000001,5.782864678054025e-13,0.0,2819.418525,0.0,234.04753399999996,25.11,3594.00132,10203.113592,-8.886950937056813e-13,7364.932450000001,1071.193685,1777.5079269999999,-1.8193036055436096e-13,-7.284757648764069e-13,0.0,11701.508844000002,41273.446050000006,4.937674766836153e-13,0.0,-4.794906858229809e-12,3649.87161,76709.988,0.0,262270.01353811804,9741.637602,68255.22693599999,1848.961816,2.7132442426136556e-13,0.0,-2.337761131343541e-13,0.0,0.0,0.0,0.0,0.0,0.0,0.0,0.0,0.0,0.0,0.0,0.0,0.0,0.0,0.0,0.0,0.0,0.0,0.0,0.0,0.0,0.0,0.0,0.0,0.0,1371.5177627144694,0.0,0.0,0.0,0.0,0.0,0.0,0.0,0.0,0.0,0.0,0.0,1107.7484711633754,0.0,0.0,0.0,0.0,13443.220594194367,0.0,0.0,0.0
t2,2506.07832,1426.126365139858,32478.106891999996,2216.9659119999997,0.0,4394.869052451579,2265.7578240000003,90.6677,68.5314,0.0,0.0,0.0,0.0,6253.3277100000005,379.476118,0.0,837.6816,8.976616756314977e-14,14041.897560000001,5.782864678054025e-13,0.0,2819.418525,0.0,234.04753399999996,25.11,3594.00132,10203.113592,-8.886950937056813e-13,7364.932450000001,1071.193685,1777.5079269999999,-1.8193036055436096e-13,-7.284757648764069e-13,0.0,11701.508844000002,41273.446050000006,4.937674766836153e-13,0.0,-4.794906858229809e-12,3649.87161,76709.988,0.0,189927.94407259385,9741.637602,68255.22693599999,1848.961816,2.7132442426136556e-13,0.0,-2.337761131343541e-13,0.0,0.0,0.0,0.0,0.0,0.0,0.0,0.0,0.0,0.0,0.0,0.0,0.0,0.0,0.0,0.0,0.0,0.0,0.0,0.0,0.0,0.0,0.0,0.0,0.0,1371.5177627144694,0.0,0.0,0.0,0.0,0.0,0.0,0.0,0.0,0.0,0.0,0.0,1107.7484711633754,0.0,0.0,0.0,0.0,13443.220594194367,0.0,0.0,0.0
t3,2506.07832,1426.126365139858,32478.106891999996,2216.9659119999997,0.0,4394.869052451579,2265.7578240000003,90.6677,68.5314,0.0,0.0,0.0,0.0,6253.3277100000005,379.476118,0.0,837.6816,8.976616756314977e-14,14041.897560000001,5.782864678054025e-13,0.0,2819.418525,0.0,234.04753399999996,25.11,3594.00132,10203.113592,-8.886950937056813e-13,7364.932450000001,1071.193685,1777.5079269999999,-1.8193036055436096e-13,-7.284757648764069e-13,0.0,11701.508844000002,41273.446050000006,4.937674766836153e-13,0.0,-4.794906858229809e-12,3649.87161,76709.988,0.0,184367.1450725675,9741.637602,68255.22693599999,1848.961816,2.7132442426136556e-13,0.0,-2.337761131343541e-13,0.0,0.0,0.0,0.0,0.0,0.0,0.0,0.0,0.0,0.0,0.0,0.0,0.0,0.0,0.0,0.0,0.0,0.0,0.0,0.0,0.0,0.0,0.0,0.0,0.0,1371.5177627144694,0.0,0.0,0.0,0.0,0.0,0.0,0.0,0.0,0.0,0.0,0.0,1107.7484711633754,0.0,0.0,0.0,0.0,13443.220594194367,0.0,0.0,0.0
t4,2506.07832,1426.126365139858,32478.106891999996,2216.9659119999997,0.0,4394.869052451579,2265.7578240000003,90.6677,68.5314,0.0,0.0,0.0,0.0,6253.3277100000005,379.476118,0.0,837.6816,8.976616756314977e-14,14041.897560000001,5.782864678054025e-13,0.0,2819.418525,0.0,234.04753399999996,25.11,3594.00132,10203.113592,-8.886950937056813e-13,7364.932450000001,1071.193685,1777.5079269999999,-1.8193036055436096e-13,-7.284757648764069e-13,0.0,11701.508844000002,41273.446050000006,4.937674766836153e-13,0.0,-4.794906858229809e-12,3649.87161,73446.85616483346,0.0,185164.16164542164,9741.637602,68255.22693599999,1848.961816,2.7132442426136556e-13,0.0,-2.337761131343541e-13,0.0,0.0,0.0,0.0,0.0,0.0,0.0,0.0,0.0,0.0,0.0,0.0,0.0,0.0,0.0,0.0,0.0,0.0,0.0,0.0,0.0,0.0,0.0,0.0,0.0,1371.5177627144694,0.0,0.0,0.0,0.0,0.0,0.0,0.0,0.0,0.0,0.0,0.0,1107.7484711633754,0.0,0.0,0.0,0.0,13443.220594194367,0.0,0.0,0.0
t5,2506.07832,1426.126365139858,32478.106891999996,2216.9659119999997,0.0,4394.869052451579,2265.7578240000003,90.6677,68.5314,0.0,0.0,0.0,0.0,6253.3277100000005,379.476118,0.0,837.6816,8.976616756314977e-14,14041.897560000001,5.782864678054025e-13,0.0,2819.418525,0.0,234.04753399999996,25.11,3594.00132,10203.113592,-8.886950937056813e-13,7364.932450000001,1071.193685,1777.5079269999999,-1.8193036055436096e-13,-7.284757648764069e-13,0.0,11701.508844000002,41273.446050000006,4.937674766836153e-13,0.0,-4.794906858229809e-12,3649.87161,76709.988,0.0,208158.1006575442,9741.637602,68255.22693599999,1848.961816,2.7132442426136556e-13,0.0,-2.337761131343541e-13,0.0,0.0,0.0,0.0,0.0,0.0,0.0,0.0,0.0,0.0,0.0,0.0,0.0,0.0,0.0,0.0,0.0,0.0,0.0,0.0,0.0,0.0,0.0,0.0,0.0,1371.5177627144694,0.0,0.0,0.0,0.0,0.0,0.0,0.0,0.0,0.0,0.0,0.0,1107.7484711633754,0.0,0.0,0.0,0.0,13443.220594194367,0.0,0.0,0.0
t6,2506.07832,1426.126365139858,32478.106891999996,2216.9659119999997,0.0,4394.869052451579,2265.7578240000003,90.6677,68.5314,0.0,0.0,0.0,0.0,6253.3277100000005,379.476118,0.0,837.6816,8.976616756314977e-14,14041.897560000001,5.782864678054025e-13,0.0,2819.418525,0.0,234.04753399999996,25.11,3594.00132,10203.113592,-8.886950937056813e-13,7364.932450000001,1071.193685,1777.5079269999999,-1.8193036055436096e-13,-7.284757648764069e-13,0.0,11701.508844000002,41273.446050000006,4.937674766836153e-13,0.0,-4.794906858229809e-12,3649.87161,76709.988,0.0,268153.05049376184,9741.637602,68255.22693599999,1848.961816,2.7132442426136556e-13,0.0,-2.337761131343541e-13,0.0,0.0,0.0,0.0,0.0,0.0,0.0,0.0,0.0,0.0,0.0,0.0,0.0,0.0,0.0,0.0,0.0,0.0,0.0,0.0,0.0,0.0,0.0,0.0,0.0,1371.5177627144694,0.0,0.0,0.0,0.0,0.0,0.0,0.0,0.0,0.0,0.0,0.0,1107.7484711633754,0.0,0.0,0.0,0.0,13443.220594194367,0.0,0.0,0.0
t7,2506.07832,1426.126365139858,32478.106891999996,2216.9659119999997,0.0,4394.869052451579,2265.7578240000003,90.6677,68.5314,0.0,0.0,0.0,0.0,6253.3277100000005,379.476118,0.0,837.6816,8.976616756314977e-14,14041.897560000001,5.782864678054025e-13,0.0,2819.418525,0.0,234.04753399999996,25.11,3594.00132,10203.113592,-8.886950937056813e-13,7364.932450000001,1071.193685,1777.5079269999999,-1.8193036055436096e-13,-7.284757648764069e-13,0.0,11701.508844000002,41273.446050000006,4.937674766836153e-13,0.0,-4.794906858229809e-12,3649.87161,76709.988,0.0,317942.664,9741.637602,68255.22693599999,1848.961816,2.7132442426136556e-13,0.0,-2.337761131343541e-13,0.0,0.0,0.0,0.0,0.0,0.0,0.0,0.0,0.0,0.0,0.0,0.0,0.0,0.0,0.0,0.0,0.0,0.0,0.0,0.0,0.0,0.0,0.0,0.0,0.0,1371.5177627144694,0.0,0.0,0.0,0.0,0.0,0.0,0.0,0.0,0.0,0.0,0.0,1107.7484711633754,0.0,0.0,0.0,0.0,13443.220594194367,0.0,0.0,0.0
t8,2506.07832,1426.126365139858,32478.106891999996,2216.9659119999997,0.0,4394.869052451579,2265.7578240000003,90.6677,68.5314,0.0,0.0,0.0,0.0,6253.3277100000005,379.476118,0.0,837.6816,8.976616756314977e-14,14041.897560000001,5.782864678054025e-13,0.0,2819.418525,0.0,234.04753399999996,25.11,3594.00132,10203.113592,-8.886950937056813e-13,7364.932450000001,1071.193685,1777.5079269999999,-1.8193036055436096e-13,-7.284757648764069e-13,0.0,11701.508844000002,41273.446050000006,4.937674766836153e-13,0.0,-4.794906858229809e-12,3649.87161,76709.988,0.0,317942.664,9741.637602,68255.22693599999,1848.961816,2.7132442426136556e-13,0.0,-2.337761131343541e-13,0.0,0.0,0.0,0.0,0.0,0.0,0.0,0.0,0.0,0.0,0.0,0.0,0.0,0.0,0.0,0.0,0.0,0.0,0.0,0.0,0.0,0.0,0.0,0.0,0.0,1371.5177627144694,0.0,0.0,0.0,0.0,0.0,0.0,0.0,0.0,0.0,0.0,0.0,1107.7484711633754,0.0,0.0,0.0,0.0,13443.220594194367,0.0,0.0,0.0
t9,2506.07832,1426.126365139858,32478.106891999996,2216.9659119999997,0.0,4394.869052451579,2265.7578240000003,90.6677,68.5314,0.0,0.0,0.0,0.0,6253.3277100000005,379.476118,0.0,837.6816,8.976616756314977e-14,14041.897560000001,5.782864678054025e-13,0.0,2819.418525,0.0,234.04753399999996,25.11,3594.00132,10203.113592,-8.886950937056813e-13,7364.932450000001,1071.193685,1777.5079269999999,-1.8193036055436096e-13,-7.284757648764069e-13,0.0,11701.508844000002,41273.446050000006,4.937674766836153e-13,0.0,-4.794906858229809e-12,3649.87161,65043.87425357332,0.0,268898.49705395737,9741.637602,68255.22693599999,1848.961816,2.7132442426136556e-13,0.0,-2.337761131343541e-13,0.0,0.0,0.0,0.0,0.0,0.0,0.0,0.0,0.0,0.0,0.0,0.0,0.0,0.0,0.0,0.0,0.0,0.0,0.0,0.0,0.0,0.0,0.0,0.0,0.0,1371.5177627144694,0.0,0.0,0.0,0.0,0.0,0.0,0.0,0.0,0.0,0.0,0.0,1107.7484711633754,0.0,0.0,0.0,0.0,13443.220594194367,0.0,0.0,0.0
t10,2506.07832,1426.126365139858,32478.106891999996,2216.9659119999997,0.0,4394.869052451579,2265.7578240000003,90.6677,68.5314,0.0,0.0,0.0,0.0,6253.3277100000005,379.476118,0.0,837.6816,8.976616756314977e-14,14041.897560000001,5.782864678054025e-13,0.0,2819.418525,0.0,234.04753399999996,25.11,3594.00132,10203.113592,-8.886950937056813e-13,7364.932450000001,1071.193685,1777.5079269999999,-1.8193036055436096e-13,-7.284757648764069e-13,0.0,11701.508844000002,41273.446050000006,4.937674766836153e-13,0.0,-4.794906858229809e-12,3649.87161,60861.92246275024,0.0,139894.77216,9741.637602,68255.22693599999,1848.961816,2.7132442426136556e-13,0.0,-2.337761131343541e-13,0.0,0.0,0.0,0.0,0.0,0.0,0.0,0.0,0.0,0.0,0.0,0.0,0.0,0.0,0.0,0.0,0.0,0.0,0.0,0.0,0.0,0.0,0.0,0.0,0.0,1371.5177627144694,0.0,0.0,0.0,0.0,0.0,0.0,0.0,0.0,0.0,0.0,0.0,1107.7484711633754,0.0,0.0,0.0,0.0,13443.220594194367,0.0,0.0,0.0
t11,2506.07832,1426.126365139858,32478.106891999996,2216.9659119999997,0.0,4394.869052451579,2265.7578240000003,90.6677,68.5314,0.0,0.0,0.0,0.0,6253.3277100000005,379.476118,0.0,837.6816,8.976616756314977e-14,14041.897560000001,5.782864678054025e-13,0.0,2819.418525,0.0,234.04753399999996,25.11,3594.00132,10203.113592,-8.886950937056813e-13,7364.932450000001,1071.193685,1777.5079269999999,-1.8193036055436096e-13,-7.284757648764069e-13,0.0,11701.508844000002,41273.446050000006,4.937674766836153e-13,0.0,-4.794906858229809e-12,3649.87161,66470.23092318335,0.0,139894.77216,9741.637602,68255.22693599999,1848.961816,2.7132442426136556e-13,0.0,-2.337761131343541e-13,0.0,0.0,0.0,0.0,0.0,0.0,0.0,0.0,0.0,0.0,0.0,0.0,0.0,0.0,0.0,0.0,0.0,0.0,0.0,0.0,0.0,0.0,0.0,0.0,0.0,1371.5177627144694,0.0,0.0,0.0,0.0,0.0,0.0,0.0,0.0,0.0,0.0,0.0,1107.7484711633754,0.0,0.0,0.0,0.0,13443.220594194367,0.0,0.0,0.0
t12,2506.07832,1426.126365139858,32478.106891999996,2216.9659119999997,0.0,4394.869052451579,2265.7578240000003,90.6677,68.5314,0.0,0.0,0.0,0.0,6253.3277100000005,379.476118,0.0,837.6816,8.976616756314977e-14,14041.897560000001,5.782864678054025e-13,0.0,2819.418525,0.0,234.04753399999996,25.11,3594.00132,10203.113592,-8.886950937056813e-13,7364.932450000001,1071.193685,1777.5079269999999,-1.8193036055436096e-13,-7.284757648764069e-13,0.0,11701.508844000002,41273.446050000006,4.937674766836153e-13,0.0,-4.794906858229809e-12,3649.87161,53736.734575432616,0.0,139894.77216,9741.637602,68255.22693599999,1848.961816,2.7132442426136556e-13,0.0,-2.337761131343541e-13,0.0,0.0,0.0,0.0,0.0,0.0,0.0,0.0,0.0,0.0,0.0,0.0,0.0,0.0,0.0,0.0,0.0,0.0,0.0,0.0,0.0,0.0,0.0,0.0,0.0,1371.5177627144694,0.0,0.0,0.0,0.0,0.0,0.0,0.0,0.0,0.0,0.0,0.0,1107.7484711633754,0.0,0.0,0.0,0.0,13443.220594194367,0.0,0.0,0.0
t13,2506.07832,1426.126365139858,32478.106891999996,2216.9659119999997,0.0,4394.869052451579,2265.7578240000003,90.6677,68.5314,0.0,0.0,0.0,0.0,6253.3277100000005,379.476118,0.0,837.6816,8.976616756314977e-14,14041.897560000001,5.782864678054025e-13,0.0,2819.418525,0.0,234.04753399999996,25.11,3594.00132,10203.113592,-8.886950937056813e-13,7364.932450000001,1071.193685,1777.5079269999999,-1.8193036055436096e-13,-7.284757648764069e-13,0.0,11701.508844000002,41273.446050000006,4.937674766836153e-13,0.0,-4.794906858229809e-12,3649.87161,48499.14849431954,0.0,139894.77216,9741.637602,68255.22693599999,1848.961816,2.7132442426136556e-13,0.0,-2.337761131343541e-13,0.0,0.0,0.0,0.0,0.0,0.0,0.0,0.0,0.0,0.0,0.0,0.0,0.0,0.0,0.0,0.0,0.0,0.0,0.0,0.0,0.0,0.0,0.0,0.0,0.0,1371.5177627144694,0.0,0.0,0.0,0.0,0.0,0.0,0.0,0.0,0.0,0.0,0.0,1107.7484711633754,0.0,0.0,0.0,0.0,13443.220594194367,0.0,0.0,0.0
t14,2506.07832,1426.126365139858,32478.106891999996,2216.9659119999997,0.0,4394.869052451579,2265.7578240000003,90.6677,68.5314,0.0,0.0,0.0,0.0,6253.3277100000005,379.476118,0.0,837.6816,8.976616756314977e-14,14041.897560000001,5.782864678054025e-13,0.0,2819.418525,0.0,234.04753399999996,25.11,3594.00132,10203.113592,-8.886950937056813e-13,7364.932450000001,1071.193685,1777.5079269999999,-1.8193036055436096e-13,-7.284757648764069e-13,0.0,11701.508844000002,41273.446050000006,4.937674766836153e-13,0.0,-4.794906858229809e-12,3649.87161,38354.994,0.0,139894.77216,9741.637602,68255.22693599999,1848.961816,2.7132442426136556e-13,0.0,-2.337761131343541e-13,0.0,0.0,0.0,0.0,0.0,0.0,0.0,0.0,0.0,0.0,0.0,0.0,0.0,0.0,0.0,0.0,0.0,0.0,0.0,0.0,0.0,0.0,0.0,0.0,0.0,1371.5177627144694,0.0,0.0,0.0,0.0,0.0,0.0,0.0,0.0,0.0,0.0,0.0,1107.7484711633754,0.0,0.0,0.0,0.0,13443.220594194367,0.0,0.0,0.0
t15,2506.07832,1426.126365139858,32478.106891999996,2216.9659119999997,0.0,4394.869052451579,2265.7578240000003,90.6677,68.5314,0.0,0.0,0.0,0.0,6253.3277100000005,379.476118,0.0,837.6816,8.976616756314977e-14,14041.897560000001,5.782864678054025e-13,0.0,2819.418525,0.0,234.04753399999996,25.11,3594.00132,10203.113592,-8.886950937056813e-13,7364.932450000001,1071.193685,1777.5079269999999,-1.8193036055436096e-13,-7.284757648764069e-13,0.0,11701.508844000002,41273.446050000006,4.937674766836153e-13,0.0,-3.066122088773013e-12,3649.87161,42693.170978334965,0.0,139894.77216,9741.637602,68255.22693599999,1848.961816,2.7132442426136556e-13,0.0,-2.337761131343541e-13,0.0,0.0,0.0,0.0,0.0,0.0,0.0,0.0,0.0,0.0,0.0,0.0,0.0,0.0,0.0,0.0,0.0,0.0,0.0,0.0,0.0,0.0,0.0,0.0,0.0,1371.5177627144694,0.0,0.0,0.0,0.0,0.0,0.0,0.0,0.0,0.0,0.0,0.0,1107.7484711633754,0.0,0.0,0.0,0.0,13443.220594194367,0.0,0.0,0.0
t16,2506.07832,1426.126365139858,32478.106891999996,2216.9659119999997,0.0,4394.869052451579,2265.7578240000003,90.6677,68.5314,0.0,0.0,0.0,0.0,6253.3277100000005,379.476118,0.0,837.6816,8.976616756314977e-14,14041.897560000001,5.782864678054025e-13,0.0,2819.418525,0.0,234.04753399999996,25.11,3594.00132,10203.113592,-8.886950937056813e-13,7364.932450000001,1071.193685,1777.5079269999999,-1.8193036055436096e-13,-7.284757648764069e-13,0.0,11701.508844000002,41273.446050000006,4.937674766836153e-13,0.0,-3.066122088773013e-12,3649.87161,61870.66797833497,0.0,139894.77216,9741.637602,68255.22693599999,1848.961816,2.7132442426136556e-13,0.0,-2.337761131343541e-13,0.0,0.0,0.0,0.0,0.0,0.0,0.0,0.0,0.0,0.0,0.0,0.0,0.0,0.0,0.0,0.0,0.0,0.0,0.0,0.0,0.0,0.0,0.0,0.0,0.0,1371.5177627144694,0.0,0.0,0.0,0.0,0.0,0.0,0.0,0.0,0.0,0.0,0.0,1107.7484711633754,0.0,0.0,0.0,0.0,13443.220594194367,0.0,0.0,0.0
t17,2506.07832,1426.126365139858,32478.106891999996,2216.9659119999997,0.0,4394.869052451579,2265.7578240000003,90.6677,68.5314,0.0,0.0,0.0,0.0,6253.3277100000005,379.476118,0.0,837.6816,8.976616756314977e-14,14041.897560000001,5.782864678054025e-13,0.0,2819.418525,0.0,234.04753399999996,25.11,3594.00132,10203.113592,-8.886950937056813e-13,7364.932450000001,1071.193685,1777.5079269999999,-1.8193036055436096e-13,-7.284757648764069e-13,0.0,11701.508844000002,41273.446050000006,4.937674766836153e-13,0.0,-4.794906858229809e-12,3649.87161,76709.988,0.0,139894.77216,9741.637602,68255.22693599999,1848.961816,2.7132442426136556e-13,0.0,-2.337761131343541e-13,0.0,0.0,0.0,0.0,0.0,0.0,0.0,0.0,0.0,0.0,0.0,0.0,0.0,0.0,0.0,0.0,0.0,0.0,0.0,0.0,0.0,0.0,0.0,0.0,0.0,1371.5177627144694,0.0,0.0,0.0,0.0,0.0,0.0,0.0,0.0,0.0,0.0,0.0,1107.7484711633754,0.0,0.0,0.0,0.0,13443.220594194367,0.0,0.0,0.0
t18,2506.07832,1426.126365139858,32478.106891999996,2216.9659119999997,0.0,6592.303578677368,2265.7578240000003,90.6677,68.5314,0.0,0.0,0.0,0.0,6253.3277100000005,379.476118,0.0,837.6816,8.976616756314977e-14,14041.897560000001,5.782864678054025e-13,0.0,2819.418525,0.0,234.04753399999996,25.11,3594.00132,10203.113592,-8.886950937056813e-13,7364.932450000001,1071.193685,1777.5079269999999,-1.8193036055436096e-13,-7.284757648764069e-13,0.0,11701.508844000002,41273.446050000006,4.937674766836153e-13,0.0,-3.066122088773013e-12,3649.87161,76709.988,0.0,271439.3148316614,9741.637602,68255.22693599999,1848.961816,2.7132442426136556e-13,0.0,-2.337761131343541e-13,0.0,0.0,0.0,0.0,0.0,0.0,0.0,0.0,0.0,0.0,0.0,0.0,0.0,0.0,0.0,0.0,0.0,0.0,0.0,0.0,0.0,0.0,0.0,0.0,0.0,1586.9593223213335,0.0,0.0,0.0,0.0,0.0,0.0,0.0,0.0,0.0,0.0,0.0,4652.543578886178,0.0,0.0,0.0,0.0,13443.220594194367,0.0,0.0,0.0
t19,5483.76,1426.126365139858,32478.106891999996,2216.9659119999997,0.0,8789.738104903157,2265.7578240000003,90.6677,68.5314,0.0,0.0,0.0,0.0,6253.3277100000005,379.476118,0.0,837.6816,8.976616756314977e-14,14041.897560000001,5.782864678054025e-13,0.0,2819.418525,0.0,234.04753399999996,25.11,3594.00132,10203.113592,-8.886950937056813e-13,7364.932450000001,1071.193685,1777.5079269999999,-1.8193036055436096e-13,-7.284757648764069e-13,0.0,11701.508844000002,41273.446050000006,4.937674766836153e-13,0.0,-3.066122088773013e-12,3649.87161,76709.988,0.0,317942.664,9741.637602,68255.22693599999,1848.961816,2.7132442426136556e-13,0.0,-2.337761131343541e-13,0.0,0.0,0.0,0.0,0.0,0.0,0.0,0.0,0.0,0.0,0.0,0.0,0.0,0.0,0.0,0.0,0.0,0.0,0.0,0.0,0.0,0.0,0.0,0.0,0.0,5975.816163007636,0.0,0.0,0.0,0.0,0.0,0.0,0.0,0.0,0.0,0.0,0.0,5538.742355816877,0.0,0.0,0.0,0.0,19432.037304064317,0.0,0.0,0.0
t20,5483.76,1426.126365139858,32478.106891999996,2216.9659119999997,0.0,8789.738104903157,2265.7578240000003,90.6677,68.5314,0.0,0.0,0.0,0.0,6253.3277100000005,379.476118,0.0,837.6816,8.976616756314977e-14,14041.897560000001,5.782864678054025e-13,0.0,2819.418525,0.0,234.04753399999996,25.11,3594.00132,10203.113592,-8.886950937056813e-13,7364.932450000001,1071.193685,1777.5079269999999,-1.8193036055436096e-13,-7.284757648764069e-13,0.0,11701.508844000002,41273.446050000006,4.937674766836153e-13,0.0,-5.325091478880495e-12,3649.87161,76709.988,0.0,317942.664,9741.637602,68255.22693599999,1848.961816,0.0,0.0,-2.337761131343541e-13,0.0,0.0,0.0,0.0,0.0,0.0,0.0,0.0,0.0,0.0,0.0,0.0,0.0,0.0,0.0,0.0,0.0,0.0,0.0,0.0,0.0,0.0,0.0,0.0,0.0,6857.588813572346,0.0,0.0,0.0,0.0,0.0,0.0,0.0,0.0,0.0,0.0,0.0,5538.742355816877,0.0,0.0,0.0,0.0,38663.460286699374,0.0,0.0,0.0
t21,5483.76,1426.126365139858,32478.106891999996,2216.9659119999997,0.0,8789.738104903157,2265.7578240000003,90.6677,132.741,0.0,0.0,0.0,0.0,6253.3277100000005,379.476118,0.0,837.6816,8.976616756314977e-14,14041.897560000001,5.782864678054025e-13,0.0,2819.418525,0.0,234.04753399999996,25.11,3594.00132,10203.113592,-8.886950937056813e-13,7364.932450000001,1071.193685,1777.5079269999999,-1.8193036055436096e-13,-7.284757648764069e-13,0.0,11701.508844000002,41273.446050000006,4.937674766836153e-13,0.0,-3.066122088773013e-12,3649.87161,76709.988,0.0,317942.664,9741.637602,68255.22693599999,1848.961816,2.7132442426136556e-13,0.0,-2.337761131343541e-13,0.0,0.0,0.0,0.0,0.0,0.0,0.0,0.0,0.0,0.0,0.0,0.0,0.0,0.0,0.0,0.0,0.0,0.0,0.0,0.0,0.0,0.0,0.0,0.0,0.0,6857.588813572346,0.0,0.0,0.0,0.0,0.0,0.0,0.0,0.0,0.0,0.0,0.0,5538.742355816877,0.0,0.0,0.0,0.0,47589.673588649195,0.0,0.0,0.0
t22,5483.76,1426.126365139858,32478.106891999996,2216.9659119999997,0.0,8789.738104903157,2265.7578240000003,90.6677,308.7,0.0,0.0,0.0,0.0,6253.3277100000005,379.476118,0.0,837.6816,0.0,14041.897560000001,5.782864678054025e-13,0.0,2819.418525,0.0,234.04753399999996,25.11,3594.00132,10203.113592,-8.886950937056813e-13,7364.932450000001,1071.193685,1777.5079269999999,-1.8193036055436096e-13,-7.284757648764069e-13,0.0,11701.508844000002,41273.446050000006,4.937674766836153e-13,0.0,-3.066122088773013e-12,3649.87161,76709.988,0.0,317942.664,9741.637602,68255.22693599999,1848.961816,2.7132442426136556e-13,0.0,-2.337761131343541e-13,0.0,0.0,0.0,0.0,0.0,0.0,0.0,0.0,0.0,0.0,0.0,0.0,0.0,0.0,0.0,0.0,0.0,0.0,0.0,0.0,0.0,0.0,0.0,0.0,0.0,6857.588813572346,0.0,0.0,0.0,0.0,0.0,0.0,0.0,0.0,0.0,0.0,0.0,5538.742355816877,0.0,0.0,0.0,0.0,13443.220594194367,0.0,0.0,0.0
t23,5483.76,1426.126365139858,32478.106891999996,2216.9659119999997,0.0,8789.738104903157,2265.7578240000003,90.6677,132.741,0.0,0.0,0.0,0.0,6253.3277100000005,379.476118,0.0,837.6816,8.976616756314977e-14,14041.897560000001,5.782864678054025e-13,0.0,2819.418525,0.0,234.04753399999996,25.11,3594.00132,10203.113592,-8.886950937056813e-13,7364.932450000001,1071.193685,1777.5079269999999,-1.8193036055436096e-13,-7.284757648764069e-13,0.0,11701.508844000002,41273.446050000006,4.937674766836153e-13,0.0,-3.066122088773013e-12,3649.87161,76709.988,0.0,317942.664,9741.637602,68255.22693599999,1848.961816,2.7132442426136556e-13,0.0,-2.337761131343541e-13,0.0,0.0,0.0,0.0,0.0,0.0,0.0,0.0,0.0,0.0,0.0,0.0,0.0,0.0,0.0,0.0,0.0,0.0,0.0,0.0,0.0,0.0,0.0,0.0,0.0,6857.588813572346,0.0,0.0,0.0,0.0,0.0,0.0,0.0,0.0,0.0,0.0,0.0,5538.742355816877,0.0,0.0,0.0,0.0,38779.26824489611,0.0,0.0,0.0
t24,5483.76,1426.126365139858,32478.106891999996,2216.9659119999997,0.0,8789.738104903157,2265.7578240000003,90.6677,68.5314,0.0,0.0,0.0,0.0,6253.3277100000005,379.476118,0.0,837.6816,8.976616756314977e-14,14041.897560000001,5.782864678054025e-13,0.0,2819.418525,0.0,234.04753399999996,25.11,3594.00132,10203.113592,-8.886950937056813e-13,7364.932450000001,1071.193685,1777.5079269999999,-1.8193036055436096e-13,-7.284757648764069e-13,0.0,11701.508844000002,41273.446050000006,4.937674766836153e-13,0.0,-3.066122088773013e-12,3649.87161,76709.988,0.0,317942.664,9741.637602,68255.22693599999,1848.961816,2.7132442426136556e-13,0.0,-2.337761131343541e-13,0.0,0.0,0.0,0.0,0.0,0.0,0.0,0.0,0.0,0.0,0.0,0.0,0.0,0.0,0.0,0.0,0.0,0.0,0.0,0.0,0.0,0.0,0.0,0.0,0.0,5760.374603400772,0.0,0.0,0.0,0.0,0.0,0.0,0.0,0.0,0.0,0.0,0.0,4652.543578886178,0.0,0.0,0.0,0.0,13443.220594194367,0.0,0.0,0.0
t25,5483.76,1426.126365139858,32478.106891999996,2216.9659119999997,0.0,8789.738104903157,2265.7578240000003,90.6677,132.741,0.0,0.0,0.0,0.0,6253.3277100000005,379.476118,0.0,837.6816,8.976616756314977e-14,14041.897560000001,5.782864678054025e-13,0.0,2819.418525,0.0,234.04753399999996,25.11,3594.00132,10203.113592,-8.886950937056813e-13,7364.932450000001,1071.193685,1777.5079269999999,-1.8193036055436096e-13,-7.284757648764069e-13,0.0,11701.508844000002,41273.446050000006,4.937674766836153e-13,0.0,-3.066122088773013e-12,3649.87161,76709.988,0.0,317942.664,9741.637602,68255.22693599999,1848.961816,2.7132442426136556e-13,0.0,-2.337761131343541e-13,0.0,0.0,0.0,0.0,0.0,0.0,0.0,0.0,0.0,0.0,0.0,0.0,0.0,0.0,0.0,0.0,0.0,0.0,0.0,0.0,0.0,0.0,0.0,0.0,0.0,2901.0977475930895,0.0,0.0,0.0,0.0,0.0,0.0,0.0,0.0,0.0,0.0,0.0,5538.742355816877,0.0,0.0,0.0,0.0,24197.79706954986,0.0,0.0,0.0
t26,5483.76,1426.126365139858,32478.106891999996,2216.9659119999997,0.0,8789.738104903157,2265.7578240000003,90.6677,68.5314,0.0,0.0,0.0,0.0,6253.3277100000005,379.476118,0.0,837.6816,8.976616756314977e-14,14041.897560000001,5.782864678054025e-13,0.0,2819.418525,0.0,234.04753399999996,25.11,3594.00132,10203.113592,-8.886950937056813e-13,7364.932450000001,1071.193685,1777.5079269999999,-1.8193036055436096e-13,-7.284757648764069e-13,0.0,11701.508844000002,41273.446050000006,4.937674766836153e-13,0.0,-3.066122088773013e-12,3649.87161,76709.988,0.0,269087.3527363005,9741.637602,68255.22693599999,1848.961816,2.7132442426136556e-13,0.0,-2.337761131343541e-13,0.0,0.0,0.0,0.0,0.0,0.0,0.0,0.0,0.0,0.0,0.0,0.0,0.0,0.0,0.0,0.0,0.0,0.0,0.0,0.0,0.0,0.0,0.0,0.0,0.0,1371.5177627144694,0.0,0.0,0.0,0.0,0.0,0.0,0.0,0.0,0.0,0.0,0.0,5166.880888921564,0.0,0.0,0.0,0.0,13443.220594194367,0.0,0.0,0.0
t27,5483.76,1426.126365139858,32478.106891999996,2216.9659119999997,0.0,8789.738104903157,2265.7578240000003,90.6677,68.5314,0.0,0.0,0.0,0.0,6253.3277100000005,379.476118,0.0,837.6816,8.976616756314977e-14,14041.897560000001,5.782864678054025e-13,0.0,2819.418525,0.0,234.04753399999996,25.11,3594.00132,10203.113592,-8.886950937056813e-13,7364.932450000001,1071.193685,1777.5079269999999,-1.8193036055436096e-13,-7.284757648764069e-13,0.0,11701.508844000002,41273.446050000006,4.937674766836153e-13,0.0,-3.066122088773013e-12,3649.87161,76709.988,0.0,317942.664,9741.637602,68255.22693599999,1848.961816,2.7132442426136556e-13,0.0,-2.337761131343541e-13,0.0,0.0,0.0,0.0,0.0,0.0,0.0,0.0,0.0,0.0,0.0,0.0,0.0,0.0,0.0,0.0,0.0,0.0,0.0,0.0,0.0,0.0,0.0,0.0,0.0,1371.5177627144694,0.0,0.0,0.0,0.0,0.0,0.0,0.0,0.0,0.0,0.0,0.0,1622.085781198763,0.0,0.0,0.0,0.0,13443.220594194367,0.0,0.0,0.0
t28,5483.76,1426.126365139858,32478.106891999996,2216.9659119999997,0.0,8789.738104903157,2265.7578240000003,90.6677,68.5314,0.0,0.0,0.0,0.0,6253.3277100000005,379.476118,0.0,837.6816,8.976616756314977e-14,14041.897560000001,5.782864678054025e-13,0.0,2819.418525,0.0,234.04753399999996,25.11,3594.00132,10203.113592,-8.886950937056813e-13,7364.932450000001,1071.193685,1777.5079269999999,-1.8193036055436096e-13,-7.284757648764069e-13,0.0,11701.508844000002,41273.446050000006,4.937674766836153e-13,0.0,-3.066122088773013e-12,3649.87161,76709.988,0.0,243894.9484531029,9741.637602,68255.22693599999,1848.961816,2.7132442426136556e-13,0.0,-2.337761131343541e-13,0.0,0.0,0.0,0.0,0.0,0.0,0.0,0.0,0.0,0.0,0.0,0.0,0.0,0.0,0.0,0.0,0.0,0.0,0.0,0.0,0.0,0.0,0.0,0.0,0.0,1371.5177627144694,0.0,0.0,0.0,0.0,0.0,0.0,0.0,0.0,0.0,0.0,0.0,1107.7484711633754,0.0,0.0,0.0,0.0,13443.220594194367,0.0,0.0,0.0
t29,5483.76,1426.126365139858,32478.106891999996,2216.9659119999997,0.0,8789.738104903157,2265.7578240000003,90.6677,68.5314,0.0,0.0,0.0,0.0,6253.3277100000005,379.476118,0.0,837.6816,8.976616756314977e-14,14041.897560000001,5.782864678054025e-13,0.0,2819.418525,0.0,234.04753399999996,25.11,3594.00132,10203.113592,-8.886950937056813e-13,7364.932450000001,1071.193685,1777.5079269999999,-1.8193036055436096e-13,-7.284757648764069e-13,0.0,11701.508844000002,41273.446050000006,4.937674766836153e-13,0.0,-3.066122088773013e-12,3649.87161,76709.988,0.0,248738.8759723441,9741.637602,68255.22693599999,1848.961816,2.7132442426136556e-13,0.0,-2.337761131343541e-13,0.0,0.0,0.0,0.0,0.0,0.0,0.0,0.0,0.0,0.0,0.0,0.0,0.0,0.0,0.0,0.0,0.0,0.0,0.0,0.0,0.0,0.0,0.0,0.0,0.0,1371.5177627144694,0.0,0.0,0.0,0.0,0.0,0.0,0.0,0.0,0.0,0.0,0.0,1107.7484711633754,0.0,0.0,0.0,0.0,13443.220594194367,0.0,0.0,0.0
t30,5483.76,1426.126365139858,32478.106891999996,2216.9659119999997,0.0,8789.738104903157,2265.7578240000003,90.6677,68.5314,0.0,0.0,0.0,0.0,6253.3277100000005,379.476118,0.0,837.6816,8.976616756314977e-14,14041.897560000001,5.782864678054025e-13,0.0,2819.418525,0.0,234.04753399999996,25.11,3594.00132,10203.113592,-8.886950937056813e-13,7364.932450000001,1071.193685,1777.5079269999999,-1.8193036055436096e-13,-7.284757648764069e-13,0.0,11701.508844000002,41273.446050000006,4.937674766836153e-13,0.0,-3.066122088773013e-12,3649.87161,76709.988,0.0,288353.00860917405,9741.637602,68255.22693599999,1848.961816,2.7132442426136556e-13,0.0,-2.337761131343541e-13,0.0,0.0,0.0,0.0,0.0,0.0,0.0,0.0,0.0,0.0,0.0,0.0,0.0,0.0,0.0,0.0,0.0,0.0,0.0,0.0,0.0,0.0,0.0,0.0,0.0,1371.5177627144694,0.0,0.0,0.0,0.0,0.0,0.0,0.0,0.0,0.0,0.0,0.0,1107.7484711633754,0.0,0.0,0.0,0.0,13443.220594194367,0.0,0.0,0.0
t31,5483.76,1426.126365139858,32478.106891999996,2216.9659119999997,0.0,8789.738104903157,2265.7578240000003,90.6677,68.5314,0.0,0.0,0.0,0.0,6253.3277100000005,379.476118,0.0,837.6816,8.976616756314977e-14,14041.897560000001,5.782864678054025e-13,0.0,2819.418525,0.0,234.04753399999996,25.11,3594.00132,10203.113592,-8.886950937056813e-13,7364.932450000001,1071.193685,1777.5079269999999,-1.8193036055436096e-13,-7.284757648764069e-13,0.0,11701.508844000002,41273.446050000006,4.937674766836153e-13,0.0,-3.066122088773013e-12,3649.87161,76709.988,0.0,210980.1359884462,9741.637602,68255.22693599999,1848.961816,2.7132442426136556e-13,0.0,-2.337761131343541e-13,0.0,0.0,0.0,0.0,0.0,0.0,0.0,0.0,0.0,0.0,0.0,0.0,0.0,0.0,0.0,0.0,0.0,0.0,0.0,0.0,0.0,0.0,0.0,0.0,0.0,1371.5177627144694,0.0,0.0,0.0,0.0,0.0,0.0,0.0,0.0,0.0,0.0,0.0,1107.7484711633754,0.0,0.0,0.0,0.0,13443.220594194367,0.0,0.0,0.0
t32,5483.76,1426.126365139858,32478.106891999996,2216.9659119999997,0.0,8789.738104903157,2265.7578240000003,90.6677,68.5314,0.0,0.0,0.0,0.0,6253.3277100000005,379.476118,0.0,837.6816,1.1922907106054482e-13,14041.897560000001,5.782864678054025e-13,0.0,2819.418525,0.0,234.04753399999996,25.11,3594.00132,10203.113592,-8.886950937056813e-13,7364.932450000001,1071.193685,1777.5079269999999,-1.8193036055436096e-13,-7.284757648764069e-13,0.0,11701.508844000002,41273.446050000006,4.937674766836153e-13,0.0,-3.066122088773013e-12,3649.87161,76709.988,0.0,154140.05010122852,9741.637602,68255.22693599999,1848.961816,2.7132442426136556e-13,0.0,-2.337761131343541e-13,0.0,0.0,0.0,0.0,0.0,0.0,0.0,0.0,0.0,0.0,0.0,0.0,0.0,0.0,0.0,0.0,0.0,0.0,0.0,0.0,0.0,0.0,0.0,0.0,0.0,1371.5177627144694,0.0,0.0,0.0,0.0,0.0,0.0,0.0,0.0,0.0,0.0,0.0,4652.543578886178,0.0,0.0,0.0,0.0,13443.220594194367,0.0,0.0,0.0
t33,5483.76,1426.126365139858,32478.106891999996,2216.9659119999997,0.0,8789.738104903157,2265.7578240000003,90.6677,68.5314,0.0,0.0,0.0,0.0,6253.3277100000005,379.476118,0.0,837.6816,8.976616756314977e-14,14041.897560000001,5.782864678054025e-13,0.0,2819.418525,0.0,234.04753399999996,25.11,3594.00132,10203.113592,-8.886950937056813e-13,7364.932450000001,1071.193685,1777.5079269999999,-1.8193036055436096e-13,-7.284757648764069e-13,0.0,11701.508844000002,47945.15654924585,4.937674766836153e-13,0.0,-4.794906858229809e-12,3649.87161,76709.988,0.0,157061.5294209099,9741.637602,68255.22693599999,1848.961816,2.7132442426136556e-13,0.0,-2.337761131343541e-13,0.0,0.0,0.0,0.0,0.0,0.0,0.0,0.0,0.0,0.0,0.0,0.0,0.0,0.0,0.0,0.0,0.0,0.0,0.0,0.0,0.0,0.0,0.0,0.0,0.0,1371.5177627144694,0.0,0.0,0.0,0.0,0.0,0.0,0.0,0.0,0.0,0.0,0.0,5538.742355816877,0.0,0.0,0.0,0.0,13443.220594194367,0.0,0.0,0.0
t34,5483.76,1426.126365139858,33622.04005576529,2216.9659119999997,0.0,8789.738104903157,2265.7578240000003,90.6677,68.5314,0.0,0.0,0.0,0.0,6253.3277100000005,379.476118,0.0,837.6816,8.976616756314977e-14,14041.897560000001,5.782864678054025e-13,0.0,2819.418525,0.0,234.04753399999996,25.11,3594.00132,10203.113592,-8.886950937056813e-13,7364.932450000001,1071.193685,1777.5079269999999,-1.8193036055436096e-13,-7.284757648764069e-13,0.0,11701.508844000002,52039.65477191146,4.937674766836153e-13,0.0,-4.794906858229809e-12,3649.87161,76709.988,0.0,190236.9140446636,9741.637602,68255.22693599999,1848.961816,2.7132442426136556e-13,0.0,-2.337761131343541e-13,0.0,0.0,0.0,0.0,0.0,0.0,0.0,0.0,0.0,0.0,0.0,0.0,0.0,0.0,0.0,0.0,0.0,0.0,0.0,0.0,0.0,0.0,0.0,0.0,0.0,1371.5177627144694,0.0,0.0,0.0,0.0,0.0,0.0,0.0,0.0,0.0,0.0,0.0,5538.742355816877,0.0,0.0,0.0,0.0,13443.220594194367,0.0,0.0,0.0
t35,5483.76,1426.126365139858,32478.106891999996,2216.9659119999997,0.0,8789.738104903157,2265.7578240000003,90.6677,68.5314,0.0,0.0,0.0,0.0,6253.3277100000005,379.476118,0.0,837.6816,8.976616756314977e-14,14041.897560000001,5.782864678054025e-13,0.0,2819.418525,0.0,234.04753399999996,25.11,3594.00132,10203.113592,-8.886950937056813e-13,7364.932450000001,1071.193685,1777.5079269999999,-1.8193036055436096e-13,-7.284757648764069e-13,0.0,11701.508844000002,62204.28680350121,4.937674766836153e-13,0.0,-4.794906858229809e-12,3649.87161,76709.988,0.0,200388.7787798179,9741.637602,68255.22693599999,1848.961816,2.7132442426136556e-13,0.0,-2.337761131343541e-13,0.0,0.0,0.0,0.0,0.0,0.0,0.0,0.0,0.0,0.0,0.0,0.0,0.0,0.0,0.0,0.0,0.0,0.0,0.0,0.0,0.0,0.0,0.0,0.0,0.0,1371.5177627144694,0.0,0.0,0.0,0.0,0.0,0.0,0.0,0.0,0.0,0.0,0.0,5538.742355816877,0.0,0.0,0.0,0.0,13443.220594194367,0.0,0.0,0.0
t36,5483.76,1426.126365139858,32478.106891999996,2216.9659119999997,0.0,8789.738104903157,2265.7578240000003,90.6677,68.5314,0.0,0.0,0.0,0.0,6253.3277100000005,379.476118,0.0,837.6816,8.976616756314977e-14,14041.897560000001,5.782864678054025e-13,0.0,2819.418525,0.0,234.04753399999996,25.11,3594.00132,10203.113592,-8.886950937056813e-13,7364.932450000001,1071.193685,1777.5079269999999,-1.8193036055436096e-13,-7.284757648764069e-13,0.0,11701.508844000002,70090.27221312227,4.937674766836153e-13,0.0,-4.794906858229809e-12,3649.87161,76709.988,0.0,195161.70532811026,9741.637602,68255.22693599999,1848.961816,2.7132442426136556e-13,0.0,-2.337761131343541e-13,0.0,0.0,0.0,0.0,0.0,0.0,0.0,0.0,0.0,0.0,0.0,0.0,0.0,0.0,0.0,0.0,0.0,0.0,0.0,0.0,0.0,0.0,0.0,0.0,0.0,1371.5177627144694,0.0,0.0,0.0,0.0,0.0,0.0,0.0,0.0,0.0,0.0,0.0,5538.742355816877,0.0,0.0,0.0,0.0,13443.220594194367,0.0,0.0,0.0
t37,5483.76,1426.126365139858,32478.106891999996,2216.9659119999997,0.0,8789.738104903157,2265.7578240000003,90.6677,68.5314,0.0,0.0,0.0,0.0,6253.3277100000005,379.476118,0.0,837.6816,8.976616756314977e-14,14041.897560000001,5.782864678054025e-13,0.0,2819.418525,0.0,234.04753399999996,25.11,3594.00132,10203.113592,-8.886950937056813e-13,7364.932450000001,1071.193685,1777.5079269999999,-1.8193036055436096e-13,-7.284757648764069e-13,0.0,11701.508844000002,70456.16500985902,4.937674766836153e-13,0.0,-4.794906858229809e-12,3649.87161,76709.988,0.0,187004.91384652763,9741.637602,68255.22693599999,1848.961816,2.7132442426136556e-13,0.0,-2.337761131343541e-13,0.0,0.0,0.0,0.0,0.0,0.0,0.0,0.0,0.0,0.0,0.0,0.0,0.0,0.0,0.0,0.0,0.0,0.0,0.0,0.0,0.0,0.0,0.0,0.0,0.0,1371.5177627144694,0.0,0.0,0.0,0.0,0.0,0.0,0.0,0.0,0.0,0.0,0.0,5538.742355816877,0.0,0.0,0.0,0.0,13443.220594194367,0.0,0.0,0.0
t38,5483.76,1426.126365139858,32478.106891999996,2216.9659119999997,0.0,8789.738104903157,2265.7578240000003,90.6677,68.5314,0.0,0.0,0.0,0.0,6253.3277100000005,379.476118,0.0,837.6816,8.976616756314977e-14,14041.897560000001,5.782864678054025e-13,0.0,2819.418525,0.0,234.04753399999996,25.11,3594.00132,10203.113592,-8.886950937056813e-13,7364.932450000001,1071.193685,1777.5079269999999,-1.8193036055436096e-13,-7.284757648764069e-13,0.0,11701.508844000002,74078.58913497078,4.937674766836153e-13,0.0,-4.794906858229809e-12,3649.87161,76709.988,0.0,208284.4865616546,9741.637602,68255.22693599999,1848.961816,2.7132442426136556e-13,0.0,-2.337761131343541e-13,0.0,0.0,0.0,0.0,0.0,0.0,0.0,0.0,0.0,0.0,0.0,0.0,0.0,0.0,0.0,0.0,0.0,0.0,0.0,0.0,0.0,0.0,0.0,0.0,0.0,1371.5177627144694,0.0,0.0,0.0,0.0,0.0,0.0,0.0,0.0,0.0,0.0,0.0,5538.742355816877,0.0,0.0,0.0,0.0,13443.220594194367,0.0,0.0,0.0
t39,5483.76,1426.126365139858,32478.106891999996,2216.9659119999997,0.0,8789.738104903157,2265.7578240000003,90.6677,68.5314,0.0,0.0,0.0,0.0,6253.3277100000005,379.476118,0.0,837.6816,8.976616756314977e-14,14041.897560000001,5.782864678054025e-13,0.0,2819.418525,0.0,234.04753399999996,25.11,3594.00132,10203.113592,-8.886950937056813e-13,7364.932450000001,1071.193685,1777.5079269999999,-1.8193036055436096e-13,-7.284757648764069e-13,0.0,11701.508844000002,73502.73770553719,4.937674766836153e-13,0.0,-4.794906858229809e-12,3649.87161,76709.988,0.0,191210.67721478944,9741.637602,68255.22693599999,1848.961816,2.7132442426136556e-13,0.0,-2.337761131343541e-13,0.0,0.0,0.0,0.0,0.0,0.0,0.0,0.0,0.0,0.0,0.0,0.0,0.0,0.0,0.0,0.0,0.0,0.0,0.0,0.0,0.0,0.0,0.0,0.0,0.0,1371.5177627144694,0.0,0.0,0.0,0.0,0.0,0.0,0.0,0.0,0.0,0.0,0.0,5538.742355816877,0.0,0.0,0.0,0.0,13443.220594194367,0.0,0.0,0.0
t40,5483.76,1426.126365139858,32478.106891999996,2216.9659119999997,0.0,8789.738104903157,2265.7578240000003,90.6677,68.5314,0.0,0.0,0.0,0.0,6253.3277100000005,379.476118,0.0,837.6816,8.976616756314977e-14,14041.897560000001,5.782864678054025e-13,0.0,2819.418525,0.0,234.04753399999996,25.11,5533.938330274706,10203.113592,0.0,7364.932450000001,1071.193685,1777.5079269999999,-1.8193036055436096e-13,-7.284757648764069e-13,0.0,11701.508844000002,88522.5063759752,4.937674766836153e-13,0.0,-4.794906858229809e-12,3649.87161,76709.988,0.0,190406.03178395494,9741.637602,68255.22693599999,1848.961816,2.7132442426136556e-13,0.0,-2.337761131343541e-13,0.0,0.0,0.0,0.0,0.0,0.0,0.0,0.0,0.0,0.0,0.0,0.0,0.0,0.0,0.0,0.0,0.0,0.0,0.0,0.0,0.0,0.0,0.0,0.0,0.0,1371.5177627144694,0.0,0.0,0.0,0.0,0.0,0.0,0.0,0.0,0.0,0.0,0.0,5538.742355816877,0.0,0.0,0.0,0.0,13443.220594194367,0.0,0.0,0.0
t41,5483.76,1426.126365139858,32478.106891999996,2216.9659119999997,0.0,8789.738104903157,2265.7578240000003,90.6677,68.5314,0.0,0.0,0.0,0.0,6253.3277100000005,379.476118,0.0,837.6816,8.976616756314977e-14,14041.897560000001,5.782864678054025e-13,0.0,2819.418525,0.0,234.04753399999996,25.11,4818.99136648565,10203.113592,0.0,7364.932450000001,1071.193685,1777.5079269999999,-1.8193036055436096e-13,-7.284757648764069e-13,0.0,11701.508844000002,78901.35011864542,4.937674766836153e-13,0.0,-4.794906858229809e-12,3649.87161,76709.988,0.0,305384.5813958006,9741.637602,68255.22693599999,1848.961816,2.7132442426136556e-13,0.0,-2.337761131343541e-13,0.0,0.0,0.0,0.0,0.0,0.0,0.0,0.0,0.0,0.0,0.0,0.0,0.0,0.0,0.0,0.0,0.0,0.0,0.0,0.0,0.0,0.0,0.0,0.0,0.0,2468.731972886045,0.0,0.0,0.0,0.0,0.0,0.0,0.0,0.0,0.0,0.0,0.0,5538.742355816877,0.0,0.0,0.0,0.0,13443.220594194367,0.0,0.0,0.0
t42,5483.76,1426.126365139858,34014.45426119818,2216.9659119999997,0.0,8789.738104903157,2265.7578240000003,90.6677,68.5314,0.0,0.0,0.0,0.0,6253.3277100000005,379.476118,0.0,837.6816,8.976616756314977e-14,14041.897560000001,5.782864678054025e-13,0.0,3321.00089594403,0.0,234.04753399999996,25.11,3594.00132,10203.113592,0.0,7364.932450000001,1071.193685,1777.5079269999999,-1.8193036055436096e-13,-7.284757648764069e-13,0.0,11701.508844000002,74737.20096049007,4.937674766836153e-13,0.0,-4.794906858229809e-12,3649.87161,76709.988,0.0,317942.664,9741.637602,68255.22693599999,1848.961816,2.7132442426136556e-13,0.0,-2.337761131343541e-13,0.0,0.0,0.0,0.0,0.0,0.0,0.0,0.0,0.0,0.0,0.0,0.0,0.0,0.0,0.0,0.0,0.0,0.0,0.0,0.0,0.0,0.0,0.0,0.0,0.0,6857.588813572346,0.0,0.0,0.0,0.0,0.0,0.0,0.0,0.0,0.0,0.0,0.0,5538.742355816877,0.0,0.0,0.0,0.0,13443.220594194367,0.0,0.0,0.0
t43,5483.76,1426.126365139858,47135.49279665507,2216.9659119999997,0.0,8789.738104903157,2265.7578240000003,90.6677,244.49040000000002,0.0,0.0,0.0,0.0,6253.3277100000005,379.476118,0.0,837.6816,8.976616756314977e-14,14041.897560000001,5.782864678054025e-13,0.0,2819.418525,0.0,234.04753399999996,25.11,3743.2209714685873,10203.113592,0.0,7364.932450000001,1071.193685,1777.5079269999999,-1.8193036055436096e-13,-7.284757648764069e-13,0.0,11701.508844000002,69235.51468740599,4.937674766836153e-13,0.0,-4.794906858229809e-12,3649.87161,76709.988,0.0,317942.664,9741.637602,68255.22693599999,1848.961816,2.7132442426136556e-13,0.0,-2.337761131343541e-13,0.0,0.0,0.0,0.0,0.0,0.0,0.0,0.0,0.0,0.0,0.0,0.0,0.0,0.0,0.0,0.0,0.0,0.0,0.0,0.0,0.0,0.0,0.0,0.0,0.0,6857.588813572346,0.0,0.0,0.0,0.0,0.0,0.0,0.0,0.0,0.0,0.0,0.0,5538.742355816877,0.0,0.0,0.0,0.0,13443.220594194367,0.0,0.0,0.0
t44,5483.76,1426.126365139858,46432.33286324999,2216.9659119999997,0.0,8789.738104903157,2265.7578240000003,90.6677,308.7,0.0,0.0,0.0,0.0,6253.3277100000005,379.476118,0.0,837.6816,8.976616756314977e-14,14041.897560000001,5.782864678054025e-13,0.0,5013.419297720048,0.0,234.04753399999996,25.11,3594.00132,10203.113592,0.0,7364.932450000001,1071.193685,1777.5079269999999,-1.8193036055436096e-13,-7.284757648764069e-13,0.0,11701.508844000002,83406.8639684464,4.937674766836153e-13,0.0,-4.794906858229809e-12,3649.87161,76709.988,0.0,317942.664,9741.637602,68255.22693599999,1848.961816,2.7132442426136556e-13,0.0,-2.337761131343541e-13,0.0,0.0,0.0,0.0,0.0,0.0,0.0,0.0,0.0,0.0,0.0,0.0,0.0,0.0,0.0,0.0,0.0,0.0,0.0,0.0,0.0,0.0,0.0,0.0,0.0,6857.588813572346,0.0,0.0,0.0,0.0,0.0,0.0,0.0,0.0,0.0,0.0,0.0,5538.742355816877,0.0,0.0,0.0,0.0,47826.82175748822,0.0,0.0,0.0
t45,5483.76,1426.126365139858,56371.0054451115,2216.9659119999997,0.0,8789.738104903157,2265.7578240000003,90.6677,308.7,1.2590817277668974e-13,0.0,0.0,0.0,6253.3277100000005,379.476118,0.0,837.6816,8.976616756314977e-14,21364.326107822715,4.877043195961051e-13,0.0,5173.245,0.0,234.04753399999996,25.11,5096.225462429658,10203.113592,0.0,7364.932450000001,1071.193685,4048.993,-1.8193036055436096e-13,-7.284757648764069e-13,0.0,11701.508844000002,57594.47806496653,4.937674766836153e-13,0.0,-4.794906858229809e-12,3649.87161,76709.988,0.0,317942.664,9741.637602,69843.63865179039,1848.961816,2.7132442426136556e-13,0.0,-2.337761131343541e-13,0.0,0.0,0.0,0.0,0.0,0.0,0.0,0.0,0.0,0.0,0.0,0.0,0.0,0.0,0.0,0.0,0.0,0.0,0.0,0.0,0.0,0.0,0.0,0.0,0.0,6857.588813572346,0.0,0.0,0.0,0.0,0.0,0.0,0.0,0.0,0.0,0.0,0.0,5538.742355816877,0.0,0.0,0.0,0.0,67216.10297097183,0.0,0.0,0.0
t46,5483.76,1426.126365139858,47649.80857635254,2216.9659119999997,0.0,8789.738104903157,2265.7578240000003,90.6677,308.7,0.0,0.0,0.0,0.0,6253.3277100000005,379.476118,0.0,837.6816,8.976616756314977e-14,21000.84296622091,4.877043195961051e-13,0.0,5173.245,0.0,234.04753399999996,25.11,5560.847032631414,10203.113592,0.0,7364.932450000001,1071.193685,4048.993,-1.8193036055436096e-13,-1.2084910849807785e-12,0.0,11701.508844000002,70403.77687365007,4.937674766836153e-13,0.0,-4.794906858229809e-12,3649.87161,76709.988,0.0,317942.664,9741.637602,80387.45425587478,1848.961816,2.7132442426136556e-13,0.0,-2.337761131343541e-13,0.0,0.0,0.0,0.0,0.0,0.0,0.0,0.0,0.0,0.0,0.0,0.0,0.0,0.0,0.0,0.0,0.0,0.0,0.0,0.0,0.0,0.0,0.0,0.0,0.0,6857.588813572346,0.0,0.0,0.0,0.0,0.0,0.0,0.0,0.0,0.0,0.0,0.0,5538.742355816877,0.0,0.0,0.0,0.0,67216.10297097183,0.0,0.0,0.0
t47,5483.76,1426.126365139858,51530.275408968395,2216.9659119999997,0.0,8789.738104903157,2265.7578240000003,90.6677,308.7,0.0,0.0,0.0,0.0,6253.3277100000005,379.476118,0.0,837.6816,0.0,19360.732746497495,4.956746124662459e-13,0.0,5173.245,0.0,234.04753399999996,25.11,3594.00132,10203.113592,-8.886950937056813e-13,7364.932450000001,1071.193685,1777.5079269999999,-1.8193036055436096e-13,-7.284757648764069e-13,0.0,11701.508844000002,50546.52453186274,4.937674766836153e-13,0.0,-4.794906858229809e-12,3649.87161,76709.988,0.0,317942.664,9741.637602,91670.39968278602,1848.961816,2.7132442426136556e-13,0.0,-2.337761131343541e-13,0.0,0.0,0.0,0.0,0.0,0.0,0.0,0.0,0.0,0.0,0.0,0.0,0.0,0.0,0.0,0.0,0.0,0.0,0.0,0.0,0.0,0.0,0.0,0.0,0.0,6857.588813572346,0.0,0.0,0.0,0.0,0.0,0.0,0.0,0.0,0.0,0.0,0.0,5538.742355816877,0.0,0.0,0.0,0.0,67216.10297097183,0.0,0.0,0.0
t48,5483.76,1426.126365139858,40535.34347763628,2216.9659119999997,0.0,8789.738104903157,2265.7578240000003,90.6677,308.7,0.0,0.0,0.0,0.0,6253.3277100000005,379.476118,0.0,837.6816,8.976616756314977e-14,14041.897560000001,5.782864678054025e-13,0.0,2819.418525,0.0,234.04753399999996,25.11,3594.00132,10203.113592,-8.886950937056813e-13,7364.932450000001,1071.193685,1777.5079269999999,-1.8193036055436096e-13,-7.284757648764069e-13,0.0,11701.508844000002,52540.339620170795,4.937674766836153e-13,0.0,-4.794906858229809e-12,3649.87161,76709.988,0.0,317942.664,9741.637602,68255.22693599999,1848.961816,2.612061411222613e-12,0.0,-2.337761131343541e-13,0.0,0.0,0.0,0.0,0.0,0.0,0.0,0.0,0.0,0.0,0.0,0.0,0.0,0.0,0.0,0.0,0.0,0.0,0.0,0.0,0.0,0.0,0.0,0.0,0.0,6857.588813572346,0.0,0.0,0.0,0.0,0.0,0.0,0.0,0.0,0.0,0.0,0.0,5538.742355816877,0.0,0.0,0.0,0.0,67216.10297097183,0.0,0.0,0.0
t49,5483.76,1426.126365139858,32478.106891999996,2216.9659119999997,0.0,8789.738104903157,2265.7578240000003,90.6677,68.5314,0.0,0.0,0.0,0.0,6253.3277100000005,379.476118,0.0,837.6816,8.976616756314977e-14,14041.897560000001,5.782864678054025e-13,0.0,2819.418525,0.0,234.04753399999996,25.11,3594.00132,10203.113592,-8.886950937056813e-13,7364.932450000001,1071.193685,1777.5079269999999,-1.8193036055436096e-13,-7.284757648764069e-13,0.0,11701.508844000002,41273.446050000006,4.937674766836153e-13,0.0,-3.066122088773013e-12,3649.87161,76709.988,0.0,280797.11624511797,9741.637602,68255.22693599999,1848.961816,2.7132442426136556e-13,0.0,-2.337761131343541e-13,0.0,0.0,0.0,0.0,0.0,0.0,0.0,0.0,0.0,0.0,0.0,0.0,0.0,0.0,0.0,0.0,0.0,0.0,0.0,0.0,0.0,0.0,0.0,0.0,0.0,2468.731972886045,0.0,0.0,0.0,0.0,0.0,0.0,0.0,0.0,0.0,0.0,0.0,1993.9472480940756,0.0,0.0,0.0,0.0,13443.220594194367,0.0,0.0,0.0
t50,5483.76,1426.126365139858,32478.106891999996,2216.9659119999997,0.0,8789.738104903157,2265.7578240000003,90.6677,68.5314,0.0,0.0,0.0,0.0,6253.3277100000005,379.476118,0.0,837.6816,8.976616756314977e-14,14041.897560000001,5.782864678054025e-13,0.0,2819.418525,0.0,234.04753399999996,25.11,3594.00132,10203.113592,-8.886950937056813e-13,7364.932450000001,1071.193685,1777.5079269999999,-1.8193036055436096e-13,-7.284757648764069e-13,0.0,11701.508844000002,41273.446050000006,4.937674766836153e-13,0.0,-3.066122088773013e-12,3649.87161,76709.988,0.0,213103.02909932425,9741.637602,68255.22693599999,1848.961816,2.7132442426136556e-13,0.0,-2.337761131343541e-13,0.0,0.0,0.0,0.0,0.0,0.0,0.0,0.0,0.0,0.0,0.0,0.0,0.0,0.0,0.0,0.0,0.0,0.0,0.0,0.0,0.0,0.0,0.0,0.0,0.0,1371.5177627144694,0.0,0.0,0.0,0.0,0.0,0.0,0.0,0.0,0.0,0.0,0.0,1107.7484711633754,0.0,0.0,0.0,0.0,13443.220594194367,0.0,0.0,0.0
t51,5483.76,1426.126365139858,32478.106891999996,2216.9659119999997,0.0,8789.738104903157,2265.7578240000003,90.6677,68.5314,0.0,0.0,0.0,0.0,6253.3277100000005,379.476118,0.0,837.6816,8.976616756314977e-14,14041.897560000001,5.782864678054025e-13,0.0,2819.418525,0.0,234.04753399999996,25.11,3594.00132,10203.113592,-8.886950937056813e-13,7364.932450000001,1071.193685,1777.5079269999999,-1.8193036055436096e-13,-7.284757648764069e-13,0.0,11701.508844000002,41273.446050000006,4.937674766836153e-13,0.0,-3.066122088773013e-12,3649.87161,76709.988,0.0,212148.8063653794,9741.637602,68255.22693599999,1848.961816,2.7132442426136556e-13,0.0,-2.337761131343541e-13,0.0,0.0,0.0,0.0,0.0,0.0,0.0,0.0,0.0,0.0,0.0,0.0,0.0,0.0,0.0,0.0,0.0,0.0,0.0,0.0,0.0,0.0,0.0,0.0,0.0,1371.5177627144694,0.0,0.0,0.0,0.0,0.0,0.0,0.0,0.0,0.0,0.0,0.0,1107.7484711633754,0.0,0.0,0.0,0.0,13443.220594194367,0.0,0.0,0.0
t52,5483.76,1426.126365139858,32478.106891999996,2216.9659119999997,0.0,8789.738104903157,2265.7578240000003,90.6677,68.5314,0.0,0.0,0.0,0.0,6253.3277100000005,379.476118,0.0,837.6816,8.976616756314977e-14,14041.897560000001,5.782864678054025e-13,0.0,2819.418525,0.0,234.04753399999996,25.11,3594.00132,10203.113592,-8.886950937056813e-13,7364.932450000001,1071.193685,1777.5079269999999,-1.8193036055436096e-13,-7.284757648764069e-13,0.0,11701.508844000002,41273.446050000006,4.937674766836153e-13,0.0,-3.066122088773013e-12,3649.87161,76709.988,0.0,196923.600212455,9741.637602,68255.22693599999,1848.961816,2.7132442426136556e-13,0.0,-2.337761131343541e-13,0.0,0.0,0.0,0.0,0.0,0.0,0.0,0.0,0.0,0.0,0.0,0.0,0.0,0.0,0.0,0.0,0.0,0.0,0.0,0.0,0.0,0.0,0.0,0.0,0.0,1371.5177627144694,0.0,0.0,0.0,0.0,0.0,0.0,0.0,0.0,0.0,0.0,0.0,1107.7484711633754,0.0,0.0,0.0,0.0,13443.220594194367,0.0,0.0,0.0
t53,5483.76,1426.126365139858,32478.106891999996,2216.9659119999997,0.0,8789.738104903157,2265.7578240000003,90.6677,68.5314,0.0,0.0,0.0,0.0,6253.3277100000005,379.476118,0.0,837.6816,8.976616756314977e-14,14041.897560000001,5.782864678054025e-13,0.0,2819.418525,0.0,234.04753399999996,25.11,3594.00132,10203.113592,-8.886950937056813e-13,7364.932450000001,1071.193685,1777.5079269999999,-1.8193036055436096e-13,-7.284757648764069e-13,0.0,11701.508844000002,41273.446050000006,4.937674766836153e-13,0.0,-3.066122088773013e-12,3649.87161,76709.988,0.0,196819.3871671452,9741.637602,68255.22693599999,1848.961816,2.7132442426136556e-13,0.0,-2.337761131343541e-13,0.0,0.0,0.0,0.0,0.0,0.0,0.0,0.0,0.0,0.0,0.0,0.0,0.0,0.0,0.0,0.0,0.0,0.0,0.0,0.0,0.0,0.0,0.0,0.0,0.0,1371.5177627144694,0.0,0.0,0.0,0.0,0.0,0.0,0.0,0.0,0.0,0.0,0.0,1107.7484711633754,0.0,0.0,0.0,0.0,13443.220594194367,0.0,0.0,0.0
t54,5483.76,1426.126365139858,32478.106891999996,2216.9659119999997,0.0,8789.738104903157,2265.7578240000003,90.6677,68.5314,0.0,0.0,0.0,0.0,6253.3277100000005,379.476118,0.0,837.6816,8.976616756314977e-14,14041.897560000001,5.782864678054025e-13,0.0,2819.418525,0.0,234.04753399999996,25.11,3594.00132,10203.113592,-8.886950937056813e-13,7364.932450000001,1071.193685,1777.5079269999999,-1.8193036055436096e-13,-7.284757648764069e-13,0.0,11701.508844000002,41273.446050000006,4.937674766836153e-13,0.0,-3.066122088773013e-12,3649.87161,76709.988,0.0,212375.02742289272,9741.637602,68255.22693599999,1848.961816,2.7132442426136556e-13,0.0,-2.337761131343541e-13,0.0,0.0,0.0,0.0,0.0,0.0,0.0,0.0,0.0,0.0,0.0,0.0,0.0,0.0,0.0,0.0,0.0,0.0,0.0,0.0,0.0,0.0,0.0,0.0,0.0,1371.5177627144694,0.0,0.0,0.0,0.0,0.0,0.0,0.0,0.0,0.0,0.0,0.0,1107.7484711633754,0.0,0.0,0.0,0.0,13443.220594194367,0.0,0.0,0.0
t55,5483.76,1426.126365139858,32478.106891999996,2216.9659119999997,0.0,8789.738104903157,2265.7578240000003,90.6677,68.5314,0.0,0.0,0.0,0.0,6253.3277100000005,379.476118,0.0,837.6816,8.976616756314977e-14,14041.897560000001,5.782864678054025e-13,0.0,2819.418525,0.0,234.04753399999996,25.11,3594.00132,10203.113592,-8.886950937056813e-13,7364.932450000001,1071.193685,1777.5079269999999,-1.8193036055436096e-13,-7.284757648764069e-13,0.0,11701.508844000002,41273.446050000006,4.937674766836153e-13,0.0,-3.066122088773013e-12,3649.87161,76709.988,0.0,139894.77216,9741.637602,68255.22693599999,1848.961816,2.612061411222613e-12,0.0,-2.337761131343541e-13,0.0,0.0,0.0,0.0,0.0,0.0,0.0,0.0,0.0,0.0,0.0,0.0,0.0,0.0,0.0,0.0,0.0,0.0,0.0,0.0,0.0,0.0,0.0,0.0,0.0,1371.5177627144694,0.0,0.0,0.0,0.0,0.0,0.0,0.0,0.0,0.0,0.0,0.0,1107.7484711633754,0.0,0.0,0.0,0.0,13443.220594194367,0.0,0.0,0.0
t56,5483.76,1426.126365139858,32478.106891999996,2216.9659119999997,0.0,8789.738104903157,2265.7578240000003,90.6677,68.5314,0.0,0.0,0.0,0.0,6253.3277100000005,379.476118,0.0,837.6816,8.976616756314977e-14,14041.897560000001,5.782864678054025e-13,0.0,2819.418525,0.0,234.04753399999996,25.11,3594.00132,10203.113592,-8.886950937056813e-13,7364.932450000001,1071.193685,1777.5079269999999,-1.8193036055436096e-13,-7.284757648764069e-13,0.0,11701.508844000002,41273.446050000006,4.937674766836153e-13,0.0,-3.066122088773013e-12,3649.87161,76709.988,0.0,139894.77216,9741.637602,68255.22693599999,1848.961816,2.612061411222613e-12,0.0,-2.337761131343541e-13,0.0,0.0,0.0,0.0,0.0,0.0,0.0,0.0,0.0,0.0,0.0,0.0,0.0,0.0,0.0,0.0,0.0,0.0,0.0,0.0,0.0,0.0,0.0,0.0,0.0,1371.5177627144694,0.0,0.0,0.0,0.0,0.0,0.0,0.0,0.0,0.0,0.0,0.0,1107.7484711633754,0.0,0.0,0.0,0.0,13443.220594194367,0.0,0.0,0.0
t57,5483.76,1426.126365139858,32478.106891999996,2216.9659119999997,0.0,8789.738104903157,2265.7578240000003,90.6677,68.5314,0.0,0.0,0.0,0.0,6253.3277100000005,379.476118,0.0,837.6816,8.976616756314977e-14,14041.897560000001,5.782864678054025e-13,0.0,2819.418525,0.0,234.04753399999996,25.11,3594.00132,10203.113592,-8.886950937056813e-13,7364.932450000001,1071.193685,1777.5079269999999,-1.8193036055436096e-13,-7.284757648764069e-13,0.0,11701.508844000002,41273.446050000006,4.937674766836153e-13,0.0,-3.066122088773013e-12,3649.87161,76709.988,0.0,139894.77216,9741.637602,68255.22693599999,1848.961816,2.612061411222613e-12,0.0,-2.337761131343541e-13,0.0,0.0,0.0,0.0,0.0,0.0,0.0,0.0,0.0,0.0,0.0,0.0,0.0,0.0,0.0,0.0,0.0,0.0,0.0,0.0,0.0,0.0,0.0,0.0,0.0,1371.5177627144694,0.0,0.0,0.0,0.0,0.0,0.0,0.0,0.0,0.0,0.0,0.0,1107.7484711633754,0.0,0.0,0.0,0.0,13443.220594194367,0.0,0.0,0.0
t58,5483.76,1426.126365139858,32478.106891999996,2216.9659119999997,0.0,8789.738104903157,2265.7578240000003,90.6677,68.5314,0.0,0.0,0.0,0.0,6253.3277100000005,379.476118,0.0,837.6816,8.976616756314977e-14,14041.897560000001,5.782864678054025e-13,0.0,2819.418525,0.0,234.04753399999996,25.11,3594.00132,10203.113592,-8.886950937056813e-13,7364.932450000001,1071.193685,1777.5079269999999,-1.8193036055436096e-13,-7.284757648764069e-13,0.0,11701.508844000002,41273.446050000006,4.937674766836153e-13,0.0,-3.066122088773013e-12,3649.87161,76709.988,0.0,139894.77216,9741.637602,68255.22693599999,1848.961816,2.612061411222613e-12,0.0,-2.337761131343541e-13,0.0,0.0,0.0,0.0,0.0,0.0,0.0,0.0,0.0,0.0,0.0,0.0,0.0,0.0,0.0,0.0,0.0,0.0,0.0,0.0,0.0,0.0,0.0,0.0,0.0,1371.5177627144694,0.0,0.0,0.0,0.0,0.0,0.0,0.0,0.0,0.0,0.0,0.0,1107.7484711633754,0.0,0.0,0.0,0.0,13443.220594194367,0.0,0.0,0.0
t59,5483.76,1426.126365139858,32478.106891999996,2216.9659119999997,0.0,8789.738104903157,2265.7578240000003,90.6677,68.5314,0.0,0.0,0.0,0.0,6253.3277100000005,379.476118,0.0,837.6816,8.976616756314977e-14,14041.897560000001,5.782864678054025e-13,0.0,2819.418525,0.0,234.04753399999996,25.11,3594.00132,10203.113592,-8.886950937056813e-13,7364.932450000001,1071.193685,1777.5079269999999,-1.8193036055436096e-13,-7.284757648764069e-13,0.0,11701.508844000002,41273.446050000006,4.937674766836153e-13,0.0,-3.066122088773013e-12,3649.87161,76709.988,0.0,139894.77216,9741.637602,68255.22693599999,1848.961816,2.612061411222613e-12,0.0,-2.337761131343541e-13,0.0,0.0,0.0,0.0,0.0,0.0,0.0,0.0,0.0,0.0,0.0,0.0,0.0,0.0,0.0,0.0,0.0,0.0,0.0,0.0,0.0,0.0,0.0,0.0,0.0,1371.5177627144694,0.0,0.0,0.0,0.0,0.0,0.0,0.0,0.0,0.0,0.0,0.0,1107.7484711633754,0.0,0.0,0.0,0.0,13443.220594194367,0.0,0.0,0.0
t60,5483.76,1426.126365139858,32478.106891999996,2216.9659119999997,0.0,8789.738104903157,2265.7578240000003,90.6677,68.5314,0.0,0.0,0.0,0.0,6253.3277100000005,379.476118,0.0,837.6816,8.976616756314977e-14,14041.897560000001,5.782864678054025e-13,0.0,2819.418525,0.0,234.04753399999996,25.11,3594.00132,10203.113592,-8.886950937056813e-13,7364.932450000001,1071.193685,1777.5079269999999,-1.8193036055436096e-13,-7.284757648764069e-13,0.0,11701.508844000002,41273.446050000006,4.937674766836153e-13,0.0,-4.794906858229809e-12,3649.87161,76709.988,0.0,139894.77216,9741.637602,68255.22693599999,1848.961816,2.7132442426136556e-13,0.0,-2.337761131343541e-13,0.0,0.0,0.0,0.0,0.0,0.0,0.0,0.0,0.0,0.0,0.0,0.0,0.0,0.0,0.0,0.0,0.0,0.0,0.0,0.0,0.0,0.0,0.0,0.0,0.0,1371.5177627144694,0.0,0.0,0.0,0.0,0.0,0.0,0.0,0.0,0.0,0.0,0.0,2529.505165477076,0.0,0.0,0.0,0.0,13443.220594194367,0.0,0.0,0.0
t61,5483.76,1426.126365139858,32478.106891999996,2216.9659119999997,0.0,8789.738104903157,2265.7578240000003,90.6677,68.5314,0.0,0.0,0.0,0.0,6253.3277100000005,379.476118,0.0,837.6816,8.976616756314977e-14,14041.897560000001,5.782864678054025e-13,0.0,2819.418525,0.0,234.04753399999996,25.11,3594.00132,10203.113592,-8.886950937056813e-13,7364.932450000001,1071.193685,1777.5079269999999,-1.8193036055436096e-13,-7.284757648764069e-13,0.0,11701.508844000002,41273.446050000006,4.937674766836153e-13,0.0,-3.066122088773013e-12,3649.87161,76709.988,0.0,179165.78219315564,9741.637602,68255.22693599999,1848.961816,2.7132442426136556e-13,0.0,-2.337761131343541e-13,0.0,0.0,0.0,0.0,0.0,0.0,0.0,0.0,0.0,0.0,0.0,0.0,0.0,0.0,0.0,0.0,0.0,0.0,0.0,0.0,0.0,0.0,0.0,0.0,0.0,1371.5177627144694,0.0,0.0,0.0,0.0,0.0,0.0,0.0,0.0,0.0,0.0,0.0,5538.742355816877,0.0,0.0,0.0,0.0,13443.220594194367,0.0,0.0,0.0
t62,5483.76,1426.126365139858,32478.106891999996,2216.9659119999997,0.0,8789.738104903157,2265.7578240000003,90.6677,68.5314,0.0,0.0,0.0,0.0,6253.3277100000005,379.476118,0.0,837.6816,8.976616756314977e-14,14041.897560000001,5.782864678054025e-13,0.0,2819.418525,0.0,234.04753399999996,25.11,3594.00132,10203.113592,-8.886950937056813e-13,7364.932450000001,1071.193685,1777.5079269999999,-1.8193036055436096e-13,-7.284757648764069e-13,0.0,11701.508844000002,41273.446050000006,4.937674766836153e-13,0.0,-3.066122088773013e-12,3649.87161,76709.988,0.0,230849.8619617054,9741.637602,68255.22693599999,1848.961816,2.7132442426136556e-13,0.0,-2.337761131343541e-13,0.0,0.0,0.0,0.0,0.0,0.0,0.0,0.0,0.0,0.0,0.0,0.0,0.0,0.0,0.0,0.0,0.0,0.0,0.0,0.0,0.0,0.0,0.0,0.0,0.0,1371.5177627144694,0.0,0.0,0.0,0.0,0.0,0.0,0.0,0.0,0.0,0.0,0.0,5538.742355816877,0.0,0.0,0.0,0.0,13443.220594194367,0.0,0.0,0.0
t63,5483.76,1426.126365139858,32478.106891999996,2216.9659119999997,0.0,8789.738104903157,2265.7578240000003,90.6677,68.5314,0.0,0.0,0.0,0.0,6253.3277100000005,379.476118,0.0,837.6816,8.976616756314977e-14,14041.897560000001,5.782864678054025e-13,0.0,2819.418525,0.0,234.04753399999996,25.11,3594.00132,10203.113592,-8.886950937056813e-13,7364.932450000001,1071.193685,1777.5079269999999,-1.8193036055436096e-13,-7.284757648764069e-13,0.0,11701.508844000002,41273.446050000006,4.937674766836153e-13,0.0,-3.066122088773013e-12,3649.87161,76709.988,0.0,205034.21442323737,9741.637602,68255.22693599999,1848.961816,2.7132442426136556e-13,0.0,-2.337761131343541e-13,0.0,0.0,0.0,0.0,0.0,0.0,0.0,0.0,0.0,0.0,0.0,0.0,0.0,0.0,0.0,0.0,0.0,0.0,0.0,0.0,0.0,0.0,0.0,0.0,0.0,1371.5177627144694,0.0,0.0,0.0,0.0,0.0,0.0,0.0,0.0,0.0,0.0,0.0,5538.742355816877,0.0,0.0,0.0,0.0,13443.220594194367,0.0,0.0,0.0
t64,5483.76,1426.126365139858,32478.106891999996,2216.9659119999997,0.0,8789.738104903157,2265.7578240000003,90.6677,68.5314,0.0,0.0,0.0,0.0,6253.3277100000005,379.476118,0.0,837.6816,8.976616756314977e-14,14041.897560000001,5.782864678054025e-13,0.0,2819.418525,0.0,234.04753399999996,25.11,3594.00132,10203.113592,-8.886950937056813e-13,7364.932450000001,1071.193685,1777.5079269999999,-1.8193036055436096e-13,-7.284757648764069e-13,0.0,11701.508844000002,53205.2463274531,4.937674766836153e-13,0.0,-4.794906858229809e-12,3649.87161,76709.988,0.0,199186.4512581839,9741.637602,68255.22693599999,1848.961816,2.7132442426136556e-13,0.0,-2.337761131343541e-13,0.0,0.0,0.0,0.0,0.0,0.0,0.0,0.0,0.0,0.0,0.0,0.0,0.0,0.0,0.0,0.0,0.0,0.0,0.0,0.0,0.0,0.0,0.0,0.0,0.0,5760.374603400772,0.0,0.0,0.0,0.0,0.0,0.0,0.0,0.0,0.0,0.0,0.0,5538.742355816877,0.0,0.0,0.0,0.0,13443.220594194367,0.0,0.0,0.0
t65,5483.76,1426.126365139858,32478.106891999996,2216.9659119999997,0.0,8789.738104903157,2265.7578240000003,90.6677,68.5314,0.0,0.0,0.0,0.0,6253.3277100000005,379.476118,0.0,837.6816,8.976616756314977e-14,14041.897560000001,5.782864678054025e-13,0.0,2819.418525,0.0,234.04753399999996,25.11,3594.00132,10203.113592,-8.886950937056813e-13,7364.932450000001,1071.193685,1777.5079269999999,-1.8193036055436096e-13,-7.284757648764069e-13,0.0,11701.508844000002,58452.61891046283,4.937674766836153e-13,0.0,-4.794906858229809e-12,3649.87161,76709.988,0.0,283642.2390631923,9741.637602,68255.22693599999,1848.961816,2.7132442426136556e-13,0.0,-2.337761131343541e-13,0.0,0.0,0.0,0.0,0.0,0.0,0.0,0.0,0.0,0.0,0.0,0.0,0.0,0.0,0.0,0.0,0.0,0.0,0.0,0.0,0.0,0.0,0.0,0.0,0.0,6857.588813572346,0.0,0.0,0.0,0.0,0.0,0.0,0.0,0.0,0.0,0.0,0.0,5538.742355816877,0.0,0.0,0.0,0.0,13443.220594194367,0.0,0.0,0.0
t66,5483.76,1426.126365139858,32478.106891999996,2216.9659119999997,0.0,8789.738104903157,2265.7578240000003,90.6677,68.5314,0.0,0.0,0.0,0.0,6253.3277100000005,379.476118,0.0,837.6816,8.976616756314977e-14,14041.897560000001,5.782864678054025e-13,0.0,3334.1790041996533,0.0,234.04753399999996,25.11,3594.00132,10203.113592,-8.886950937056813e-13,7364.932450000001,1071.193685,1777.5079269999999,-1.8193036055436096e-13,-7.284757648764069e-13,0.0,11701.508844000002,46983.01214818214,4.937674766836153e-13,0.0,-4.794906858229809e-12,3649.87161,76709.988,0.0,295127.5918265731,9741.637602,68255.22693599999,1848.961816,2.7132442426136556e-13,0.0,-2.337761131343541e-13,0.0,0.0,0.0,0.0,0.0,0.0,0.0,0.0,0.0,0.0,0.0,0.0,0.0,0.0,0.0,0.0,0.0,0.0,0.0,0.0,0.0,0.0,0.0,0.0,0.0,6857.588813572346,0.0,0.0,0.0,0.0,0.0,0.0,0.0,0.0,0.0,0.0,0.0,5538.742355816877,0.0,0.0,0.0,0.0,13443.220594194367,0.0,0.0,0.0
t67,5483.76,1426.126365139858,32478.106891999996,2216.9659119999997,0.0,8789.738104903157,2265.7578240000003,90.6677,244.49040000000002,0.0,0.0,0.0,0.0,6253.3277100000005,379.476118,0.0,837.6816,0.0,14588.18847713001,4.877043195961051e-13,0.0,5173.245,0.0,234.04753399999996,25.11,3594.00132,10203.113592,-8.886950937056813e-13,7364.932450000001,1071.193685,1777.5079269999999,-1.8193036055436096e-13,-7.284757648764069e-13,0.0,11701.508844000002,52306.62134289385,4.937674766836153e-13,0.0,-4.794906858229809e-12,3649.87161,76709.988,0.0,317942.664,9741.637602,68255.22693599999,1848.961816,2.7132442426136556e-13,0.0,-2.337761131343541e-13,0.0,0.0,0.0,0.0,0.0,0.0,0.0,0.0,0.0,0.0,0.0,0.0,0.0,0.0,0.0,0.0,0.0,0.0,0.0,0.0,0.0,0.0,0.0,0.0,0.0,6857.588813572346,0.0,0.0,0.0,0.0,0.0,0.0,0.0,0.0,0.0,0.0,0.0,5538.742355816877,0.0,0.0,0.0,0.0,30448.15141879635,0.0,0.0,0.0
t68,5483.76,1426.126365139858,50077.897640491334,2216.9659119999997,0.0,8789.738104903157,2265.7578240000003,90.6677,308.7,0.0,0.0,0.0,0.0,6253.3277100000005,379.476118,0.0,837.6816,8.976616756314977e-14,22860.019107112188,4.877043195961051e-13,0.0,5173.245,0.0,234.04753399999996,25.11,3594.00132,10203.113592,-8.886950937056813e-13,7364.932450000001,1071.193685,1777.5079269999999,-1.8193036055436096e-13,-7.284757648764069e-13,0.0,11701.508844000002,49125.85363588372,4.937674766836153e-13,0.0,-4.794906858229809e-12,3649.87161,76709.988,0.0,317942.664,9741.637602,68255.22693599999,1848.961816,2.612061411222613e-12,0.0,-2.337761131343541e-13,0.0,0.0,0.0,0.0,0.0,0.0,0.0,0.0,0.0,0.0,0.0,0.0,0.0,0.0,0.0,0.0,0.0,0.0,0.0,0.0,0.0,0.0,0.0,0.0,0.0,6857.588813572346,0.0,0.0,0.0,0.0,0.0,0.0,0.0,0.0,0.0,0.0,0.0,5538.742355816877,0.0,0.0,0.0,0.0,67216.10297097183,0.0,0.0,0.0
t69,5483.76,1426.126365139858,51573.480495650336,2216.9659119999997,0.0,8789.738104903157,2265.7578240000003,90.6677,308.7,0.0,0.0,0.0,0.0,6253.3277100000005,379.476118,0.0,837.6816,8.976616756314977e-14,26003.514,5.782864678054025e-13,0.0,5173.245,0.0,234.04753399999996,25.11,4488.033963863746,10203.113592,0.0,7364.932450000001,1071.193685,4048.993,-1.8193036055436096e-13,-7.284757648764069e-13,0.0,11701.508844000002,41273.446050000006,4.937674766836153e-13,0.0,-3.066122088773013e-12,3649.87161,76709.988,0.0,317942.664,9741.637602,68255.22693599999,1848.961816,2.612061411222613e-12,0.0,-2.337761131343541e-13,0.0,0.0,0.0,0.0,0.0,0.0,0.0,0.0,0.0,0.0,0.0,0.0,0.0,0.0,0.0,0.0,0.0,0.0,0.0,0.0,0.0,0.0,0.0,0.0,0.0,6857.588813572346,0.0,0.0,0.0,0.0,0.0,0.0,0.0,0.0,0.0,0.0,0.0,5538.742355816877,0.0,0.0,0.0,0.0,67216.10297097183,0.0,0.0,0.0
t70,5483.76,1426.126365139858,51318.98616020507,2216.9659119999997,0.0,8789.738104903157,2265.7578240000003,90.6677,308.7,0.0,0.0,0.0,0.0,6253.3277100000005,379.476118,0.0,837.6816,8.976616756314977e-14,19445.04321723819,4.877043195961051e-13,0.0,5173.245,0.0,234.04753399999996,25.11,3594.00132,10203.113592,-8.886950937056813e-13,7364.932450000001,1071.193685,3452.698193359122,-1.8193036055436096e-13,-9.735717476644368e-13,0.0,11701.508844000002,41273.446050000006,4.937674766836153e-13,0.0,-3.066122088773013e-12,3649.87161,76709.988,0.0,317942.664,9741.637602,68255.22693599999,1848.961816,2.612061411222613e-12,0.0,-2.337761131343541e-13,0.0,0.0,0.0,0.0,0.0,0.0,0.0,0.0,0.0,0.0,0.0,0.0,0.0,0.0,0.0,0.0,0.0,0.0,0.0,0.0,0.0,0.0,0.0,0.0,0.0,6857.588813572346,0.0,0.0,0.0,0.0,0.0,0.0,0.0,0.0,0.0,0.0,0.0,5538.742355816877,0.0,0.0,0.0,0.0,67216.10297097183,0.0,0.0,0.0
t71,5483.76,1426.126365139858,32478.106891999996,2216.9659119999997,0.0,8789.738104903157,2265.7578240000003,90.6677,308.7,0.0,0.0,0.0,0.0,6253.3277100000005,379.476118,0.0,837.6816,8.976616756314977e-14,20571.818570990745,4.877043195961051e-13,0.0,5173.245,0.0,234.04753399999996,25.11,3594.00132,10203.113592,-8.886950937056813e-13,7364.932450000001,1071.193685,1777.5079269999999,-1.8193036055436096e-13,-7.284757648764069e-13,0.0,11701.508844000002,41273.446050000006,4.937674766836153e-13,0.0,-3.066122088773013e-12,3649.87161,76709.988,0.0,317942.664,9741.637602,75967.86033817855,1848.961816,2.7132442426136556e-13,0.0,-2.337761131343541e-13,0.0,0.0,0.0,0.0,0.0,0.0,0.0,0.0,0.0,0.0,0.0,0.0,0.0,0.0,0.0,0.0,0.0,0.0,0.0,0.0,0.0,0.0,0.0,0.0,0.0,6857.588813572346,0.0,0.0,0.0,0.0,0.0,0.0,0.0,0.0,0.0,0.0,0.0,5538.742355816877,0.0,0.0,0.0,0.0,67216.10297097183,0.0,0.0,0.0
t72,5483.76,1426.126365139858,32478.106891999996,2216.9659119999997,0.0,8789.738104903157,2265.7578240000003,90.6677,244.49040000000002,1.1373442632134355e-13,0.0,0.0,0.0,6253.3277100000005,379.476118,0.0,837.6816,8.976616756314977e-14,14041.897560000001,5.782864678054025e-13,0.0,3682.690172168217,0.0,234.04753399999996,25.11,3594.00132,10203.113592,-8.886950937056813e-13,7364.932450000001,1071.193685,1777.5079269999999,-1.8193036055436096e-13,-7.284757648764069e-13,0.0,11701.508844000002,41273.446050000006,4.937674766836153e-13,0.0,-3.066122088773013e-12,3649.87161,76709.988,0.0,317942.664,9741.637602,68255.22693599999,1848.961816,2.7132442426136556e-13,0.0,-2.337761131343541e-13,0.0,0.0,0.0,0.0,0.0,0.0,0.0,0.0,0.0,0.0,0.0,0.0,0.0,0.0,0.0,0.0,0.0,0.0,0.0,0.0,0.0,0.0,0.0,0.0,0.0,6857.588813572346,0.0,0.0,0.0,0.0,0.0,0.0,0.0,0.0,0.0,0.0,0.0,5538.742355816877,0.0,0.0,0.0,0.0,56461.52649561633,0.0,0.0,0.0
